ticket_id,true_category,channel,priority,created_at,first_dept,reassign_count,manual_triage,triage_hours,pause_hours,reopened,escalated,reminder_sent,final_status,resolved_final,net_resolution_hours,sla_met
TKT-100001,Hostel & Maintenance,email,Medium,2026-07-27 13:44:08,Hostel & Maintenance,0,True,0.4023934241666667,0.0,False,False,False,Closed,2026-07-29 19:21:15.834784,53.61884299555556,True
TKT-100002,Academics & Exams,portal,Low,2026-07-27 13:09:59,Fees & Finance,1,False,0.20739089194444443,0.0,False,True,True,Closed,2026-08-05 09:00:00.000000,211.8336111111111,False
TKT-100003,Hostel & Maintenance,portal,Medium,2026-07-27 12:44:32,Hostel & Maintenance,0,False,0.23405303444444445,0.0,False,True,True,Closed,2026-07-30 13:55:49.913485,73.1883093013889,False
TKT-100004,Fees & Finance,portal,Low,2026-07-27 09:44:02,Fees & Finance,0,True,1.0784394952777778,29.08021360152942,False,True,False,Closed,2026-07-31 09:00:00.000000,66.1858975095817,True
TKT-100005,IT Support,portal,Medium,2026-07-27 23:45:01,Library,1,False,0.22212249444444446,40.962186297717786,False,True,False,Closed,2026-07-31 10:32:19.673915,41.82633423422666,True
TKT-100006,Academics & Exams,portal,Medium,2026-07-27 09:27:37,Academics & Exams,0,True,2.8203647691666665,0.0,False,True,False,Closed,2026-07-29 13:31:10.071696,52.059186582222225,True
TKT-100007,Fees & Finance,portal,Low,2026-07-27 11:24:12,Fees & Finance,0,False,0.06290844055555556,0.0,False,True,True,Closed,2026-08-03 16:14:12.763853,172.83354551472223,False
TKT-100008,IT Support,portal,Medium,2026-07-27 17:08:27,IT Support,0,False,0.22176757305555556,0.0,False,False,False,Closed,2026-07-28 09:25:44.864267,16.28829562972222,True
TKT-100009,IT Support,email,High,2026-07-27 17:10:52,IT Support,0,True,0.027344342222222224,4.231161916740679,False,False,False,Closed,2026-07-29 10:09:10.826063,36.740734211870425,False
TKT-100010,Hostel & Maintenance,portal,Medium,2026-07-27 22:12:34,Hostel & Maintenance,0,True,12.241341064722222,0.0,False,False,False,Closed,2026-07-29 18:51:48.509884,44.65403052333333,True
TKT-100011,IT Support,email,Medium,2026-07-27 15:25:25,IT Support,0,True,19.964093106388887,0.0,False,False,False,Closed,2026-07-29 11:02:19.054997,43.61501527694445,True
TKT-100012,IT Support,portal,Medium,2026-07-27 20:58:36,IT Support,0,False,0.019092890277777778,0.0,True,False,False,Closed,2026-07-31 09:12:49.963486,84.23721207944445,False
TKT-100013,Hostel & Maintenance,portal,Low,2026-07-27 18:38:29,Hostel & Maintenance,0,True,15.554237379166667,5.564881885930222,False,False,False,Closed,2026-07-29 09:49:42.314711,33.62214997823645,True
TKT-100014,Fees & Finance,portal,High,2026-07-27 19:09:07,Fees & Finance,0,False,0.06565133972222222,0.0,False,True,True,Closed,2026-07-30 13:02:41.846297,65.89301286027778,False
TKT-100015,Hostel & Maintenance,portal,Medium,2026-07-27 13:31:50,Hostel & Maintenance,0,False,0.020211024444444444,0.0,False,False,False,Closed,2026-07-28 13:02:14.562248,23.50682284666667,True
TKT-100016,IT Support,portal,Low,2026-07-27 18:00:17,IT Support,0,False,0.03143284777777778,0.0,False,False,False,Closed,2026-07-28 15:21:13.152619,21.348931283055556,True
TKT-100017,Fees & Finance,portal,Medium,2026-07-27 15:19:58,Library,1,False,0.03961249555555556,0.0,False,False,False,Closed,2026-07-29 13:23:33.201598,46.05977822166667,True
TKT-100018,IT Support,walk_in,Medium,2026-07-27 17:45:53,IT Support,0,False,0.10550902749999999,0.0,False,False,False,Closed,2026-07-28 13:18:56.745760,19.55104048888889,True
TKT-100019,IT Support,portal,Low,2026-07-27 22:40:02,IT Support,0,False,0.036712077777777775,0.0,False,False,False,Closed,2026-07-29 08:16:29.037332,33.60751037,True
TKT-100020,Hostel & Maintenance,portal,Medium,2026-07-27 21:49:28,Hostel & Maintenance,0,False,0.20364070944444443,0.0,False,False,False,Closed,2026-07-28 16:26:11.134820,18.611981894444448,True
TKT-100021,IT Support,walk_in,Low,2026-07-27 15:21:43,IT Support,0,False,0.07349932972222221,0.0,False,False,False,Closed,2026-07-28 10:25:53.832217,19.069675615833333,True
TKT-100022,IT Support,email,Medium,2026-07-27 17:27:20,IT Support,0,True,19.201605372777777,0.0,False,False,False,Closed,2026-07-29 12:16:05.009258,42.81250257166667,True
TKT-100023,Fees & Finance,portal,High,2026-07-27 20:31:22,Fees & Finance,0,False,0.18385937861111112,0.0,False,True,True,Closed,2026-07-31 09:00:00.000000,84.47722222222222,False
TKT-100024,Fees & Finance,portal,Medium,2026-07-27 15:31:47,Fees & Finance,0,False,0.039158480277777775,0.0,False,True,True,Closed,2026-07-30 10:45:59.820584,67.23689460666667,True
TKT-100025,Library,portal,High,2026-07-27 14:39:06,Library,0,True,0.0840940575,0.0,False,False,False,Closed,2026-07-28 13:00:33.829828,22.357730507777777,True
TKT-100026,Fees & Finance,portal,Low,2026-07-27 17:41:44,Fees & Finance,0,False,0.06220031805555556,14.506388515532784,False,True,False,Closed,2026-07-30 13:53:37.007198,53.69166903946722,True
TKT-100027,Hostel & Maintenance,portal,Medium,2026-07-27 19:42:42,Hostel & Maintenance,0,False,0.2133111997222222,0.0,False,True,False,Closed,2026-07-31 08:00:00.000000,84.28833333333333,False
TKT-100028,IT Support,portal,Low,2026-07-27 08:12:49,Fees & Finance,1,False,0.16493349694444445,0.0,False,True,False,Closed,2026-07-30 08:00:00.000000,71.7863888888889,True
TKT-100029,Hostel & Maintenance,portal,Low,2026-07-27 18:49:18,Library,1,True,14.25864986388889,5.240587941243078,False,True,False,Closed,2026-07-31 08:00:00.000000,79.93774539209025,True
TKT-100030,Hostel & Maintenance,portal,Medium,2026-07-28 12:14:27,Hostel & Maintenance,0,False,0.17254639666666666,12.633311986295256,False,True,False,Closed,2026-07-31 10:05:53.717617,57.22410957398252,True
TKT-100031,Library,portal,Medium,2026-07-28 08:32:44,Library,0,False,0.0971554275,0.0,False,False,False,Closed,2026-07-28 12:24:23.735637,3.8610376769444446,True
TKT-100032,Hostel & Maintenance,portal,Medium,2026-07-28 12:37:40,Hostel & Maintenance,0,False,0.04192043527777778,0.0,False,False,False,Closed,2026-07-29 15:35:57.422176,26.971506159999997,True
TKT-100033,Academics & Exams,portal,High,2026-07-28 20:57:03,Academics & Exams,0,False,0.030890277777777777,0.0,False,True,True,Closed,2026-08-03 09:00:00.000000,132.04916666666668,False
TKT-100034,Academics & Exams,portal,Low,2026-07-28 22:34:27,Academics & Exams,0,True,17.190662301944446,37.14346296850559,False,True,False,Closed,2026-08-04 09:00:00.000000,117.28237036482776,True
TKT-100035,Hostel & Maintenance,portal,High,2026-07-28 23:46:31,Hostel & Maintenance,0,False,0.11743120027777777,0.0,False,False,False,Closed - No Response,,,
TKT-100036,Fees & Finance,portal,Medium,2026-07-28 19:15:06,Fees & Finance,0,False,0.09423019777777777,7.289842698985228,False,True,True,Closed,2026-07-31 11:38:36.810452,57.102049093237,True
TKT-100037,Hostel & Maintenance,portal,Low,2026-07-28 15:42:37,Hostel & Maintenance,0,False,0.15029763166666665,0.0,False,False,False,Closed,2026-07-29 10:35:14.068040,18.876963344444444,True
TKT-100038,IT Support,email,Medium,2026-07-28 18:11:41,IT Support,0,True,21.55782701472222,0.0,False,False,False,Closed,2026-07-30 10:55:25.585506,40.72905152944445,True
TKT-100039,Library,portal,Medium,2026-07-28 13:52:58,Library,0,False,0.10595295083333334,0.0,False,False,False,Closed,2026-07-29 17:04:04.748758,27.185207988333335,True
TKT-100040,Fees & Finance,portal,High,2026-07-28 08:36:30,Fees & Finance,0,False,0.07382886722222223,6.918673826869421,False,True,False,Closed,2026-07-31 09:00:00.000000,65.47299283979724,False
TKT-100041,Hostel & Maintenance,portal,Medium,2026-07-28 10:52:10,Hostel & Maintenance,0,False,0.15948585944444443,0.0,False,False,False,Closed,2026-07-30 10:20:07.452055,47.46595890416667,True
TKT-100042,Library,email,Medium,2026-07-28 08:05:16,Library,0,True,3.065688416111111,0.0,False,False,True,Closed,2026-07-29 17:49:39.124617,33.739756838055555,True
TKT-100043,Hostel & Maintenance,portal,Medium,2026-07-28 23:23:25,Hostel & Maintenance,0,False,0.10047637138888889,6.090975972943099,False,True,False,Closed,2026-07-31 11:55:35.517470,54.445278879834675,True
TKT-100044,IT Support,portal,High,2026-07-28 20:12:08,IT Support,0,True,14.836239670277777,3.10404624863162,False,False,False,Closed,2026-07-30 11:15:02.695930,35.9444803985906,False
TKT-100045,Hostel & Maintenance,portal,Medium,2026-07-28 18:24:20,Hostel & Maintenance,0,False,0.17897746222222222,0.0,False,False,False,Closed,2026-07-29 19:21:22.834945,24.95078748472222,True
TKT-100046,Hostel & Maintenance,portal,Low,2026-07-28 14:09:18,Hostel & Maintenance,0,True,1.3011606969444445,0.0,False,True,False,Closed,2026-07-31 12:50:09.804517,70.68105681027778,True
TKT-100047,Hostel & Maintenance,email,Medium,2026-07-28 22:29:21,Hostel & Maintenance,0,True,14.957556796666667,0.0,False,True,True,Closed,2026-08-07 18:01:35.270304,235.53729730666666,False
TKT-100048,Fees & Finance,portal,Low,2026-07-28 10:39:39,Fees & Finance,0,False,0.036882478333333336,0.0,False,True,True,Closed,2026-08-03 09:00:00.000000,142.33916666666667,False
TKT-100049,IT Support,email,Low,2026-07-28 12:16:02,IT Support,0,True,0.4074864933333333,0.0,False,False,False,Closed,2026-07-28 18:56:23.373011,6.6726036141666665,True
TKT-100050,Academics & Exams,portal,Medium,2026-07-28 11:14:22,Academics & Exams,0,True,5.110520176944444,0.0,False,False,False,Closed,2026-07-31 09:43:41.852118,70.48884781055555,True
TKT-100051,Hostel & Maintenance,portal,Medium,2026-07-28 21:11:05,Hostel & Maintenance,0,False,0.1321313311111111,0.0,False,False,False,Closed,2026-07-30 17:26:12.429296,44.25206369333333,True
TKT-100052,Hostel & Maintenance,portal,Medium,2026-07-28 22:57:06,Hostel & Maintenance,0,False,0.046778081944444445,0.0,False,True,True,Closed,2026-08-03 08:00:00.000000,129.04833333333335,False
TKT-100053,Fees & Finance,email,Medium,2026-07-28 11:49:27,Library,2,True,0.20946607972222223,0.0,False,True,False,Closed,2026-08-06 12:53:49.855441,217.07301540027777,False
TKT-100054,Library,portal,Medium,2026-07-29 18:12:31,Library,0,False,0.06400808555555557,0.0,False,False,False,Closed,2026-07-30 16:08:26.334045,21.93203723472222,True
TKT-100055,IT Support,portal,Medium,2026-07-29 08:54:01,IT Support,0,False,0.11971198361111111,0.0,False,False,False,Closed,2026-07-29 18:37:37.668986,9.72685249611111,True
TKT-100056,Hostel & Maintenance,portal,Low,2026-07-29 12:52:51,Hostel & Maintenance,0,True,1.3204225088888888,0.0,False,True,True,Closed,2026-08-04 08:00:00.000000,139.11916666666667,False
TKT-100057,IT Support,email,Medium,2026-07-29 15:50:05,IT Support,0,True,1.6324260330555556,0.0,False,False,False,Closed,2026-08-01 15:40:18.674684,71.83713185666667,True
TKT-100058,Fees & Finance,walk_in,Low,2026-07-29 14:59:52,Fees & Finance,0,False,0.021460041388888886,0.0,False,True,True,Closed,2026-08-04 09:00:00.000000,138.00222222222223,False
TKT-100059,Academics & Exams,email,High,2026-07-29 12:15:15,Academics & Exams,0,True,21.7677386775,0.0,False,True,False,Closed,2026-08-04 16:04:58.243180,147.8286786611111,False
TKT-100060,Hostel & Maintenance,portal,Medium,2026-07-29 08:54:13,Hostel & Maintenance,0,False,0.03617458972222222,0.0,True,True,False,Closed,2026-08-07 11:42:34.740930,218.8060391472222,False
TKT-100061,Academics & Exams,portal,Medium,2026-07-29 20:01:41,Academics & Exams,0,False,0.04422945277777778,0.0,False,True,False,Closed,2026-08-04 09:00:00.000000,132.97194444444443,False
TKT-100062,IT Support,portal,Low,2026-07-29 10:20:28,IT Support,0,False,0.07596886722222224,0.0,False,False,False,Closed,2026-07-30 13:33:41.664088,27.220462246666667,True
TKT-100063,IT Support,portal,Medium,2026-07-29 13:51:33,IT Support,0,False,0.04130778444444444,0.0,False,False,False,Closed - No Response,,,
TKT-100064,IT Support,email,Medium,2026-07-29 20:56:14,IT Support,0,True,12.894176276666666,6.238988032727228,False,False,False,Closed,2026-07-31 14:53:33.029091,35.716297825883885,True
TKT-100065,IT Support,portal,Medium,2026-07-29 07:00:42,IT Support,0,False,0.03346567888888889,0.0,False,False,False,Closed,2026-07-29 12:15:44.597789,5.250721608055556,True
TKT-100066,Hostel & Maintenance,portal,Medium,2026-07-29 17:30:31,Hostel & Maintenance,0,True,15.71768916361111,0.0,False,True,True,Closed,2026-08-03 13:28:09.424535,115.96067348194444,False
TKT-100067,Academics & Exams,email,Low,2026-07-29 14:57:35,Academics & Exams,0,True,0.809494001111111,0.0,False,True,True,Closed,2026-08-04 09:00:00.000000,138.0402777777778,False
TKT-100068,Library,portal,Medium,2026-07-29 11:17:37,Library,0,False,0.14070204916666668,5.415860319206389,False,False,False,Closed,2026-07-31 09:52:39.859575,41.16826734051584,True
TKT-100069,Fees & Finance,portal,Low,2026-07-29 07:29:15,Fees & Finance,0,False,0.21595287861111112,0.0,True,True,True,Closed,2026-08-04 14:30:07.305335,151.01452925972222,False
TKT-100070,Fees & Finance,portal,Medium,2026-07-29 15:46:27,Library,2,False,0.11894520583333333,0.0,False,True,False,Closed,2026-08-04 09:00:00.000000,137.22583333333333,False
TKT-100071,Fees & Finance,portal,Medium,2026-07-29 13:24:04,Fees & Finance,0,False,0.12237276000000001,0.0,False,True,True,Closed,2026-08-04 09:00:00.000000,139.5988888888889,False
TKT-100072,Library,portal,Low,2026-07-29 19:45:31,Library,0,False,0.09555330222222223,3.355264254015982,False,False,False,Closed,2026-07-30 16:57:54.791368,17.851344459317353,True
TKT-100073,Hostel & Maintenance,portal,Low,2026-07-29 07:10:46,Hostel & Maintenance,0,False,0.19042793944444444,6.303764205244166,False,False,False,Closed,2026-07-30 09:26:44.692570,19.962539286422498,True
TKT-100074,Fees & Finance,portal,Medium,2026-07-29 23:53:53,Fees & Finance,0,False,0.03527888333333333,13.482357773951328,False,True,False,Closed,2026-08-03 13:40:38.256407,96.296880116882,False
TKT-100075,Hostel & Maintenance,portal,Medium,2026-07-30 15:20:18,Hostel & Maintenance,0,False,0.1755587952777778,0.0,False,False,True,Closed,2026-08-01 14:14:09.265513,46.897573753611105,True
TKT-100076,Fees & Finance,portal,Low,2026-07-30 09:58:03,Library,1,False,0.11597166583333333,12.101008757282246,False,True,False,Closed,2026-08-10 09:00:00.000000,250.93149124271778,False
TKT-100077,Hostel & Maintenance,email,Medium,2026-07-30 18:48:53,Hostel & Maintenance,0,True,17.003484418611112,0.0,False,False,False,Closed,2026-08-01 17:38:16.720580,46.823255716666665,True
TKT-100078,IT Support,email,Medium,2026-07-30 12:35:02,IT Support,0,True,2.2958268383333333,0.0,False,False,False,Closed,2026-07-31 13:45:16.031425,25.17056428472222,True
TKT-100079,Hostel & Maintenance,portal,Low,2026-07-30 14:30:32,Hostel & Maintenance,0,False,0.1835723738888889,0.0,True,False,False,Closed,2026-08-01 15:28:42.318388,48.96953288555556,True
TKT-100080,IT Support,portal,Medium,2026-07-30 21:43:17,IT Support,0,False,0.14846321527777778,0.0,False,False,False,Closed,2026-07-31 14:02:34.984192,16.321662275555557,True
TKT-100081,Hostel & Maintenance,portal,Low,2026-07-30 11:50:57,IT Support,1,True,5.577928863888889,0.0,False,False,False,Closed - No Response,,,
TKT-100082,Fees & Finance,portal,Low,2026-07-30 19:09:50,Fees & Finance,0,False,0.22703400972222224,0.0,False,True,False,Closed,2026-08-04 09:00:00.000000,109.83611111111111,True
TKT-100083,IT Support,portal,Medium,2026-07-30 01:44:23,IT Support,0,False,0.02295167861111111,0.0,False,False,False,Closed,2026-07-30 09:37:19.018302,7.882227306111111,True
TKT-100084,Hostel & Maintenance,portal,Medium,2026-07-30 09:12:31,Hostel & Maintenance,0,False,0.07008454722222222,2.4942080426814295,False,True,False,Closed,2026-08-07 15:45:10.337517,196.05005237870748,False
TKT-100085,Hostel & Maintenance,portal,Medium,2026-07-30 20:53:53,Hostel & Maintenance,0,False,0.08044677083333333,0.0,False,False,False,Closed,2026-08-01 16:26:46.471845,43.54818662361111,True
TKT-100086,Hostel & Maintenance,portal,Low,2026-07-30 15:14:47,IT Support,1,False,0.20544413388888888,0.0,False,True,False,Closed,2026-08-03 14:04:53.804296,94.83522341555555,True
TKT-100087,Fees & Finance,portal,Medium,2026-07-30 20:29:46,Fees & Finance,0,False,0.019057250833333334,0.0,False,True,True,Closed,2026-08-04 09:00:00.000000,108.5038888888889,False
TKT-100088,Library,email,Medium,2026-07-30 12:20:26,Library,0,True,2.18575283,0.0,False,False,False,Closed,2026-07-31 16:20:40.809771,28.004113825277777,True
TKT-100089,Library,portal,Medium,2026-07-30 20:13:17,Library,0,False,0.12179273305555556,0.0,False,False,False,Closed,2026-07-31 17:36:26.990337,21.386108426944443,True
TKT-100090,Fees & Finance,email,High,2026-07-30 10:36:25,Fees & Finance,0,True,3.7945021072222223,0.0,False,True,True,Closed,2026-08-07 16:27:59.476494,197.85957680388887,False
TKT-100091,IT Support,portal,Low,2026-07-30 17:51:50,Academics & Exams,1,False,0.0770656861111111,4.633755133336997,False,False,False,Closed,2026-08-03 08:54:03.788096,82.403408226663,True
TKT-100092,IT Support,walk_in,Medium,2026-07-31 13:19:20,IT Support,0,False,0.14354605833333334,0.0,False,False,False,Closed,2026-07-31 17:50:26.354578,4.518431827222222,True
TKT-100093,Academics & Exams,portal,Medium,2026-07-31 17:58:36,Academics & Exams,0,False,0.06231824861111111,0.0,False,True,True,Closed,2026-08-10 09:00:00.000000,231.02333333333334,False
TKT-100094,Hostel & Maintenance,email,Medium,2026-07-31 16:42:35,Hostel & Maintenance,0,True,16.35916670388889,0.0,False,True,False,Closed,2026-08-06 10:17:02.766737,137.57437964916667,False
TKT-100095,IT Support,portal,Medium,2026-07-31 07:45:33,IT Support,0,False,0.21733888277777777,7.681523494899953,False,False,False,Closed,2026-08-01 12:20:07.214816,20.89464728732227,True
TKT-100096,IT Support,walk_in,Low,2026-07-31 09:54:43,IT Support,0,False,0.0439009975,0.0,False,False,False,Closed,2026-08-01 10:22:25.906211,24.461918391944444,True
TKT-100097,Academics & Exams,email,Medium,2026-07-31 17:01:04,Academics & Exams,0,True,16.779971863055554,8.13669541247062,False,True,True,Closed,2026-08-04 09:00:00.000000,79.8455268097516,False
TKT-100098,IT Support,portal,Medium,2026-07-31 14:39:40,Library,1,False,0.09816286444444444,0.0,False,True,False,Closed,2026-08-03 12:13:29.486567,69.56374626861111,True
TKT-100099,Hostel & Maintenance,portal,Medium,2026-07-31 08:43:21,Hostel & Maintenance,0,False,0.04701938777777778,0.0,False,False,False,Closed,2026-08-01 09:10:46.659671,24.45712768638889,True
TKT-100100,IT Support,email,Medium,2026-07-31 18:16:08,IT Support,0,True,17.077195625555557,4.969946067543068,False,True,False,Closed,2026-08-03 12:30:22.844818,61.26751082634582,True
TKT-100101,Hostel & Maintenance,portal,Low,2026-07-31 13:46:24,Hostel & Maintenance,0,False,0.04444763361111111,0.0,False,False,False,Closed - No Response,,,
TKT-100102,Academics & Exams,email,Medium,2026-07-31 10:13:44,Academics & Exams,0,True,0.6840652961111111,0.0,True,True,False,Closed,2026-08-06 10:57:06.146782,144.72281855055556,False
TKT-100103,IT Support,portal,Medium,2026-07-31 14:19:12,IT Support,0,False,0.19137527944444443,5.094967909542623,False,False,False,Closed,2026-08-01 09:13:29.431335,13.809874127957377,True
TKT-100104,Hostel & Maintenance,portal,Medium,2026-07-31 09:52:00,IT Support,1,False,0.22201306638888887,0.0,False,True,False,Closed,2026-08-03 13:11:07.128842,75.31864690055555,False
TKT-100105,Fees & Finance,email,High,2026-07-31 22:17:32,Fees & Finance,0,True,13.32859072361111,0.0,True,True,True,Closed,2026-08-06 12:28:42.345798,134.1862071661111,False
TKT-100106,Hostel & Maintenance,email,Medium,2026-07-31 14:39:15,Hostel & Maintenance,0,True,19.80314189388889,4.1454937821179865,False,True,False,Closed,2026-08-03 13:32:42.154877,66.74538257260424,True
TKT-100107,Hostel & Maintenance,portal,Medium,2026-07-31 18:34:11,Hostel & Maintenance,0,True,17.104270664444442,22.454963623936834,False,True,False,Closed,2026-08-05 16:56:08.595452,95.91103511272982,False
TKT-100108,Hostel & Maintenance,portal,High,2026-07-31 19:57:41,Hostel & Maintenance,0,False,0.10796515861111111,0.0,False,True,False,Closed,2026-08-04 08:00:00.000000,84.03861111111111,False
TKT-100109,Hostel & Maintenance,portal,High,2026-07-31 22:28:33,Hostel & Maintenance,0,False,0.22298234305555556,14.844386894350222,False,True,True,Closed,2026-08-05 08:00:00.000000,90.67977977231645,False
TKT-100110,Library,portal,Medium,2026-07-31 22:06:06,Library,0,False,0.24560954694444445,8.106556546466544,False,True,False,Closed,2026-08-03 10:05:39.125605,51.88597834381124,True
TKT-100111,Academics & Exams,email,Low,2026-07-31 14:02:22,Academics & Exams,0,True,2.7536551547222223,0.0,False,True,True,Closed,2026-08-04 09:00:00.000000,90.96055555555556,True
TKT-100112,Fees & Finance,email,Low,2026-07-31 19:36:20,Fees & Finance,0,True,17.181284452222222,0.0,True,True,True,Closed,2026-08-05 15:30:45.355050,115.90704306944444,True
TKT-100113,Hostel & Maintenance,walk_in,Medium,2026-07-31 09:42:00,Hostel & Maintenance,0,False,0.23016186416666667,0.0,False,False,False,Closed,2026-08-01 15:17:20.049125,29.588902534722223,True
TKT-100114,Academics & Exams,portal,Medium,2026-07-31 12:22:58,Academics & Exams,0,False,0.06665969194444445,0.0,False,True,True,Closed,2026-08-05 09:28:23.719808,117.09047772444445,False
TKT-100115,Hostel & Maintenance,portal,Medium,2026-07-31 10:47:56,Fees & Finance,2,False,0.22934701444444447,9.84419775060007,False,True,True,Closed,2026-08-08 09:03:59.293266,180.4233837121777,False
TKT-100116,Hostel & Maintenance,email,Medium,2026-07-31 10:01:39,Hostel & Maintenance,0,True,2.352968621388889,37.573825792645714,False,True,False,Closed,2026-08-03 14:01:58.502542,38.43159158013206,True
TKT-100117,IT Support,email,Medium,2026-07-31 13:54:07,IT Support,0,True,19.412519088055557,0.0,False,False,False,Closed,2026-08-01 17:57:06.327069,28.049813074722223,True
TKT-100118,Academics & Exams,email,Medium,2026-07-31 14:39:35,Academics & Exams,0,True,1.0221762866666666,0.0,False,True,True,Closed,2026-08-03 13:49:16.695499,71.16158208305555,True
TKT-100119,Fees & Finance,portal,Medium,2026-07-31 11:40:16,Hostel & Maintenance,1,False,0.17799743833333334,0.0,False,True,False,Closed,2026-08-06 09:00:00.000000,141.32888888888888,False
TKT-100120,Hostel & Maintenance,email,Medium,2026-07-31 14:51:10,Hostel & Maintenance,0,True,18.469367823888888,0.0,False,True,True,Closed,2026-08-05 10:09:28.264259,115.30507340527778,False
TKT-100121,Fees & Finance,walk_in,Medium,2026-08-01 12:14:00,Fees & Finance,0,False,0.1515424911111111,0.0,False,True,True,Closed,2026-08-04 12:42:44.660299,72.47907230527778,False
TKT-100122,Fees & Finance,portal,Medium,2026-08-01 09:24:41,Fees & Finance,0,False,0.09301469805555555,2.9511798804926364,False,True,True,Closed,2026-08-06 09:00:00.000000,116.63743123061847,False
TKT-100123,IT Support,portal,Low,2026-08-01 11:43:47,IT Support,0,False,0.15967048083333332,0.0,False,False,False,Closed,2026-08-01 17:10:40.193683,5.44810935638889,True
TKT-100124,Hostel & Maintenance,email,High,2026-08-01 06:54:11,Hostel & Maintenance,0,True,4.842865424166666,0.0,False,False,False,Closed,2026-08-03 09:24:12.958135,50.500543926388886,False
TKT-100125,Hostel & Maintenance,portal,Medium,2026-08-01 08:02:39,Hostel & Maintenance,0,False,0.1416152886111111,5.531156280833205,False,True,True,Closed,2026-08-03 15:23:57.346374,49.82393993416679,True
TKT-100126,Fees & Finance,walk_in,Medium,2026-08-01 12:21:21,Fees & Finance,0,False,0.16105565,0.0,False,True,True,Closed,2026-08-06 09:00:00.000000,116.64416666666666,False
TKT-100127,Hostel & Maintenance,portal,Medium,2026-08-01 10:57:17,Hostel & Maintenance,0,False,0.14670318083333334,0.0,False,True,False,Closed,2026-08-04 14:31:24.712655,75.56880907083332,False
TKT-100128,Fees & Finance,portal,Medium,2026-08-01 10:43:21,Hostel & Maintenance,1,False,0.11323849138888889,12.312971963772691,False,True,False,Closed,2026-08-12 09:00:00.000000,249.96452803622728,False
TKT-100129,Academics & Exams,email,Low,2026-08-01 06:14:46,Academics & Exams,0,True,3.891338585833333,0.0,False,True,True,Closed,2026-08-05 09:00:00.000000,98.7538888888889,True
TKT-100130,IT Support,email,Medium,2026-08-01 21:54:57,IT Support,0,True,37.31123506666666,0.0,False,False,False,Closed,2026-08-03 13:23:58.797488,39.48383263555556,True
TKT-100131,IT Support,portal,Low,2026-08-01 12:34:37,IT Support,0,False,0.1303252575,0.0,False,False,False,Closed,2026-08-03 10:54:12.378753,46.326494098055555,True
TKT-100132,Hostel & Maintenance,portal,High,2026-08-01 00:24:42,Hostel & Maintenance,0,True,9.394646065,0.0,False,True,True,Closed,2026-08-04 16:31:24.390261,88.11177507250001,False
TKT-100133,Hostel & Maintenance,email,Low,2026-08-01 17:09:13,Hostel & Maintenance,0,True,0.22650210444444444,0.0,False,True,True,Closed,2026-08-05 08:00:00.000000,86.8463888888889,True
TKT-100134,IT Support,portal,High,2026-08-01 10:09:41,IT Support,0,True,3.121635438333333,0.0,False,False,False,Closed,2026-08-03 08:48:27.186892,46.64616302555555,False
TKT-100135,IT Support,portal,Medium,2026-08-01 08:00:51,IT Support,0,False,0.05859247027777778,0.0,True,False,False,Closed,2026-08-03 09:05:14.468951,49.07318581972222,True
TKT-100136,Hostel & Maintenance,portal,Medium,2026-08-01 09:55:44,Hostel & Maintenance,0,False,0.10446361861111111,1.8323222822338534,False,False,False,Closed,2026-08-01 19:20:11.699287,7.575371964155035,True
TKT-100137,Academics & Exams,email,Medium,2026-08-02 17:55:54,Academics & Exams,0,True,19.449116620555554,0.0,False,True,True,Closed,2026-08-05 11:39:56.204393,65.73394566472221,True
TKT-100138,Academics & Exams,portal,Medium,2026-08-02 11:25:58,Academics & Exams,0,False,0.15063192166666667,0.0,False,True,True,Closed,2026-08-05 10:38:46.096730,71.21336020277778,True
TKT-100139,IT Support,portal,Medium,2026-08-02 15:11:13,Library,1,False,0.10833380222222222,0.0,False,False,True,Closed,2026-08-04 19:42:33.430101,52.52234169472222,True
TKT-100140,Academics & Exams,portal,Medium,2026-08-02 07:12:32,Academics & Exams,0,False,0.20372412083333333,10.004111917438337,False,True,True,Closed,2026-08-13 15:45:14.576632,262.54104825811726,False
TKT-100141,Fees & Finance,email,Medium,2026-08-02 13:08:58,Fees & Finance,0,True,24.00248683111111,0.0,False,True,True,Closed,2026-08-06 09:00:00.000000,91.85055555555556,False
TKT-100142,Academics & Exams,email,Low,2026-08-02 11:03:32,Hostel & Maintenance,1,True,22.8295481875,0.0,False,True,False,Closed,2026-08-05 10:24:49.626509,71.3548962525,True
TKT-100143,IT Support,email,Low,2026-08-02 08:31:31,IT Support,0,True,28.079718001944446,0.0,False,False,False,Closed,2026-08-03 18:45:00.957577,34.224988215833335,True
TKT-100144,Hostel & Maintenance,email,Low,2026-08-02 11:39:22,Hostel & Maintenance,0,True,24.9802261975,12.070928572724716,False,True,False,Closed,2026-08-05 15:58:23.574106,64.24617534560862,True
TKT-100145,Fees & Finance,portal,Medium,2026-08-02 14:19:44,Fees & Finance,0,False,0.017228566944444444,0.0,False,True,True,Closed,2026-08-10 09:00:00.000000,186.67111111111112,False
TKT-100146,IT Support,email,Medium,2026-08-02 22:29:52,IT Support,0,True,14.996267746111112,0.0,False,False,False,Closed,2026-08-03 18:11:39.434973,19.69650971472222,True
TKT-100147,Fees & Finance,portal,Medium,2026-08-02 09:48:05,Fees & Finance,0,False,0.09945184166666667,0.0,False,True,True,Closed,2026-08-06 15:12:14.123707,101.40253436305555,False
TKT-100148,Hostel & Maintenance,email,Medium,2026-08-02 19:44:11,Hostel & Maintenance,0,True,17.003279115277778,0.0,False,False,False,Closed,2026-08-04 15:23:48.300293,43.660361192500005,True
TKT-100149,Fees & Finance,portal,Medium,2026-08-02 10:06:53,Fees & Finance,0,True,26.61786043777778,13.072867408681004,False,True,True,Closed,2026-08-07 09:00:00.000000,105.81241036909677,False
TKT-100150,Hostel & Maintenance,email,Low,2026-08-02 15:36:10,Hostel & Maintenance,0,True,17.68962111888889,0.0,False,False,False,Closed,2026-08-04 15:14:56.968890,47.64638024722222,True
TKT-100151,Hostel & Maintenance,portal,Medium,2026-08-02 22:49:55,IT Support,1,True,11.655275761666667,0.0,False,False,False,Closed - No Response,,,
TKT-100152,IT Support,portal,Low,2026-08-03 22:20:30,IT Support,0,False,0.14533388305555556,0.0,False,False,False,Closed,2026-08-05 08:48:07.659288,34.460460913333335,True
TKT-100153,Hostel & Maintenance,email,Medium,2026-08-03 15:45:21,Hostel & Maintenance,0,True,1.3593734302777776,0.0,False,True,False,Closed,2026-08-07 14:44:54.787236,94.99271867666667,False
TKT-100154,Library,portal,Low,2026-08-03 19:01:41,Library,0,False,0.06497264027777777,0.0,False,False,True,Closed,2026-08-05 14:12:03.718617,43.17297739361111,True
TKT-100155,Academics & Exams,portal,Medium,2026-08-03 01:55:01,Academics & Exams,0,False,0.1495065552777778,0.0,False,True,False,Closed,2026-08-05 12:11:09.852100,58.26912558333333,True
TKT-100156,Hostel & Maintenance,walk_in,Medium,2026-08-03 09:40:28,Hostel & Maintenance,0,False,0.2112666575,0.0,False,False,False,Closed,2026-08-04 17:03:59.295511,31.392026530833334,True
TKT-100157,IT Support,portal,High,2026-08-03 18:38:13,IT Support,0,False,0.018408224722222224,0.0,False,False,False,Closed,2026-08-05 12:11:01.086805,41.54669077916667,False
TKT-100158,Academics & Exams,portal,Medium,2026-08-03 19:15:34,Academics & Exams,0,False,0.08665883416666667,52.17899197880536,False,True,True,Closed,2026-08-18 09:00:00.000000,297.5615635767502,False
TKT-100159,Hostel & Maintenance,portal,Low,2026-08-03 16:06:21,Hostel & Maintenance,0,False,0.11884703333333332,0.0,True,False,False,Closed,2026-08-08 15:31:24.800428,119.4177223411111,True
TKT-100160,IT Support,email,Medium,2026-08-03 17:21:38,IT Support,0,True,16.360721965555555,7.392950503237841,False,False,False,Closed,2026-08-05 11:49:18.465779,35.068289990928825,True
TKT-100161,Fees & Finance,portal,High,2026-08-03 16:07:11,Hostel & Maintenance,1,False,0.11259917472222222,8.592630998937993,False,True,False,Closed,2026-08-07 09:00:00.000000,80.28764677883979,False
TKT-100162,Hostel & Maintenance,portal,Medium,2026-08-03 08:11:19,Hostel & Maintenance,0,False,0.16713483222222222,0.0,True,True,False,Closed,2026-08-10 17:05:09.459563,176.89734987861112,False
TKT-100163,IT Support,portal,Low,2026-08-03 16:14:14,IT Support,0,False,0.18676013472222222,0.0,False,False,False,Closed,2026-08-04 15:15:45.630527,23.025452924166668,True
TKT-100164,IT Support,portal,Low,2026-08-03 19:10:18,IT Support,0,False,0.024116878333333334,0.0,True,False,False,Closed,2026-08-05 10:00:28.534686,38.836259635,True
TKT-100165,Hostel & Maintenance,portal,Medium,2026-08-03 15:29:12,Hostel & Maintenance,0,False,0.024940369722222223,2.131751638873184,True,False,False,Closed,2026-08-05 15:37:12.180366,46.001631796126816,True
TKT-100166,Hostel & Maintenance,email,Low,2026-08-03 07:07:27,Library,1,True,2.437489773333333,0.0,False,False,False,Closed,2026-08-04 16:18:30.879920,33.18441108888889,True
TKT-100167,IT Support,email,Medium,2026-08-03 19:59:47,IT Support,0,True,15.29007381,0.0,False,False,False,Closed,2026-08-05 09:37:52.511119,37.63486419972222,True
TKT-100168,IT Support,portal,Medium,2026-08-03 20:19:08,IT Support,0,False,0.15562583916666667,0.0,False,False,False,Closed,2026-08-04 13:02:03.462069,16.715406130277778,True
TKT-100169,IT Support,portal,Low,2026-08-03 23:23:06,IT Support,0,False,0.19224279416666668,0.0,False,False,False,Closed,2026-08-04 16:03:35.455923,16.6748488675,True
TKT-100170,Hostel & Maintenance,email,Low,2026-08-04 16:04:39,Hostel & Maintenance,0,True,0.8297457455555556,0.0,False,False,False,Closed,2026-08-05 17:17:37.772292,25.216325636666664,True
TKT-100171,IT Support,portal,Low,2026-08-04 10:51:57,IT Support,0,False,0.022183394444444445,0.0,False,False,False,Closed,2026-08-04 18:58:49.494398,8.114581777222222,True
TKT-100172,Library,portal,Low,2026-08-04 16:00:57,Library,0,False,0.22579884666666666,0.0,False,False,False,Closed,2026-08-05 10:01:17.371155,18.005658654166666,True
TKT-100173,IT Support,portal,High,2026-08-04 10:47:43,IT Support,0,False,0.03570886722222222,4.448191051121925,False,False,False,Closed,2026-08-06 13:19:24.600673,46.08003135804474,False
TKT-100174,Academics & Exams,email,Low,2026-08-04 19:34:01,Academics & Exams,0,True,17.330178743055555,0.0,False,False,False,Closed,2026-08-07 09:16:38.671247,61.710464235277776,True
TKT-100175,IT Support,portal,Medium,2026-08-04 22:57:15,IT Support,0,False,0.032429134166666665,0.0,False,False,False,Closed,2026-08-05 14:09:59.018714,15.212227420555555,True
TKT-100176,Fees & Finance,portal,Medium,2026-08-04 20:51:17,Fees & Finance,0,True,12.760436390833332,0.0,False,True,True,Closed,2026-08-11 16:13:23.239988,163.36839999666668,False
TKT-100177,Fees & Finance,email,Medium,2026-08-04 07:17:47,Fees & Finance,0,True,1.9230433272222223,6.920619501518023,False,True,False,Closed,2026-08-07 09:00:00.000000,66.7829916095931,True
TKT-100178,Hostel & Maintenance,email,Medium,2026-08-04 11:23:51,Hostel & Maintenance,0,True,2.3968039975,0.0,False,False,False,Closed,2026-08-05 19:53:48.079960,32.499188877777776,True
TKT-100179,Hostel & Maintenance,portal,Medium,2026-08-04 01:04:20,Hostel & Maintenance,0,False,0.09847329833333333,15.052047824311765,False,True,True,Closed,2026-08-07 08:00:00.000000,63.87572995346601,True
TKT-100180,IT Support,email,Low,2026-08-04 09:08:07,IT Support,0,True,0.15655554333333335,0.0,False,False,False,Closed,2026-08-05 10:13:34.025409,25.090840391388888,True
TKT-100181,Fees & Finance,email,High,2026-08-04 14:41:43,Fees & Finance,0,True,1.385953196388889,0.0,False,True,False,Closed,2026-08-14 09:00:00.000000,234.3047222222222,False
TKT-100182,Fees & Finance,portal,Low,2026-08-04 20:29:35,Fees & Finance,0,False,0.2224782286111111,0.0,False,False,False,Closed,2026-08-07 09:21:03.120607,60.85781127972222,True
TKT-100183,Fees & Finance,email,Medium,2026-08-04 07:01:41,Fees & Finance,0,True,9.336771776666666,0.0,False,True,True,Closed,2026-08-13 09:00:00.000000,217.97194444444443,False
TKT-100184,IT Support,portal,Medium,2026-08-04 12:17:02,IT Support,0,False,0.03195644777777778,0.0,False,False,False,Closed,2026-08-04 16:06:30.668822,3.824630228333333,True
TKT-100185,Academics & Exams,email,Low,2026-08-04 19:36:16,Academics & Exams,0,True,13.647155695833334,0.0,False,True,False,Closed,2026-08-10 09:00:00.000000,133.39555555555555,False
TKT-100186,Academics & Exams,email,High,2026-08-04 18:33:07,Academics & Exams,0,True,16.75591086416667,10.125054816217082,False,True,False,Closed,2026-08-10 09:00:00.000000,124.32300073933847,False
TKT-100187,Hostel & Maintenance,email,Medium,2026-08-04 12:20:59,Hostel & Maintenance,0,True,0.19108671583333334,0.0,False,True,True,Closed,2026-08-07 11:29:12.767574,71.13715765944444,True
TKT-100188,Fees & Finance,walk_in,Low,2026-08-04 16:48:51,Fees & Finance,0,False,0.24031149,0.0,False,True,False,Closed,2026-08-10 09:00:00.000000,136.18583333333333,False
TKT-100189,IT Support,email,Medium,2026-08-04 11:20:03,IT Support,0,True,1.703095422777778,0.0,False,False,False,Closed,2026-08-04 14:30:29.316919,3.1739769219444445,True
TKT-100190,IT Support,portal,Medium,2026-08-04 21:27:44,IT Support,0,False,0.21869350055555556,0.0,False,False,False,Closed,2026-08-05 16:35:27.545287,19.128762579722224,True
TKT-100191,IT Support,portal,Low,2026-08-04 10:22:40,IT Support,0,False,0.13225301694444444,0.0,False,False,False,Closed,2026-08-05 13:40:19.214354,27.294226209444442,True
TKT-100192,Fees & Finance,email,Low,2026-08-04 18:59:07,Fees & Finance,0,True,14.240963646111112,9.639465554405483,False,True,True,Closed,2026-08-10 09:00:00.000000,124.37525666781673,False
TKT-100193,Fees & Finance,walk_in,Medium,2026-08-04 13:15:14,Fees & Finance,0,False,0.018151126944444446,0.0,False,True,False,Closed,2026-08-10 09:00:00.000000,139.7461111111111,False
TKT-100194,Academics & Exams,email,Low,2026-08-04 13:08:55,Academics & Exams,0,True,0.590349173888889,0.0,False,False,False,Closed,2026-08-05 13:31:36.925950,24.37831276388889,True
TKT-100195,Hostel & Maintenance,email,Medium,2026-08-04 07:45:15,Hostel & Maintenance,0,True,6.228718177777777,0.0,False,False,False,Closed,2026-08-05 10:54:10.343548,27.148706541111114,True
TKT-100196,Library,portal,Medium,2026-08-04 13:21:36,Library,0,True,0.8958530258333334,0.0,False,False,False,Closed,2026-08-05 11:22:03.822758,22.007728543888888,True
TKT-100197,Hostel & Maintenance,portal,Low,2026-08-04 21:06:37,Hostel & Maintenance,0,False,0.23270138194444442,0.0,False,False,False,Closed,2026-08-06 11:31:43.579778,38.41849438277778,True
TKT-100198,Hostel & Maintenance,email,Medium,2026-08-04 13:02:10,Hostel & Maintenance,0,True,0.4615989527777778,0.0,False,True,False,Closed,2026-08-10 13:23:51.810032,144.36161389777777,False
TKT-100199,Fees & Finance,portal,Medium,2026-08-04 21:33:20,Fees & Finance,0,False,0.05673516083333333,0.0,False,True,True,Closed,2026-08-12 09:00:00.000000,179.44444444444446,False
TKT-100200,IT Support,portal,Medium,2026-08-05 16:15:02,IT Support,0,False,0.20993101055555555,0.0,False,False,False,Closed,2026-08-06 13:40:05.745451,21.41770706972222,True
TKT-100201,Hostel & Maintenance,email,Medium,2026-08-05 16:00:34,Hostel & Maintenance,0,True,24.384289134444444,0.0,False,False,True,Closed,2026-08-08 09:08:27.305233,65.13147367583333,True
TKT-100202,Fees & Finance,email,Low,2026-08-05 19:01:02,Library,1,True,15.998663845,12.201682349732948,False,True,False,Closed,2026-08-17 09:00:00.000000,265.7810954280448,False
TKT-100203,Fees & Finance,portal,Medium,2026-08-05 17:05:11,Fees & Finance,0,False,0.1591153788888889,0.0,False,True,True,Closed,2026-08-11 09:00:00.000000,135.91361111111112,False
TKT-100204,IT Support,portal,Medium,2026-08-05 16:57:46,IT Support,0,False,0.06476917027777777,0.0,False,False,False,Closed,2026-08-07 08:33:50.852919,39.60134803305556,True
TKT-100205,Hostel & Maintenance,walk_in,Medium,2026-08-05 15:50:33,Hostel & Maintenance,0,False,0.18253707416666667,0.0,False,False,False,Closed,2026-08-07 19:28:13.215053,51.62783751472222,True
TKT-100206,IT Support,email,Low,2026-08-05 09:35:12,IT Support,0,True,0.05726483638888889,4.809765519472742,False,False,False,Closed,2026-08-06 17:11:08.694146,26.78931618774948,True
TKT-100207,IT Support,portal,Low,2026-08-05 09:52:09,IT Support,0,False,0.19276942416666668,0.0,False,False,False,Closed,2026-08-05 12:53:07.952272,3.0163756311111114,True
TKT-100208,IT Support,email,Medium,2026-08-05 16:36:44,IT Support,0,True,19.4089627,0.0,False,False,False,Closed,2026-08-06 17:41:06.362072,25.072878353333333,True
TKT-100209,Fees & Finance,email,Medium,2026-08-05 10:57:26,Fees & Finance,0,True,1.5150832227777777,0.0,False,False,False,Closed,2026-08-10 09:45:47.482525,118.80596736805556,False
TKT-100210,IT Support,portal,Medium,2026-08-05 07:49:30,IT Support,0,True,1.7698685211111111,0.0,False,False,False,Closed,2026-08-05 13:39:38.118481,5.835588466944444,True
TKT-100211,Fees & Finance,portal,Low,2026-08-05 20:04:17,Hostel & Maintenance,1,False,0.1389182175,1.4008542804252182,False,True,False,Closed,2026-08-17 09:00:00.000000,275.5277568306859,False
TKT-100212,Fees & Finance,email,Medium,2026-08-05 09:26:32,Fees & Finance,0,True,0.25529446777777776,5.997674653063803,False,True,False,Closed,2026-08-10 09:00:00.000000,113.56010312471398,False
TKT-100213,Academics & Exams,email,Medium,2026-08-05 11:30:49,Academics & Exams,0,True,4.492563998611112,0.0,False,False,False,Closed,2026-08-10 09:46:55.972550,118.26860348611112,False
TKT-100214,Hostel & Maintenance,portal,Low,2026-08-05 10:31:34,Hostel & Maintenance,0,False,0.2367048263888889,0.0,False,False,True,Closed - No Response,,,
TKT-100215,IT Support,email,Low,2026-08-05 16:55:43,IT Support,0,True,19.26580808083333,0.0,False,False,False,Closed,2026-08-06 14:59:19.753676,22.060209354444442,True
TKT-100216,Academics & Exams,portal,Medium,2026-08-06 21:44:59,Academics & Exams,0,False,0.06338147083333333,0.0,False,False,False,Closed,2026-08-10 09:41:44.179437,83.94588317694445,False
TKT-100217,Library,portal,Low,2026-08-06 18:16:57,Hostel & Maintenance,1,False,0.23317587194444445,0.0,False,True,True,Closed,2026-08-10 13:48:30.601691,91.52600046972222,True
TKT-100218,IT Support,portal,Medium,2026-08-06 20:43:51,IT Support,0,False,0.03020927388888889,0.0,False,False,False,Closed,2026-08-07 18:03:08.358579,21.32148849416667,True
TKT-100219,Hostel & Maintenance,portal,Low,2026-08-06 22:11:00,Academics & Exams,2,False,0.15961036027777778,0.0,True,True,True,Closed,2026-08-17 16:32:21.015403,258.3558376119445,False
TKT-100220,Academics & Exams,portal,Low,2026-08-06 17:59:53,Academics & Exams,0,False,0.02137636444444444,0.0,False,False,False,Closed,2026-08-10 09:47:23.558812,87.79182189222222,True
TKT-100221,Hostel & Maintenance,portal,Medium,2026-08-06 18:53:55,Hostel & Maintenance,0,False,0.17846985083333333,0.0,False,True,False,Closed,2026-08-11 08:00:00.000000,109.10138888888889,False
TKT-100222,Fees & Finance,portal,Medium,2026-08-06 11:07:31,IT Support,1,False,0.07191973916666668,18.91027199131929,False,False,False,Closed,2026-08-07 11:01:54.088578,4.996141502569596,True
TKT-100223,IT Support,email,Medium,2026-08-06 17:03:43,IT Support,0,True,0.25761765444444445,0.0,True,False,False,Closed,2026-08-08 09:57:49.730424,40.901869562222224,True
TKT-100224,Hostel & Maintenance,portal,Medium,2026-08-06 20:03:56,IT Support,1,False,0.13244108833333332,0.0,False,True,False,Closed,2026-08-11 14:16:14.139938,114.20503887166667,False
TKT-100225,IT Support,portal,Medium,2026-08-06 22:27:35,IT Support,0,False,0.21145611666666667,18.559090322103017,False,False,False,Closed,2026-08-08 11:39:21.650856,18.637201582341426,True
TKT-100226,Hostel & Maintenance,portal,Medium,2026-08-06 16:12:20,Hostel & Maintenance,0,False,0.23270030694444443,4.8038907405487,False,True,False,Closed,2026-08-10 12:08:05.301518,87.12535968111797,False
TKT-100227,IT Support,portal,Medium,2026-08-06 10:16:21,IT Support,0,False,0.21873281388888888,24.4160821434759,False,False,False,Closed,2026-08-07 16:22:05.619868,5.679645597635208,True
TKT-100228,Fees & Finance,email,Medium,2026-08-06 15:20:56,Fees & Finance,0,True,19.455809362777778,0.0,False,False,False,Closed,2026-08-07 16:24:59.228735,25.0675635375,True
TKT-100229,Fees & Finance,email,Medium,2026-08-06 20:22:06,Fees & Finance,0,True,14.48775872611111,0.0,False,False,False,Closed,2026-08-07 14:44:38.155093,18.375598636944442,True
TKT-100230,Library,email,High,2026-08-06 07:19:05,Library,0,True,2.8161945883333335,0.0,False,False,False,Closed,2026-08-06 13:09:29.353071,5.840098075277778,True
TKT-100231,IT Support,email,Medium,2026-08-06 11:07:17,IT Support,0,True,1.436781981111111,1.619722435617993,False,False,False,Closed,2026-08-06 19:52:58.487013,7.141801734659786,True
TKT-100232,Academics & Exams,portal,Medium,2026-08-06 00:54:34,Academics & Exams,0,False,0.19040346333333333,0.0,False,True,False,Closed,2026-08-12 09:00:00.000000,152.09055555555557,False
TKT-100233,Hostel & Maintenance,email,High,2026-08-06 09:52:59,Hostel & Maintenance,0,True,3.3541079847222224,15.338364378614276,False,True,False,Closed,2026-08-10 12:23:33.970974,83.17134978083017,False
TKT-100234,Fees & Finance,portal,High,2026-08-06 14:42:02,Fees & Finance,0,False,0.05333180444444444,1.5411122493652119,False,True,True,Closed,2026-08-10 11:44:54.366629,91.50676736980145,False
TKT-100235,IT Support,email,Medium,2026-08-06 16:33:47,Fees & Finance,2,True,0.8655853011111112,17.853455305246435,False,True,True,Closed,2026-08-13 08:00:00.000000,141.583489139198,False
TKT-100236,Fees & Finance,portal,High,2026-08-06 13:09:57,Fees & Finance,0,False,0.11295052277777778,126.17839964933172,False,True,True,Closed,2026-08-13 09:00:00.000000,37.65576701733495,False
TKT-100237,Hostel & Maintenance,portal,Medium,2026-08-06 10:41:44,Hostel & Maintenance,0,False,0.06927578222222222,0.0,False,False,False,Closed,2026-08-08 14:51:10.107746,52.15725215166667,True
TKT-100238,IT Support,portal,High,2026-08-06 20:42:18,IT Support,0,False,0.2441590325,0.0,False,False,False,Closed,2026-08-07 17:54:15.218427,21.199227340833332,True
TKT-100239,Hostel & Maintenance,portal,Medium,2026-08-06 22:29:51,Hostel & Maintenance,0,True,10.535949477222223,0.0,False,True,True,Closed,2026-08-11 08:00:00.000000,105.5025,False
TKT-100240,IT Support,portal,Low,2026-08-06 04:19:07,IT Support,0,False,0.1295076586111111,7.331113760744484,True,False,True,Closed,2026-08-10 14:17:13.680622,98.63740863425552,True
TKT-100241,IT Support,portal,Medium,2026-08-06 14:47:53,IT Support,0,False,0.20113464388888888,8.003420632926172,False,False,False,Closed,2026-08-07 14:25:12.652637,15.61870509957383,True
TKT-100242,Academics & Exams,portal,Medium,2026-08-06 21:20:27,Academics & Exams,0,False,0.2237233863888889,0.0,False,True,False,Closed,2026-08-11 09:00:00.000000,107.65916666666666,False
TKT-100243,Hostel & Maintenance,portal,Low,2026-08-06 09:37:18,Hostel & Maintenance,0,False,0.16340194472222222,0.0,False,True,True,Closed,2026-08-10 13:20:38.656366,99.72240454611111,True
TKT-100244,IT Support,portal,Medium,2026-08-06 15:05:02,IT Support,0,True,19.824676481666668,0.0,False,False,False,Closed,2026-08-07 18:59:12.621091,27.902950303055555,True
TKT-100245,IT Support,email,Medium,2026-08-07 11:53:46,IT Support,0,True,0.7349336275,0.0,False,False,False,Closed,2026-08-08 16:48:57.705364,28.919918156666665,True
TKT-100246,Hostel & Maintenance,email,Medium,2026-08-07 23:21:44,Hostel & Maintenance,0,True,61.699243753611114,0.0,False,True,False,Closed,2026-08-12 08:00:00.000000,104.63777777777777,False
TKT-100247,Fees & Finance,email,Medium,2026-08-07 19:35:13,Fees & Finance,0,True,14.140243328333332,5.8049197500299865,False,True,True,Closed,2026-08-17 16:53:48.185203,231.50485391747,False
TKT-100248,Fees & Finance,portal,Low,2026-08-07 11:12:34,Fees & Finance,0,False,0.04537017277777777,2.913442023096757,False,True,False,Closed,2026-08-11 09:00:00.000000,90.8771135324588,True
TKT-100249,Hostel & Maintenance,email,Medium,2026-08-07 13:36:11,Hostel & Maintenance,0,True,0.03449794694444445,0.0,False,True,True,Closed,2026-08-21 10:59:15.479679,333.38457768861116,False
TKT-100250,IT Support,portal,High,2026-08-07 14:03:59,IT Support,0,False,0.1976918075,0.0,True,False,False,Closed,2026-08-10 12:56:32.753134,70.87604253722222,False
TKT-100251,Fees & Finance,email,High,2026-08-07 19:14:03,Fees & Finance,0,True,14.245428709722223,0.0,False,True,True,Closed,2026-08-17 09:00:00.000000,229.76583333333335,False
TKT-100252,Hostel & Maintenance,portal,Low,2026-08-07 07:09:07,Hostel & Maintenance,0,False,0.02082988111111111,7.29593819086283,False,True,False,Closed,2026-08-11 08:00:00.000000,89.55211736469273,True
TKT-100253,Fees & Finance,portal,Medium,2026-08-07 16:28:17,Fees & Finance,0,False,0.24912750694444444,0.0,False,True,True,Closed,2026-08-10 13:57:01.041419,69.47890039416666,True
TKT-100254,Academics & Exams,portal,High,2026-08-07 15:41:02,Academics & Exams,0,False,0.2255674238888889,0.0,False,True,True,Closed,2026-08-11 11:28:12.538613,91.78626072583333,False
TKT-100255,IT Support,email,Medium,2026-08-07 06:16:32,IT Support,0,True,3.0274382247222222,0.0,False,False,False,Closed,2026-08-07 11:12:29.073758,4.932520488333333,True
TKT-100256,Hostel & Maintenance,portal,Medium,2026-08-07 13:53:04,Library,1,False,0.028741010555555554,8.222925251746274,False,True,True,Closed,2026-08-12 08:00:00.000000,105.89263030380928,False
TKT-100257,Academics & Exams,portal,Low,2026-08-07 09:21:01,Academics & Exams,0,False,0.2311395002777778,0.0,False,True,False,Closed,2026-08-12 09:00:00.000000,119.64972222222222,True
TKT-100258,Hostel & Maintenance,email,High,2026-08-07 17:09:06,Hostel & Maintenance,0,True,16.116282898055555,0.0,False,True,False,Closed,2026-08-11 14:01:22.274416,92.87118733777778,False
TKT-100259,Academics & Exams,portal,Low,2026-08-07 21:11:12,Academics & Exams,0,False,0.033715676944444446,0.0,False,True,True,Closed,2026-08-11 09:00:00.000000,83.81333333333333,True
TKT-100260,Hostel & Maintenance,portal,Low,2026-08-07 15:55:30,Hostel & Maintenance,0,False,0.1971943638888889,11.572746586402006,False,True,False,Closed,2026-08-11 08:00:00.000000,76.502253413598,True
TKT-100261,Hostel & Maintenance,portal,Low,2026-08-07 14:51:13,Hostel & Maintenance,0,False,0.22071510416666668,3.889140018930292,False,True,True,Closed,2026-08-13 08:00:00.000000,133.25724886995857,False
TKT-100262,Hostel & Maintenance,portal,Medium,2026-08-07 19:43:54,Hostel & Maintenance,0,False,0.17599503611111111,0.0,False,True,False,Closed,2026-08-10 11:33:49.465013,63.832073614722226,True
TKT-100263,Library,email,Medium,2026-08-07 16:26:04,Library,0,True,19.88716208611111,0.0,False,True,True,Closed,2026-08-10 11:50:11.620532,67.40211681444444,True
TKT-100264,Hostel & Maintenance,portal,Medium,2026-08-07 20:31:08,Hostel & Maintenance,0,False,0.12820685444444443,0.0,False,False,False,Closed,2026-08-08 19:48:27.706332,23.288807314444444,True
TKT-100265,IT Support,portal,Medium,2026-08-07 11:45:52,IT Support,0,True,1.1686396352777777,0.0,False,False,False,Closed,2026-08-08 16:49:55.569506,29.06765819611111,True
TKT-100266,Academics & Exams,email,Medium,2026-08-07 14:27:49,Fees & Finance,1,True,0.44016586472222224,0.0,False,True,True,Closed,2026-08-17 09:00:00.000000,234.5363888888889,False
TKT-100267,IT Support,portal,Low,2026-08-07 10:25:16,IT Support,0,False,0.1594332661111111,0.0,True,False,False,Closed,2026-08-10 16:27:46.428346,78.04178565166666,True
TKT-100268,IT Support,email,Low,2026-08-07 22:59:55,IT Support,0,True,15.350121583611111,6.229857162937631,False,True,True,Closed,2026-08-11 08:00:00.000000,74.77153172595125,True
TKT-100269,Fees & Finance,portal,Low,2026-08-07 21:36:11,Fees & Finance,0,False,0.07479551333333333,0.0,True,True,True,Closed,2026-08-13 12:03:30.642629,134.45545628583335,False
TKT-100270,IT Support,walk_in,Low,2026-08-07 09:38:04,IT Support,0,False,0.2427154713888889,3.1341972713650694,False,False,False,Closed,2026-08-07 16:15:25.143770,3.4883426647460416,True
TKT-100271,Hostel & Maintenance,portal,Low,2026-08-07 16:01:17,Hostel & Maintenance,0,False,0.08703406722222222,4.835521816984263,False,True,False,Closed,2026-08-10 12:33:01.412954,63.69348178134907,True
TKT-100272,Hostel & Maintenance,email,High,2026-08-07 15:23:55,Hostel & Maintenance,0,True,1.3968532594444443,0.0,False,True,False,Closed,2026-08-12 19:43:48.293747,124.33147048527778,False
TKT-100273,Fees & Finance,email,Low,2026-08-07 14:14:25,Fees & Finance,0,True,19.013135254166666,0.0,False,True,True,Closed,2026-08-17 09:00:00.000000,234.75972222222222,False
TKT-100274,IT Support,portal,Medium,2026-08-07 23:16:14,IT Support,0,False,0.04135704,0.0,False,False,False,Closed,2026-08-08 17:10:18.711248,17.90130868,True
TKT-100275,IT Support,email,Medium,2026-08-08 08:43:17,IT Support,0,True,4.9335378725,4.5561636933338026,False,True,False,Closed,2026-08-10 11:26:31.618032,46.16456353777731,True
TKT-100276,Academics & Exams,email,Medium,2026-08-08 07:41:47,Academics & Exams,0,True,4.5525228986111115,0.0,True,True,True,Closed,2026-08-11 14:29:25.961015,78.7941558375,False
TKT-100277,IT Support,email,Medium,2026-08-08 21:48:21,IT Support,0,True,36.80656370611111,0.0,False,True,False,Closed,2026-08-12 14:12:16.144400,88.39865122222221,False
TKT-100278,IT Support,portal,Low,2026-08-08 14:30:21,IT Support,0,False,0.1418042688888889,0.0,False,False,False,Closed,2026-08-10 09:19:02.323002,42.811478611666665,True
TKT-100279,IT Support,portal,Medium,2026-08-08 13:25:36,IT Support,0,False,0.09549523833333333,2.8941559404079693,False,False,False,Closed,2026-08-10 12:04:22.129432,43.75199112403647,True
TKT-100280,IT Support,email,Low,2026-08-08 18:31:35,IT Support,0,True,39.143407492222224,0.0,True,False,False,Closed,2026-08-11 15:54:51.229420,69.38784150555556,True
TKT-100281,Hostel & Maintenance,email,Medium,2026-08-08 12:02:53,Hostel & Maintenance,0,True,4.449773575555556,2.417599455895632,False,True,True,Closed,2026-08-12 08:00:00.000000,89.53434498854882,False
TKT-100282,Hostel & Maintenance,portal,Medium,2026-08-08 20:17:15,Hostel & Maintenance,0,True,42.89767019111111,0.0,False,True,True,Closed,2026-08-13 08:00:00.000000,107.7125,False
TKT-100283,Library,portal,Medium,2026-08-08 10:04:15,Library,0,False,0.08223624638888888,0.0,False,False,False,Closed,2026-08-08 12:56:20.113478,2.868087077222222,True
TKT-100284,IT Support,email,Medium,2026-08-08 13:34:45,IT Support,0,True,3.560513501388889,15.105597813695812,False,False,False,Closed,2026-08-10 12:14:23.070361,31.554977286581963,True
TKT-100285,Fees & Finance,email,Low,2026-08-08 12:52:59,Fees & Finance,0,True,44.352577753333335,0.0,True,True,True,Closed,2026-08-14 15:22:46.464706,146.4965179738889,False
TKT-100286,Hostel & Maintenance,portal,Medium,2026-08-08 14:35:25,IT Support,1,False,0.17448589666666667,2.453999999539361,False,True,False,Closed,2026-08-14 16:44:00.912621,143.68930906184954,False
TKT-100287,IT Support,email,Medium,2026-08-08 09:33:20,Hostel & Maintenance,1,True,1.5325024122222224,0.0,False,True,False,Closed,2026-08-10 16:53:10.747351,55.33076315305556,True
TKT-100288,Fees & Finance,email,Low,2026-08-08 19:39:04,Fees & Finance,0,True,40.531708556111106,0.0,False,True,False,Closed,2026-08-13 09:31:09.332082,109.86814780055555,True
TKT-100289,Hostel & Maintenance,portal,Medium,2026-08-08 20:34:31,Hostel & Maintenance,0,False,0.09918649611111112,0.0,False,True,True,Closed,2026-08-12 08:00:00.000000,83.42472222222223,False
TKT-100290,IT Support,portal,Medium,2026-08-08 17:53:10,IT Support,0,True,39.179698010833334,33.61740754802185,False,True,False,Closed,2026-08-12 10:14:26.481891,54.73717075503371,True
TKT-100291,Fees & Finance,portal,Low,2026-08-08 18:38:12,Fees & Finance,0,False,0.2093411513888889,0.0,False,True,True,Closed,2026-08-17 09:00:00.000000,206.36333333333334,False
TKT-100292,Hostel & Maintenance,portal,Medium,2026-08-08 11:52:21,Hostel & Maintenance,0,False,0.08359588833333334,0.0,False,True,False,Closed,2026-08-11 10:13:52.964060,70.35887890555556,True
TKT-100293,IT Support,portal,High,2026-08-08 22:52:02,IT Support,0,False,0.1117384875,0.0,False,False,True,Closed,2026-08-11 08:46:02.171638,57.900047677222226,False
TKT-100294,Library,portal,Medium,2026-08-08 11:21:57,Library,0,False,0.05482849555555556,0.0,False,True,True,Closed,2026-08-12 09:00:00.000000,93.63416666666667,False
TKT-100295,Hostel & Maintenance,portal,Low,2026-08-08 11:50:38,Hostel & Maintenance,0,False,0.09616965972222223,0.0,False,False,False,Closed,2026-08-10 17:57:29.035113,54.11417642027777,True
TKT-100296,Fees & Finance,portal,Medium,2026-08-08 15:59:13,Fees & Finance,0,False,0.13720025194444443,0.0,False,True,True,Closed,2026-08-13 09:00:00.000000,113.01305555555555,False
TKT-100297,IT Support,portal,Low,2026-08-08 15:11:28,IT Support,0,False,0.2226092563888889,0.0,False,False,False,Closed,2026-08-10 10:37:11.143607,43.428651001944445,True
TKT-100298,IT Support,email,Medium,2026-08-08 12:08:35,IT Support,0,True,5.301053086111111,0.0,False,False,False,Closed,2026-08-10 13:32:55.100129,49.40558336916666,True
TKT-100299,Fees & Finance,email,Medium,2026-08-08 13:27:49,Library,1,True,0.8764204344444445,0.0,False,True,False,Closed,2026-08-12 09:00:00.000000,91.5363888888889,False
TKT-100300,Academics & Exams,portal,Medium,2026-08-09 19:47:37,Academics & Exams,0,False,0.04476774944444444,0.0,False,True,False,Closed,2026-08-13 09:00:00.000000,85.2063888888889,False
TKT-100301,Fees & Finance,email,Medium,2026-08-09 09:06:10,Fees & Finance,0,True,24.6519035225,0.0,False,True,False,Closed,2026-08-12 09:00:00.000000,71.89722222222223,True
TKT-100302,Hostel & Maintenance,email,Low,2026-08-09 11:25:41,Hostel & Maintenance,0,True,22.406604189444444,7.6574674191458,False,True,False,Closed,2026-08-13 18:59:45.448312,95.91043488974309,True
TKT-100303,Academics & Exams,email,Low,2026-08-09 07:22:45,Academics & Exams,0,True,29.326784714722223,0.0,False,True,False,Closed,2026-08-11 10:29:26.337274,51.11148257611111,True
TKT-100304,IT Support,portal,Medium,2026-08-09 17:50:21,IT Support,0,False,0.13799321222222222,0.0,False,False,False,Closed,2026-08-10 10:10:55.943100,16.34303975,True
TKT-100305,IT Support,portal,Medium,2026-08-09 23:23:55,Academics & Exams,1,False,0.07036459722222221,0.0,False,False,True,Closed,2026-08-11 18:07:18.072711,42.723075753055554,True
TKT-100306,Hostel & Maintenance,portal,High,2026-08-09 19:25:31,Hostel & Maintenance,0,False,0.04129854166666666,0.0,False,True,False,Closed,2026-08-13 08:00:00.000000,84.57472222222222,False
TKT-100307,Hostel & Maintenance,portal,Medium,2026-08-09 12:47:41,Hostel & Maintenance,0,False,0.2173619211111111,0.0,False,False,True,Closed,2026-08-11 12:32:08.729506,47.74103597388889,True
TKT-100308,Academics & Exams,portal,Medium,2026-08-09 18:39:55,Academics & Exams,0,False,0.052457765833333336,0.0,False,False,False,Closed,2026-08-10 15:26:26.174329,20.7753262025,True
TKT-100309,Academics & Exams,email,High,2026-08-09 23:42:19,Academics & Exams,0,True,10.279822356944443,0.0,False,False,False,Closed,2026-08-11 16:06:14.168443,40.398657900833335,False
TKT-100310,IT Support,portal,Medium,2026-08-09 22:20:36,IT Support,0,False,0.07189597305555556,0.0,False,False,False,Closed,2026-08-11 12:24:04.507746,38.05791881833333,True
TKT-100311,Academics & Exams,portal,Medium,2026-08-09 18:46:05,Academics & Exams,0,False,0.04026651055555556,0.0,False,False,False,Closed - No Response,,,
TKT-100312,IT Support,portal,Medium,2026-08-09 10:59:54,IT Support,0,True,23.58995072638889,0.0,False,False,False,Closed,2026-08-11 08:14:20.262735,45.2406285375,True
TKT-100313,IT Support,portal,Medium,2026-08-09 15:12:13,IT Support,0,False,0.22947629833333336,1.1023437969316092,False,False,False,Closed,2026-08-10 14:57:03.697074,22.64507205695728,True
TKT-100314,Academics & Exams,portal,Medium,2026-08-09 12:46:20,Academics & Exams,0,False,0.14803258194444444,0.0,False,False,False,Closed,2026-08-11 10:08:58.629160,45.37739698888889,True
TKT-100315,Hostel & Maintenance,portal,Medium,2026-08-09 19:01:25,Hostel & Maintenance,0,False,0.22409981222222222,0.0,False,True,True,Closed,2026-08-13 17:59:02.941651,94.9605393475,False
TKT-100316,Hostel & Maintenance,portal,Low,2026-08-09 15:39:49,IT Support,1,False,0.2130532447222222,0.0,False,False,False,Closed,2026-08-11 15:37:45.028185,47.96556338472222,True
TKT-100317,Hostel & Maintenance,email,Low,2026-08-09 20:50:59,Hostel & Maintenance,0,True,14.178653321944445,7.132657804249595,True,False,False,Closed,2026-08-14 18:42:20.450983,110.72330080213929,True
TKT-100318,Hostel & Maintenance,portal,High,2026-08-09 12:27:43,Hostel & Maintenance,0,False,0.08845599999999999,0.0,False,False,False,Closed,2026-08-11 08:28:10.072585,44.00752016249999,False
TKT-100319,Academics & Exams,email,Medium,2026-08-09 20:32:53,Academics & Exams,0,True,15.842684856944445,0.0,False,True,True,Closed,2026-08-13 09:00:00.000000,84.45194444444445,False
TKT-100320,Hostel & Maintenance,email,Medium,2026-08-09 09:42:43,Hostel & Maintenance,0,True,29.3454240925,0.0,False,True,False,Closed,2026-08-13 08:00:00.000000,94.28805555555556,False
TKT-100321,Hostel & Maintenance,portal,Medium,2026-08-09 05:37:13,Hostel & Maintenance,0,False,0.022612685277777777,0.0,False,True,True,Closed,2026-08-15 08:00:00.000000,146.37972222222223,False
TKT-100322,Fees & Finance,email,Medium,2026-08-10 17:38:50,Fees & Finance,0,True,15.36550504138889,0.0,False,True,True,Closed,2026-08-13 13:51:40.642799,68.21406744416666,True
TKT-100323,Fees & Finance,email,Medium,2026-08-10 23:00:29,Fees & Finance,0,True,11.574860828333332,0.0,False,True,False,Closed,2026-08-13 10:48:03.199651,59.79283323638889,True
TKT-100324,Hostel & Maintenance,portal,Low,2026-08-10 10:02:52,Hostel & Maintenance,0,False,0.23205887722222224,0.0,False,False,False,Closed,2026-08-12 08:58:31.708989,46.92769694138889,True
TKT-100325,IT Support,portal,Medium,2026-08-10 10:22:03,IT Support,0,False,0.0912396636111111,0.0,False,False,False,Closed,2026-08-10 19:28:27.924377,9.106923438055556,True
TKT-100326,Academics & Exams,portal,Medium,2026-08-10 23:53:00,Academics & Exams,0,False,0.19968303083333333,19.25155667178899,True,False,False,Closed,2026-08-14 09:48:24.564887,62.671933574599905,True
TKT-100327,Hostel & Maintenance,walk_in,Medium,2026-08-10 16:48:49,Hostel & Maintenance,0,True,0.6019376222222222,11.547672833575543,True,True,False,Closed,2026-08-15 19:20:25.298314,110.97907669809112,False
TKT-100328,Hostel & Maintenance,email,Low,2026-08-10 16:23:53,IT Support,1,True,0.7585331580555555,0.0,False,True,False,Closed,2026-08-17 13:55:08.994250,165.5211095138889,False
TKT-100329,Fees & Finance,portal,Medium,2026-08-10 23:16:29,Fees & Finance,0,False,0.07404673916666667,6.060506662304199,False,True,False,Closed,2026-08-13 10:57:39.252211,53.625674507418026,True
TKT-100330,Academics & Exams,portal,Medium,2026-08-10 18:05:07,Academics & Exams,0,False,0.07405123888888888,0.0,False,False,False,Closed,2026-08-11 12:36:28.977485,18.52277152361111,True
TKT-100331,Library,portal,High,2026-08-10 19:10:43,Library,0,False,0.03391955,0.0,False,False,False,Closed,2026-08-11 13:51:08.467031,18.673740841944444,True
TKT-100332,IT Support,portal,Medium,2026-08-10 10:25:10,IT Support,0,False,0.2315906213888889,0.0,False,False,False,Closed,2026-08-10 15:39:39.930961,5.241647489166666,True
TKT-100333,Academics & Exams,email,Medium,2026-08-10 08:56:55,Academics & Exams,0,True,2.121101387777778,7.375624406018684,False,True,False,Closed,2026-08-13 09:00:00.000000,64.6757644828702,True
TKT-100334,Hostel & Maintenance,portal,Medium,2026-08-10 23:02:54,Hostel & Maintenance,0,False,0.02163991138888889,0.0,False,False,False,Closed,2026-08-12 11:03:12.758045,36.00521056805555,True
TKT-100335,Academics & Exams,portal,Medium,2026-08-10 10:26:24,Academics & Exams,0,True,3.1670941786111113,3.9035177237636045,True,True,True,Closed,2026-08-14 13:51:21.918541,95.5125707598475,False
TKT-100336,Hostel & Maintenance,portal,High,2026-08-10 12:45:54,Hostel & Maintenance,0,False,0.201990265,29.83910107885631,False,True,False,Closed,2026-08-13 11:16:55.927963,40.67810113308813,False
TKT-100337,IT Support,portal,Low,2026-08-10 13:44:16,IT Support,0,True,3.995366675,0.0,False,False,True,Closed,2026-08-12 14:09:18.543032,48.41737306444444,True
TKT-100338,IT Support,portal,Medium,2026-08-10 14:47:14,IT Support,0,False,0.04367098944444445,6.746601559005906,False,False,False,Closed,2026-08-11 19:41:46.871374,22.162529378216313,True
TKT-100339,Fees & Finance,portal,Medium,2026-08-10 14:23:11,Fees & Finance,0,False,0.10578051083333334,0.0,False,True,True,Closed,2026-08-14 09:00:00.000000,90.61361111111111,False
TKT-100340,Academics & Exams,email,Low,2026-08-10 15:43:28,Hostel & Maintenance,1,True,1.781918686388889,9.992980888107162,False,True,False,Closed,2026-08-13 13:41:17.212987,59.97068938605951,True
TKT-100341,IT Support,email,High,2026-08-10 07:01:37,Hostel & Maintenance,1,True,5.661485424444444,0.0,False,False,False,Closed,2026-08-11 15:46:00.705461,32.73991818361111,False
TKT-100342,Academics & Exams,walk_in,Medium,2026-08-10 13:13:18,Academics & Exams,0,False,0.01957954166666667,6.352048082107762,False,False,False,Closed,2026-08-11 15:24:51.129998,19.840488028447794,True
TKT-100343,Academics & Exams,email,Low,2026-08-10 11:37:33,Hostel & Maintenance,1,True,0.8196377736111111,0.0,True,True,False,Closed,2026-08-17 11:51:56.848707,168.23995797416669,False
TKT-100344,IT Support,portal,High,2026-08-10 18:31:03,IT Support,0,False,0.2210199661111111,0.0,False,False,False,Closed,2026-08-11 13:52:39.437098,19.36012141611111,True
TKT-100345,IT Support,portal,Low,2026-08-10 21:21:40,IT Support,0,False,0.13638747333333334,0.0,False,False,False,Closed,2026-08-11 13:01:21.295201,15.661470889166667,True
TKT-100346,IT Support,portal,Low,2026-08-11 09:40:52,IT Support,0,False,0.017649635,0.0,False,False,False,Closed,2026-08-11 18:30:05.433196,8.820398110000001,True
TKT-100347,IT Support,portal,Medium,2026-08-11 10:23:43,IT Support,0,False,0.21951148527777778,16.283046084342377,False,False,False,Closed,2026-08-12 10:45:01.595201,8.072119249268734,True
TKT-100348,IT Support,portal,Low,2026-08-11 11:02:36,Academics & Exams,1,False,0.1784845613888889,0.0,True,False,False,Closed,2026-08-13 10:46:55.365446,47.738712623888894,True
TKT-100349,Fees & Finance,portal,Medium,2026-08-11 21:20:36,Fees & Finance,0,True,13.582469692222222,0.0,False,True,True,Closed,2026-08-31 09:00:00.000000,467.6566666666667,False
TKT-100350,IT Support,portal,High,2026-08-11 17:09:18,IT Support,0,False,0.16141028472222224,18.510703167982502,False,False,False,Closed,2026-08-13 12:21:57.112271,24.70016135173972,False
TKT-100351,Hostel & Maintenance,email,Medium,2026-08-11 20:30:50,IT Support,1,True,16.922254483055553,0.0,False,True,False,Closed,2026-08-21 08:00:00.000000,227.48611111111111,False
TKT-100352,Hostel & Maintenance,portal,Medium,2026-08-11 19:14:59,Hostel & Maintenance,0,False,0.19186051999999998,0.0,False,False,True,Closed,2026-08-13 14:18:17.832046,43.05523112388889,True
TKT-100353,Hostel & Maintenance,email,Low,2026-08-11 13:53:05,Academics & Exams,1,True,0.41175521555555555,0.0,False,True,True,Closed,2026-08-15 08:00:00.000000,90.11527777777778,True
TKT-100354,Library,portal,Medium,2026-08-11 17:13:53,Library,0,False,0.24398909555555554,0.0,False,False,False,Closed - No Response,,,
TKT-100355,Hostel & Maintenance,portal,Low,2026-08-11 16:51:31,Hostel & Maintenance,0,False,0.1398864,0.0,True,True,True,Closed,2026-08-17 11:58:57.849308,139.12412480777778,False
TKT-100356,IT Support,portal,Medium,2026-08-11 11:41:15,IT Support,0,False,0.067089655,0.0,False,False,False,Closed,2026-08-12 16:29:48.864084,28.80940669,True
TKT-100357,Fees & Finance,portal,Low,2026-08-11 14:28:51,Fees & Finance,0,False,0.058719734999999995,0.0,False,False,False,Closed - No Response,,,
TKT-100358,Hostel & Maintenance,portal,Medium,2026-08-11 11:35:24,Hostel & Maintenance,0,False,0.21605506972222224,4.620963103204174,False,True,True,Closed,2026-08-14 12:39:03.251874,68.43994019512915,True
TKT-100359,IT Support,email,Medium,2026-08-11 15:30:56,IT Support,0,True,0.05368352055555555,0.0,False,False,False,Closed,2026-08-11 18:52:56.544753,3.3668179869444446,True
TKT-100360,IT Support,portal,Low,2026-08-11 12:42:32,IT Support,0,False,0.0919812875,0.0,False,False,False,Closed,2026-08-12 14:38:27.695367,25.932137601944444,True
TKT-100361,Hostel & Maintenance,walk_in,Medium,2026-08-11 13:58:37,Hostel & Maintenance,0,False,0.1580419011111111,0.0,False,False,False,Closed,2026-08-12 18:16:35.085289,28.299468135833333,True
TKT-100362,Hostel & Maintenance,email,Low,2026-08-11 12:04:23,Hostel & Maintenance,0,True,1.9726170025,0.0,False,False,False,Closed,2026-08-13 11:33:02.656006,47.47768222388889,True
TKT-100363,IT Support,portal,Medium,2026-08-11 18:24:38,IT Support,0,False,0.16606756444444443,0.0,False,False,False,Closed,2026-08-12 13:20:00.336139,18.922871149722223,True
TKT-100364,Hostel & Maintenance,email,Low,2026-08-11 13:30:33,Hostel & Maintenance,0,True,19.81787086111111,0.0,False,True,False,Closed,2026-08-14 10:42:05.882617,69.19246739361111,True
TKT-100365,IT Support,walk_in,Medium,2026-08-11 15:49:28,IT Support,0,False,0.15293696805555557,0.0,False,False,False,Closed,2026-08-11 18:40:37.730256,2.8527028488888893,True
TKT-100366,Academics & Exams,portal,Medium,2026-08-12 17:46:41,Academics & Exams,0,False,0.13716199361111112,0.0,False,True,True,Closed,2026-08-17 13:48:17.222491,116.02672846972223,False
TKT-100367,IT Support,portal,Medium,2026-08-12 09:21:39,Academics & Exams,1,False,0.06840723361111112,0.0,True,True,True,Closed,2026-08-17 12:59:31.226273,123.63117396472222,False
TKT-100368,IT Support,portal,Medium,2026-08-12 12:58:02,IT Support,0,False,0.050696646666666664,0.0,False,False,False,Closed,2026-08-13 16:21:54.527134,27.39792420388889,True
TKT-100369,Academics & Exams,email,Medium,2026-08-12 19:44:13,Academics & Exams,0,True,15.029103293055556,0.0,False,False,False,Closed,2026-08-14 11:30:03.228744,39.763952428888885,True
TKT-100370,Fees & Finance,portal,Medium,2026-08-12 17:28:13,Fees & Finance,0,False,0.18772457083333333,0.0,False,True,True,Closed,2026-08-19 09:00:00.000000,159.52972222222223,False
TKT-100371,Library,portal,Medium,2026-08-12 14:15:55,Fees & Finance,1,True,21.4143030625,3.8539835565804266,True,True,True,Closed,2026-08-27 10:01:41.759588,351.909005217864,False
TKT-100372,Fees & Finance,portal,High,2026-08-12 15:18:48,Fees & Finance,0,False,0.09272322527777778,0.0,False,True,True,Closed,2026-08-18 09:00:00.000000,137.68666666666667,False
TKT-100373,Hostel & Maintenance,portal,Medium,2026-08-12 09:23:44,Hostel & Maintenance,0,False,0.1985886963888889,0.0,False,True,False,Closed,2026-08-14 14:30:18.832862,53.109675795,True
TKT-100374,Hostel & Maintenance,email,Low,2026-08-12 20:20:00,Hostel & Maintenance,0,True,21.153214764999998,3.6732357874215142,False,True,False,Closed,2026-08-17 10:05:47.885825,106.09006583063403,True
TKT-100375,Hostel & Maintenance,portal,Medium,2026-08-12 20:46:17,Hostel & Maintenance,0,False,0.16994818083333332,8.698206284602218,False,True,False,Closed,2026-08-19 08:00:00.000000,146.5304048265089,False
TKT-100376,Library,portal,Medium,2026-08-12 11:03:44,Fees & Finance,1,False,0.05855017277777778,0.0,False,False,True,Closed,2026-08-15 11:19:49.891884,72.26830330111112,False
TKT-100377,Academics & Exams,portal,Medium,2026-08-12 07:13:13,Academics & Exams,0,True,2.2147894997222224,9.944122188807288,False,True,True,Closed,2026-08-17 09:00:00.000000,111.83560003341493,False
TKT-100378,IT Support,email,Medium,2026-08-12 17:43:18,IT Support,0,True,40.879642815833336,0.0,False,False,False,Closed,2026-08-15 16:05:07.276822,70.36368800611112,True
TKT-100379,IT Support,email,Low,2026-08-12 19:24:21,Library,1,True,14.504735791944444,0.0,False,False,True,Closed,2026-08-15 19:24:02.352269,71.99482007472223,True
TKT-100380,IT Support,portal,High,2026-08-12 21:30:10,IT Support,0,False,0.03463118861111111,0.0,False,False,False,Closed,2026-08-13 15:55:55.741748,18.429372707777777,True
TKT-100381,IT Support,email,Medium,2026-08-12 11:38:20,IT Support,0,True,3.733167608611111,0.0,False,False,False,Closed,2026-08-13 16:36:38.787717,28.971885476944443,True
TKT-100382,Hostel & Maintenance,portal,Medium,2026-08-12 11:26:50,Academics & Exams,2,False,0.08679768305555555,0.0,False,True,True,Closed,2026-08-19 09:52:53.049128,166.43418031333334,False
TKT-100383,IT Support,email,Medium,2026-08-12 20:50:48,IT Support,0,True,13.599651927499998,0.0,False,False,False,Closed,2026-08-13 12:56:56.510588,16.10236405222222,True
TKT-100384,Fees & Finance,portal,Medium,2026-08-12 21:46:02,Fees & Finance,0,False,0.06108309,0.0,False,True,True,Closed,2026-08-20 09:00:00.000000,179.23277777777778,False
TKT-100385,Academics & Exams,portal,Medium,2026-08-12 13:25:23,Academics & Exams,0,False,0.03238272638888889,8.48548264897873,False,False,False,Closed,2026-08-14 12:24:19.372121,38.49684294018793,True
TKT-100386,Library,portal,High,2026-08-13 09:06:38,Library,0,False,0.24100924777777777,0.0,False,False,False,Closed,2026-08-13 14:50:46.864599,5.735795721944444,True
TKT-100387,IT Support,portal,High,2026-08-13 10:01:22,IT Support,0,False,0.14537104972222223,0.0,False,False,False,Closed,2026-08-13 15:33:43.573142,5.539325872777778,True
TKT-100388,Academics & Exams,portal,Medium,2026-08-13 00:33:00,Academics & Exams,0,False,0.050671235555555555,22.78628259734108,False,True,False,Closed,2026-08-24 09:00:00.000000,249.6637174026589,False
TKT-100389,Academics & Exams,portal,Low,2026-08-13 12:30:44,Academics & Exams,0,False,0.03943122583333333,6.026142551717653,False,True,False,Closed,2026-08-19 09:00:00.000000,134.46163522606014,False
TKT-100390,Fees & Finance,email,Medium,2026-08-13 15:07:45,Fees & Finance,0,True,2.0691647802777777,14.90382332104316,False,True,False,Closed,2026-08-17 10:43:00.415965,76.68379222479017,False
TKT-100391,IT Support,portal,Medium,2026-08-13 07:26:57,IT Support,0,False,0.1093514275,0.0,False,False,False,Closed,2026-08-13 18:36:45.856971,11.163571380833334,True
TKT-100392,IT Support,portal,Low,2026-08-13 21:44:42,IT Support,0,False,0.08323183305555555,0.0,False,False,False,Closed,2026-08-14 13:29:16.462667,15.742906296388888,True
TKT-100393,Hostel & Maintenance,portal,High,2026-08-13 10:17:50,Hostel & Maintenance,0,False,0.07140720305555555,0.0,False,False,True,Closed,2026-08-15 15:10:51.559052,52.88376640333333,False
TKT-100394,IT Support,portal,Low,2026-08-13 11:30:38,IT Support,0,False,0.24496446916666664,0.0,False,False,False,Closed,2026-08-13 15:50:50.814584,4.33689294,True
TKT-100395,Hostel & Maintenance,email,High,2026-08-13 20:26:00,Hostel & Maintenance,0,True,15.25375784138889,0.0,False,False,False,Closed,2026-08-15 17:45:24.244020,45.32340111666667,False
TKT-100396,Hostel & Maintenance,email,Medium,2026-08-13 10:32:53,Hostel & Maintenance,0,True,22.904013349166668,0.0,False,False,False,Closed,2026-08-15 13:52:11.215016,51.321726393333336,True
TKT-100397,Fees & Finance,email,Medium,2026-08-13 15:33:44,Fees & Finance,0,True,0.08956292416666667,1.3174684397764653,False,True,False,Closed,2026-08-17 10:56:12.479374,90.05710916411242,False
TKT-100398,Hostel & Maintenance,email,High,2026-08-13 18:04:00,Hostel & Maintenance,0,True,16.896846695555556,7.0055576965387045,False,False,False,Closed,2026-08-15 13:14:22.256420,36.16729130901685,False
TKT-100399,Fees & Finance,portal,Medium,2026-08-13 21:53:40,IT Support,2,False,0.14833524166666667,0.0,False,True,False,Closed,2026-08-18 13:22:15.681099,111.47657808305554,False
TKT-100400,Library,email,Medium,2026-08-13 17:28:53,Library,0,True,17.8227760225,0.0,False,False,False,Closed,2026-08-14 14:40:49.051441,21.198903178055556,True
TKT-100401,IT Support,portal,Low,2026-08-13 10:12:00,IT Support,0,False,0.06252082416666667,0.0,False,False,False,Closed,2026-08-13 16:38:18.050128,6.438347257777777,True
TKT-100402,IT Support,portal,Medium,2026-08-13 21:24:15,IT Support,0,False,0.0910607588888889,2.7878670665632668,True,False,False,Closed,2026-08-17 10:20:49.059592,82.15492726454784,False
TKT-100403,Fees & Finance,email,Medium,2026-08-13 20:27:17,Fees & Finance,0,True,14.514281981111111,0.0,False,True,True,Closed,2026-08-20 09:00:00.000000,156.54527777777778,False
TKT-100404,IT Support,email,Medium,2026-08-13 11:53:24,IT Support,0,True,3.3300852902777778,0.0,False,False,False,Closed,2026-08-14 15:02:24.401876,27.150111632222224,True
TKT-100405,Hostel & Maintenance,portal,Low,2026-08-13 07:01:19,Hostel & Maintenance,0,False,0.24875345805555554,0.0,True,True,True,Closed,2026-08-20 12:52:06.679926,173.8465777572222,False
TKT-100406,IT Support,portal,Low,2026-08-13 18:55:16,IT Support,0,False,0.14188254388888888,0.0,False,False,False,Closed,2026-08-14 15:54:36.828667,20.989119074166666,True
TKT-100407,IT Support,portal,Low,2026-08-13 22:23:08,IT Support,0,False,0.09791006972222221,0.0,False,False,False,Closed,2026-08-14 10:01:31.752205,11.639931168055554,True
TKT-100408,Academics & Exams,portal,Medium,2026-08-13 12:40:07,Academics & Exams,0,False,0.08544441944444445,0.0,False,True,True,Closed,2026-08-18 09:00:00.000000,116.3313888888889,False
TKT-100409,Hostel & Maintenance,portal,Medium,2026-08-13 08:50:08,Hostel & Maintenance,0,False,0.06536078555555555,33.185518122120875,True,True,False,Closed,2026-08-19 13:46:45.555298,115.75824723843468,False
TKT-100410,Academics & Exams,email,Medium,2026-08-13 23:54:11,Academics & Exams,0,True,15.221957738055554,0.0,False,True,True,Closed,2026-08-18 09:00:00.000000,105.09694444444445,False
TKT-100411,Hostel & Maintenance,email,Medium,2026-08-13 20:37:25,Fees & Finance,1,True,13.501492124722223,0.0,False,True,False,Closed,2026-08-17 10:11:38.791304,85.57049758444445,False
TKT-100412,IT Support,portal,Medium,2026-08-13 19:20:27,IT Support,0,False,0.19112446194444443,0.0,False,False,False,Closed,2026-08-14 16:18:58.556121,20.975432255833333,True
TKT-100413,IT Support,portal,Low,2026-08-13 11:06:19,Hostel & Maintenance,2,False,0.23304028916666666,0.0,False,False,False,Closed,2026-08-14 18:35:07.266190,31.480073941666664,True
TKT-100414,Library,email,Medium,2026-08-13 12:51:03,Library,0,True,24.626955859444443,0.0,False,False,False,Closed,2026-08-15 11:40:53.363371,46.830656491944445,True
TKT-100415,Fees & Finance,portal,Low,2026-08-14 07:35:39,Fees & Finance,0,False,0.20892385666666669,0.0,True,True,True,Closed,2026-08-18 12:33:28.908963,100.96386360083333,True
TKT-100416,Academics & Exams,portal,High,2026-08-14 16:17:41,Academics & Exams,0,False,0.18191210916666667,0.0,False,True,True,Closed,2026-08-19 09:00:00.000000,112.70527777777778,False
TKT-100417,Library,portal,Low,2026-08-14 10:59:15,Library,0,False,0.018235184166666668,2.4904865125897597,False,False,False,Closed,2026-08-14 14:40:57.043213,1.2045254910213514,True
TKT-100418,IT Support,portal,Low,2026-08-14 16:45:45,IT Support,0,False,0.10574957527777777,0.0,False,False,False,Closed,2026-08-15 15:48:51.384555,23.0517734875,True
TKT-100419,Academics & Exams,portal,Medium,2026-08-14 21:15:11,Academics & Exams,0,False,0.18260369277777777,4.1251527822765715,False,True,True,Closed,2026-08-25 09:00:00.000000,247.62179166216788,False
TKT-100420,IT Support,portal,Medium,2026-08-14 00:55:34,IT Support,0,False,0.05404612527777777,4.4220853882577495,False,False,False,Closed,2026-08-14 13:55:07.901677,8.570665077575583,True
TKT-100421,IT Support,portal,Medium,2026-08-14 14:57:56,IT Support,0,False,0.16801718833333334,1.0724574924556138,False,False,False,Closed,2026-08-15 08:43:05.340935,16.680137211711056,True
TKT-100422,Library,portal,Medium,2026-08-14 18:58:05,Library,0,False,0.22785364111111112,0.0,False,False,False,Closed,2026-08-15 14:19:40.727304,19.35992425111111,True
TKT-100423,Hostel & Maintenance,email,Medium,2026-08-14 22:01:38,Academics & Exams,1,True,11.9243399975,0.0,False,True,True,Closed,2026-08-20 11:18:06.528496,133.2745912488889,False
TKT-100424,Hostel & Maintenance,portal,Medium,2026-08-14 16:01:39,Hostel & Maintenance,0,False,0.15809755916666665,0.0,False,True,False,Closed,2026-08-17 13:20:48.730776,69.31936966,True
TKT-100425,IT Support,email,Medium,2026-08-14 23:57:30,IT Support,0,True,10.765917750555555,0.0,False,False,False,Closed,2026-08-15 16:53:29.731391,16.93325871972222,True
TKT-100426,IT Support,portal,Medium,2026-08-14 11:35:38,IT Support,0,False,0.19669094416666666,0.0,True,False,False,Closed,2026-08-17 11:10:20.206225,71.57839061805555,True
TKT-100427,Hostel & Maintenance,email,Medium,2026-08-14 15:36:47,IT Support,1,True,19.351235537777775,0.0,False,True,False,Closed,2026-08-20 09:13:23.362558,137.61010071055557,False
TKT-100428,Academics & Exams,email,Medium,2026-08-14 20:54:21,Academics & Exams,0,True,15.607890601388888,0.0,False,True,True,Closed,2026-08-17 10:35:47.762633,61.690767398055556,True
TKT-100429,IT Support,portal,Medium,2026-08-14 14:34:29,Library,2,False,0.1352146088888889,0.0,True,True,False,Closed,2026-08-19 14:11:07.021585,119.61056155138888,False
TKT-100430,Hostel & Maintenance,walk_in,Low,2026-08-14 12:31:30,Hostel & Maintenance,0,False,0.23110666305555555,0.0,False,True,True,Closed,2026-08-18 08:00:00.000000,91.475,True
TKT-100431,Library,portal,Medium,2026-08-14 15:41:56,Library,0,False,0.10183985694444445,0.0,False,False,False,Closed,2026-08-15 17:35:15.607362,25.888779822777778,True
TKT-100432,Academics & Exams,portal,Medium,2026-08-14 12:00:57,Academics & Exams,0,False,0.13658360666666666,0.0,False,True,True,Closed,2026-08-18 14:50:15.030463,98.8216751286111,False
TKT-100433,Academics & Exams,portal,Low,2026-08-14 08:59:25,Academics & Exams,0,False,0.22789683444444442,0.0,False,True,True,Closed,2026-08-18 15:49:16.262964,102.83090637888888,True
TKT-100434,Library,portal,Medium,2026-08-14 14:36:50,Library,0,True,2.886189308611111,6.804513782190737,False,False,False,Closed,2026-08-15 17:42:06.945061,20.283526512531488,True
TKT-100435,IT Support,portal,Low,2026-08-14 22:13:46,IT Support,0,False,0.18597983527777778,0.0,False,False,False,Closed,2026-08-17 08:12:12.935397,57.974148721388886,True
TKT-100436,IT Support,portal,Low,2026-08-14 18:18:40,Library,1,False,0.24059936333333332,0.0,False,True,False,Closed,2026-08-17 18:55:03.529213,72.6065358925,True
TKT-100437,Fees & Finance,portal,Medium,2026-08-14 17:04:14,Fees & Finance,0,False,0.1869542422222222,0.0,False,True,True,Closed,2026-08-24 09:00:00.000000,231.92944444444444,False
TKT-100438,Library,email,Medium,2026-08-15 14:22:17,Library,0,True,46.70301561055555,0.0,False,True,True,Closed,2026-08-19 09:00:00.000000,90.62861111111111,False
TKT-100439,Hostel & Maintenance,email,Medium,2026-08-15 09:41:20,Hostel & Maintenance,0,True,0.25462700222222223,0.0,True,False,False,Closed,2026-08-18 11:34:15.807667,73.88216879638888,False
TKT-100440,IT Support,portal,Medium,2026-08-15 12:00:16,Hostel & Maintenance,1,False,0.13236183166666665,0.0,False,False,False,Closed,2026-08-17 15:10:27.873266,51.16996479611112,True
TKT-100441,IT Support,email,Low,2026-08-15 16:26:29,Hostel & Maintenance,1,True,1.3838996177777778,0.0,False,False,True,Closed,2026-08-17 15:14:27.802305,46.79966730694444,True
TKT-100442,Academics & Exams,email,Low,2026-08-15 20:57:08,Hostel & Maintenance,1,True,38.253851833055556,0.0,False,True,False,Closed,2026-08-24 09:00:00.000000,204.04777777777778,False
TKT-100443,Hostel & Maintenance,email,Medium,2026-08-15 14:27:04,Hostel & Maintenance,0,True,2.8308302969444443,0.0,False,True,True,Closed,2026-08-19 08:00:00.000000,89.54888888888888,False
TKT-100444,Academics & Exams,email,Medium,2026-08-15 18:19:27,IT Support,2,True,40.736116526388884,10.318550673115434,False,True,False,Closed,2026-08-24 09:00:00.000000,196.35728266021792,False
TKT-100445,IT Support,portal,Low,2026-08-15 13:36:58,Fees & Finance,1,False,0.06764180833333333,0.0,False,True,True,Closed,2026-08-18 14:27:33.409468,72.84316929666667,True
TKT-100446,Fees & Finance,email,Medium,2026-08-15 11:41:19,Fees & Finance,0,True,4.247924925,19.463599611190524,True,True,True,Closed,2026-08-31 11:44:39.481864,364.5920897954761,False
TKT-100447,Academics & Exams,email,Medium,2026-08-15 14:00:11,Academics & Exams,0,True,1.1953325397222223,0.0,False,False,True,Closed,2026-08-17 13:52:16.106033,47.86808500916666,True
TKT-100448,Hostel & Maintenance,portal,Medium,2026-08-15 21:28:08,Hostel & Maintenance,0,False,0.16275097749999998,0.0,False,False,True,Closed,2026-08-17 17:49:10.789310,44.350774808333334,True
TKT-100449,IT Support,email,Medium,2026-08-15 14:57:55,IT Support,0,True,1.7744907080555554,0.0,False,False,True,Closed,2026-08-17 14:52:38.171982,47.91199221722222,True
TKT-100450,IT Support,portal,High,2026-08-15 11:03:37,IT Support,0,False,0.21016081694444444,0.0,False,False,False,Closed,2026-08-15 15:22:56.131040,4.321980844444444,True
TKT-100451,Hostel & Maintenance,portal,Low,2026-08-15 13:07:25,IT Support,1,False,0.018006530555555556,8.137901397425187,False,True,False,Closed,2026-08-24 08:00:00.000000,202.7384874914637,False
TKT-100452,Hostel & Maintenance,portal,Medium,2026-08-15 08:51:21,Hostel & Maintenance,0,False,0.17546310444444446,0.0,False,True,False,Closed,2026-08-18 08:00:00.000000,71.14416666666666,True
TKT-100453,Academics & Exams,portal,Medium,2026-08-15 18:13:55,Academics & Exams,0,False,0.097973305,0.0,False,True,True,Closed,2026-08-20 09:00:00.000000,110.76805555555555,False
TKT-100454,Fees & Finance,portal,Medium,2026-08-15 09:22:48,Fees & Finance,0,True,2.1543814966666663,0.0,False,True,True,Closed,2026-08-20 09:00:00.000000,119.62,False
TKT-100455,Academics & Exams,walk_in,High,2026-08-15 16:00:43,Academics & Exams,0,False,0.06728634,0.0,False,True,True,Closed,2026-08-18 10:06:46.232339,66.10089787194444,False
TKT-100456,IT Support,portal,Medium,2026-08-15 12:34:55,IT Support,0,True,1.1298342933333334,0.0,False,False,False,Closed,2026-08-15 17:01:37.111337,4.445030926944445,True
TKT-100457,Academics & Exams,portal,High,2026-08-16 17:24:10,Academics & Exams,0,False,0.22285860916666667,0.0,False,True,True,Closed,2026-08-20 09:00:00.000000,87.59722222222223,False
TKT-100458,IT Support,email,Low,2026-08-16 17:45:39,Hostel & Maintenance,1,True,17.86759521611111,29.07408131226797,False,True,False,Closed,2026-08-20 08:00:00.000000,57.16508535439869,True
TKT-100459,Library,email,Low,2026-08-16 12:38:35,Library,0,True,24.949361063888887,0.0,False,True,True,Closed,2026-08-19 10:10:40.109407,69.53475261305556,True
TKT-100460,Academics & Exams,email,Medium,2026-08-16 08:01:25,Academics & Exams,0,True,26.721938053055556,0.0,False,True,False,Closed,2026-08-19 09:00:00.000000,72.97638888888889,False
TKT-100461,IT Support,portal,Medium,2026-08-16 11:01:22,IT Support,0,False,0.0921008925,0.0,False,False,True,Closed,2026-08-17 15:17:22.342445,28.26676179027778,True
TKT-100462,Academics & Exams,portal,High,2026-08-16 21:26:58,Academics & Exams,0,False,0.08129265111111111,0.0,False,False,False,Closed,2026-08-17 13:06:57.320003,15.666477778611112,True
TKT-100463,IT Support,portal,Medium,2026-08-16 21:39:44,Library,2,False,0.09299339138888889,0.0,False,False,False,Closed,2026-08-18 19:06:37.866703,45.44829630638889,True
TKT-100464,Academics & Exams,email,Medium,2026-08-16 10:48:02,Academics & Exams,0,True,23.16197492027778,0.0,False,True,True,Closed,2026-08-19 13:58:21.191661,75.17199768361111,False
TKT-100465,Hostel & Maintenance,portal,Medium,2026-08-16 21:38:59,Hostel & Maintenance,0,False,0.035769496944444444,0.0,False,True,False,Closed,2026-08-21 08:00:00.000000,106.35027777777778,False
TKT-100466,IT Support,portal,Medium,2026-08-17 14:35:57,IT Support,0,False,0.21832244611111112,0.0,False,False,False,Closed,2026-08-19 12:09:52.942047,45.565539457499995,True
TKT-100467,IT Support,email,Medium,2026-08-17 20:27:54,IT Support,0,True,17.32178403888889,0.0,False,False,False,Closed,2026-08-19 12:23:34.722747,39.92797854083333,True
TKT-100468,Fees & Finance,portal,Medium,2026-08-17 12:46:25,Academics & Exams,1,False,0.1704538736111111,0.0,False,True,False,Closed,2026-08-20 12:31:03.642032,71.74406723111112,True
TKT-100469,IT Support,email,Medium,2026-08-17 18:11:45,IT Support,0,True,15.557701438333334,0.0,False,False,False,Closed,2026-08-19 14:09:31.707833,43.96297439805555,True
TKT-100470,Academics & Exams,portal,Medium,2026-08-17 14:25:57,Academics & Exams,0,True,46.09308687583333,8.259743143376092,False,True,False,Closed,2026-08-21 09:34:41.483524,82.88594672440169,False
TKT-100471,IT Support,email,Medium,2026-08-17 10:21:46,IT Support,0,True,1.2133132416666668,7.697799627944331,False,False,False,Closed,2026-08-18 12:02:50.556045,17.98679927344456,True
TKT-100472,Hostel & Maintenance,email,Low,2026-08-17 19:30:06,Hostel & Maintenance,0,True,14.612950566666667,0.0,False,True,False,Closed,2026-08-20 10:29:37.621154,62.99211698722222,True
TKT-100473,Fees & Finance,portal,High,2026-08-17 08:29:40,Fees & Finance,0,False,0.01820878416666667,0.0,True,True,True,Closed,2026-08-24 12:42:01.007795,172.2058354986111,False
TKT-100474,Academics & Exams,portal,Low,2026-08-17 13:46:33,Academics & Exams,0,False,0.0932092125,3.465697883785361,False,False,False,Closed,2026-08-19 13:37:59.132244,44.39156107288131,True
TKT-100475,Hostel & Maintenance,email,Medium,2026-08-17 11:23:25,Academics & Exams,1,True,1.7435970172222222,0.0,False,False,True,Closed,2026-08-19 16:23:39.236314,53.00395453166667,True
TKT-100476,IT Support,portal,Low,2026-08-17 00:36:30,IT Support,0,True,9.914535221944446,0.0,False,False,False,Closed,2026-08-17 18:13:31.575870,17.617104408333333,True
TKT-100477,Fees & Finance,portal,Low,2026-08-17 09:45:46,Fees & Finance,0,False,0.24913636027777777,0.0,False,False,False,Closed,2026-08-18 11:40:07.066907,25.905851918611113,True
TKT-100478,Hostel & Maintenance,portal,Medium,2026-08-17 13:51:13,Hostel & Maintenance,0,False,0.04070553388888889,59.090197981421184,False,True,False,Closed,2026-08-22 08:00:00.000000,55.05619090746771,True
TKT-100479,Hostel & Maintenance,email,Medium,2026-08-17 20:38:28,Hostel & Maintenance,0,True,12.807428263611111,0.0,False,True,False,Closed,2026-08-21 08:00:00.000000,83.35888888888888,False
TKT-100480,Academics & Exams,portal,Medium,2026-08-17 15:14:51,IT Support,1,False,0.05827465861111111,0.0,False,True,False,Closed,2026-08-25 09:00:00.000000,185.7525,False
TKT-100481,Hostel & Maintenance,email,Low,2026-08-17 18:38:58,Hostel & Maintenance,0,True,18.53378414138889,3.0993109442712155,False,True,False,Closed,2026-08-20 11:11:59.585707,61.45112952989545,True
TKT-100482,Academics & Exams,portal,Medium,2026-08-18 14:00:50,Academics & Exams,0,False,0.22082893666666664,0.0,False,False,False,Closed,2026-08-19 15:51:03.422686,25.837061857222224,True
TKT-100483,IT Support,walk_in,Medium,2026-08-18 14:20:52,IT Support,0,False,0.05238290722222222,0.0,False,False,False,Closed,2026-08-18 18:38:07.098657,4.287527404722223,True
TKT-100484,IT Support,portal,Low,2026-08-18 13:18:51,IT Support,0,False,0.17296869055555555,10.744645867205513,False,True,False,Closed,2026-08-21 11:29:54.336016,59.43961413723893,True
TKT-100485,Hostel & Maintenance,email,High,2026-08-18 13:54:54,Hostel & Maintenance,0,True,2.642346841666667,0.0,False,True,True,Closed,2026-08-21 15:38:13.220087,73.72200557972222,False
TKT-100486,Academics & Exams,portal,Medium,2026-08-18 17:50:49,IT Support,1,False,0.05724475083333334,0.0,True,True,False,Closed,2026-08-26 13:58:39.094180,188.13058171666668,False
TKT-100487,Academics & Exams,portal,Medium,2026-08-18 18:54:36,Academics & Exams,0,False,0.022376195555555554,0.0,False,True,False,Closed,2026-08-24 09:00:00.000000,134.09,False
TKT-100488,Hostel & Maintenance,portal,Low,2026-08-18 10:23:16,Hostel & Maintenance,0,False,0.05754271722222223,8.044542976823905,False,False,False,Closed,2026-08-19 16:14:14.447490,21.80502577039832,True
TKT-100489,Library,portal,Medium,2026-08-18 13:37:33,Library,0,False,0.23851868138888888,0.0,True,False,True,Closed,2026-08-24 10:08:17.953930,140.51248720277778,False
TKT-100490,IT Support,portal,Medium,2026-08-18 13:21:21,IT Support,0,False,0.17249616972222223,0.0,False,False,False,Closed,2026-08-18 18:38:58.777384,5.293827051111111,True
TKT-100491,IT Support,portal,Low,2026-08-18 08:06:33,IT Support,0,False,0.2448367786111111,0.0,False,False,False,Closed,2026-08-18 13:06:41.834688,5.00245408,True
TKT-100492,Hostel & Maintenance,email,Low,2026-08-18 12:47:57,Hostel & Maintenance,0,True,0.25854803694444445,0.0,False,False,False,Closed,2026-08-19 11:11:37.326735,22.394535204166665,True
TKT-100493,Academics & Exams,email,Medium,2026-08-18 20:30:18,Academics & Exams,0,True,13.539706066666666,0.0,True,True,True,Closed,2026-08-25 12:40:11.134093,160.16475947027777,False
TKT-100494,IT Support,email,Low,2026-08-18 16:37:22,Fees & Finance,1,True,1.1696487919444445,0.0,False,True,False,Closed,2026-08-21 12:42:30.028895,68.08556358194444,True
TKT-100495,Hostel & Maintenance,portal,Medium,2026-08-18 12:53:12,Hostel & Maintenance,0,False,0.10183161777777777,8.110793316716594,True,True,False,Closed,2026-08-24 17:03:52.395659,140.06709436633898,False
TKT-100496,Hostel & Maintenance,walk_in,Medium,2026-08-18 09:31:43,Hostel & Maintenance,0,False,0.03500091888888889,0.0,False,True,False,Closed,2026-08-21 08:00:00.000000,70.4713888888889,True
TKT-100497,Hostel & Maintenance,portal,Medium,2026-08-18 12:06:24,Hostel & Maintenance,0,False,0.12282155527777779,0.0,False,False,False,Closed,2026-08-19 12:41:39.748760,24.58770798888889,True
TKT-100498,IT Support,portal,Medium,2026-08-18 12:59:16,IT Support,0,False,0.017580144722222222,3.7129385275290225,False,False,False,Closed,2026-08-19 09:18:44.963971,16.611773686637644,True
TKT-100499,Library,portal,Medium,2026-08-18 10:50:59,Library,0,False,0.08202416194444445,0.0,False,False,False,Closed,2026-08-18 13:39:59.537224,2.8168158955555556,True
TKT-100500,IT Support,email,Medium,2026-08-18 12:59:40,IT Support,0,True,25.07548254027778,0.0,False,False,False,Closed,2026-08-20 13:36:10.818747,48.60856076305556,True
TKT-100501,IT Support,walk_in,High,2026-08-18 12:40:51,IT Support,0,False,0.21907424444444445,0.0,False,False,False,Closed,2026-08-19 09:53:56.765266,21.218268129444446,True
TKT-100502,Fees & Finance,portal,Medium,2026-08-18 11:20:12,Fees & Finance,0,True,2.4754506919444443,6.586858648714692,False,True,True,Closed,2026-08-21 10:35:12.747128,64.66334888684085,True
TKT-100503,IT Support,portal,High,2026-08-18 21:15:34,Academics & Exams,1,False,0.20244471944444442,0.0,True,True,True,Closed,2026-08-24 08:06:09.668582,130.8432412727778,False
TKT-100504,Academics & Exams,email,Low,2026-08-18 07:43:01,Academics & Exams,0,True,5.0853608588888894,0.0,False,True,True,Closed,2026-08-20 10:38:43.539597,50.92848322138889,True
TKT-100505,Hostel & Maintenance,portal,Medium,2026-08-18 11:24:54,Hostel & Maintenance,0,False,0.09443824083333333,4.7238090087713,False,False,True,Closed,2026-08-21 08:23:59.962122,64.26118046956204,True
TKT-100506,IT Support,portal,Medium,2026-08-18 21:55:13,IT Support,0,False,0.16961246833333332,0.0,False,False,False,Closed,2026-08-19 15:37:46.404731,17.709279091944445,True
TKT-100507,IT Support,portal,Low,2026-08-18 10:02:35,IT Support,0,False,0.09880260944444444,11.274549291011454,False,False,False,Closed,2026-08-19 09:01:03.746061,11.700102392599657,True
TKT-100508,IT Support,email,Low,2026-08-18 12:07:28,Library,1,True,0.8887818511111112,29.931355147458767,False,True,True,Closed,2026-08-22 08:26:53.796494,62.392477211985685,True
TKT-100509,Hostel & Maintenance,portal,Medium,2026-08-19 09:10:33,Hostel & Maintenance,0,False,0.1193380688888889,0.0,False,True,True,Closed,2026-08-21 14:39:51.851132,53.48856975888889,True
TKT-100510,IT Support,email,Low,2026-08-19 09:35:31,IT Support,0,True,1.2078769316666667,47.57175972369254,False,True,False,Closed,2026-08-22 08:00:00.000000,22.836295831863012,True
TKT-100511,Library,portal,Low,2026-08-19 11:22:12,Library,0,False,0.23103942333333335,0.0,False,False,False,Closed,2026-08-21 09:15:39.584430,45.890995675,True
TKT-100512,Hostel & Maintenance,portal,Low,2026-08-19 11:39:45,Hostel & Maintenance,0,False,0.12435425027777777,0.0,True,True,False,Closed,2026-08-27 18:38:03.602995,198.97183416527776,False
TKT-100513,IT Support,portal,Medium,2026-08-19 17:33:39,IT Support,0,False,0.11562301638888889,6.187779983991613,False,False,False,Closed,2026-08-20 18:26:45.657654,18.697402697675052,True
TKT-100514,IT Support,portal,Low,2026-08-19 22:01:47,IT Support,0,False,0.08708522305555555,0.0,False,False,False,Closed,2026-08-20 19:23:49.833612,21.367453781111113,True
TKT-100515,Hostel & Maintenance,portal,Low,2026-08-19 12:34:38,Library,1,False,0.1847610713888889,0.0,True,False,False,Closed,2026-08-22 16:28:05.851152,75.89106976444445,True
TKT-100516,IT Support,email,Medium,2026-08-19 07:20:36,IT Support,0,True,3.2101733675,23.363014222697398,False,False,False,Closed,2026-08-20 15:51:42.094700,9.15534541619149,True
TKT-100517,Fees & Finance,portal,Medium,2026-08-19 20:48:03,Fees & Finance,0,True,12.261749143333333,0.0,True,True,True,Closed,2026-08-27 13:10:37.765358,184.37632371055554,False
TKT-100518,IT Support,portal,Low,2026-08-19 06:09:20,IT Support,0,False,0.20979865833333333,0.0,False,False,False,Closed,2026-08-20 12:06:33.865174,29.953851437222223,True
TKT-100519,Fees & Finance,portal,High,2026-08-19 13:39:42,Fees & Finance,0,False,0.1735773352777778,0.0,False,True,True,Closed,2026-08-25 09:00:00.000000,139.33833333333334,False
TKT-100520,Academics & Exams,email,High,2026-08-19 15:49:53,Academics & Exams,0,True,0.49442055333333335,0.0,True,False,True,Closed,2026-08-27 12:16:42.504670,188.44708463055557,False
TKT-100521,Fees & Finance,portal,High,2026-08-19 20:59:28,Fees & Finance,0,False,0.12352518,0.0,False,True,False,Closed,2026-08-25 09:00:00.000000,132.0088888888889,False
TKT-100522,IT Support,walk_in,Medium,2026-08-19 10:40:09,IT Support,0,False,0.1997815725,0.0,False,False,False,Closed,2026-08-20 09:49:47.290127,23.16063614638889,True
TKT-100523,IT Support,portal,Medium,2026-08-19 08:04:43,IT Support,0,False,0.24720577944444444,0.0,True,False,False,Closed,2026-08-20 09:54:08.345440,25.823707066666667,True
TKT-100524,Hostel & Maintenance,portal,High,2026-08-19 09:33:26,Hostel & Maintenance,0,False,0.1967009525,0.0,False,False,False,Closed,2026-08-21 09:04:27.060252,47.51696118111111,False
TKT-100525,IT Support,walk_in,Medium,2026-08-19 09:35:47,IT Support,0,False,0.04717135277777778,0.0,False,False,False,Closed,2026-08-20 13:59:16.556206,28.391543390555555,True
TKT-100526,Library,portal,Medium,2026-08-20 10:01:01,Hostel & Maintenance,1,True,2.264002826388889,0.0,False,True,True,Closed,2026-08-25 09:00:00.000000,118.98305555555555,False
TKT-100527,Library,email,Low,2026-08-20 09:54:41,Library,0,True,6.49092711,0.0,False,False,False,Closed,2026-08-21 12:40:50.846999,26.769401944166667,True
TKT-100528,Fees & Finance,portal,Medium,2026-08-20 09:59:20,Fees & Finance,0,True,0.35336352527777776,2.5780442609713847,False,False,False,Closed,2026-08-21 11:39:17.212663,23.087848145417503,True
TKT-100529,IT Support,email,Low,2026-08-20 22:46:40,IT Support,0,True,10.633009299166666,0.0,True,False,False,Closed,2026-08-22 09:22:32.666540,34.59796292777778,True
TKT-100530,IT Support,email,Medium,2026-08-20 17:25:22,IT Support,0,True,18.871856773055555,0.0,False,False,False,Closed,2026-08-21 15:41:05.874881,22.262187466944443,True
TKT-100531,Fees & Finance,portal,Medium,2026-08-20 17:04:00,Fees & Finance,0,False,0.08244490722222222,0.0,False,True,False,Closed,2026-08-25 09:00:00.000000,111.93333333333334,False
TKT-100532,Hostel & Maintenance,email,Medium,2026-08-20 16:37:58,Hostel & Maintenance,0,True,0.49378251,0.0,False,False,False,Closed,2026-08-21 18:18:55.584973,25.6826624925,True
TKT-100533,IT Support,walk_in,High,2026-08-20 14:14:01,IT Support,0,False,0.18193849944444446,4.8190754561694735,False,False,False,Closed,2026-08-21 11:09:16.191139,16.10181097133053,True
TKT-100534,Hostel & Maintenance,walk_in,Medium,2026-08-20 16:37:28,Hostel & Maintenance,0,False,0.17084437666666666,3.5263973991761275,False,False,False,Closed,2026-08-22 15:18:09.778335,43.151874360546095,True
TKT-100535,Hostel & Maintenance,email,Medium,2026-08-20 18:44:42,Hostel & Maintenance,0,True,15.617407411944445,0.0,False,True,False,Closed,2026-08-24 15:00:44.705738,92.26741826055556,False
TKT-100536,Hostel & Maintenance,portal,Low,2026-08-20 11:17:18,Hostel & Maintenance,0,False,0.07985817222222222,0.0,False,True,True,Closed,2026-08-24 13:38:25.873199,98.35218699972224,True
TKT-100537,IT Support,portal,Medium,2026-08-20 11:29:29,IT Support,0,False,0.17271524138888888,0.0,False,False,False,Closed,2026-08-20 17:48:02.050428,6.309180674444444,True
TKT-100538,Academics & Exams,portal,Medium,2026-08-20 17:02:51,Academics & Exams,0,False,0.08426641055555556,0.0,False,False,False,Closed - No Response,,,
TKT-100539,Hostel & Maintenance,email,Medium,2026-08-20 14:00:04,Hostel & Maintenance,0,True,0.46289795305555553,0.0,False,True,True,Closed,2026-08-24 15:28:26.554679,97.47293185527778,False
TKT-100540,IT Support,portal,High,2026-08-20 21:10:48,IT Support,0,False,0.20170156611111112,0.0,False,False,False,Closed,2026-08-21 13:32:08.552757,16.355709099166667,True
TKT-100541,Hostel & Maintenance,email,Low,2026-08-20 12:11:40,Hostel & Maintenance,0,True,0.30759383972222226,0.0,False,False,False,Closed,2026-08-22 09:18:10.419563,45.10844987861111,True
TKT-100542,Hostel & Maintenance,portal,Low,2026-08-20 09:58:22,Fees & Finance,1,False,0.2285619911111111,0.0,False,False,True,Closed - No Response,,,
TKT-100543,IT Support,portal,High,2026-08-20 18:28:28,IT Support,0,True,20.245744998055557,0.0,False,False,False,Closed,2026-08-21 19:33:03.769795,25.076602720833332,False
TKT-100544,IT Support,portal,Medium,2026-08-20 15:35:08,IT Support,0,False,0.08858065472222222,0.0,False,False,False,Closed,2026-08-20 18:24:23.992623,2.8211090619444446,True
TKT-100545,IT Support,portal,Medium,2026-08-21 18:55:30,IT Support,0,False,0.1187394586111111,9.728699546185384,False,True,False,Closed,2026-08-24 12:05:43.596194,55.44174384103684,True
TKT-100546,Library,portal,Low,2026-08-21 10:39:35,Library,0,False,0.04256465194444444,0.0,False,False,True,Closed,2026-08-22 17:36:40.527268,30.951535352222223,True
TKT-100547,Academics & Exams,portal,Medium,2026-08-21 08:33:23,Academics & Exams,0,False,0.05805394861111111,5.211436371963766,False,True,False,Closed,2026-08-27 09:00:00.000000,139.23217473914735,False
TKT-100548,Fees & Finance,portal,High,2026-08-21 23:27:02,Fees & Finance,0,False,0.23516868916666664,0.0,False,True,True,Closed,2026-08-31 09:00:00.000000,225.54944444444445,False
TKT-100549,IT Support,email,Medium,2026-08-21 11:57:24,IT Support,0,True,23.268051789999998,0.0,False,False,False,Closed,2026-08-22 13:19:12.411565,25.363447656944444,True
TKT-100550,Fees & Finance,email,Medium,2026-08-21 09:24:29,Fees & Finance,0,True,1.193733850277778,0.0,False,True,True,Closed,2026-08-26 09:10:37.280960,119.76896693333333,False
TKT-100551,IT Support,portal,Low,2026-08-21 19:53:44,IT Support,0,False,0.1414927036111111,5.66233746004589,False,True,False,Closed,2026-08-24 11:50:22.687028,58.28174226995411,True
TKT-100552,Hostel & Maintenance,portal,Low,2026-08-21 13:30:25,Hostel & Maintenance,0,False,0.08971353388888889,0.0,True,True,True,Closed,2026-08-25 18:45:40.496181,101.25430449472223,True
TKT-100553,IT Support,portal,High,2026-08-21 17:07:49,Fees & Finance,1,False,0.09350622555555556,0.0,False,True,True,Closed,2026-08-28 08:00:00.000000,158.8697222222222,False
TKT-100554,IT Support,portal,Medium,2026-08-21 15:09:29,IT Support,0,False,0.05256119333333333,0.0,False,False,False,Closed,2026-08-22 12:50:46.119289,21.688088691388888,True
TKT-100555,IT Support,walk_in,Medium,2026-08-21 17:45:40,IT Support,0,False,0.18266676722222222,6.22554071200683,False,False,False,Closed,2026-08-22 19:19:01.902808,19.330543401326505,True
TKT-100556,Fees & Finance,portal,Low,2026-08-21 21:36:25,Fees & Finance,0,False,0.10507057361111112,3.1132522744722966,False,True,True,Closed,2026-08-25 09:00:00.000000,80.27980328108325,True
TKT-100557,IT Support,email,Low,2026-08-21 10:56:28,IT Support,0,True,0.8884357086111111,0.0,False,False,False,Closed - No Response,,,
TKT-100558,Academics & Exams,email,Medium,2026-08-21 22:53:48,Academics & Exams,0,True,11.272169600555555,0.0,False,True,True,Closed,2026-08-27 09:10:21.431156,130.2759530988889,False
TKT-100559,Hostel & Maintenance,email,Medium,2026-08-21 09:16:43,Hostel & Maintenance,0,True,0.6632253283333334,0.0,False,False,False,Closed,2026-08-22 16:39:45.678821,31.384077450277776,True
TKT-100560,Hostel & Maintenance,email,Low,2026-08-21 16:12:14,Hostel & Maintenance,0,True,1.5496898172222222,0.0,False,False,False,Closed,2026-08-22 13:41:17.688534,21.484357926111112,True
TKT-100561,Academics & Exams,portal,Medium,2026-08-21 10:55:48,Hostel & Maintenance,1,False,0.10995780944444444,0.0,False,True,False,Closed,2026-08-26 09:00:00.000000,118.07,False
TKT-100562,IT Support,portal,Medium,2026-08-21 20:29:05,IT Support,0,False,0.10014680166666666,0.0,False,False,False,Closed,2026-08-22 12:52:05.429403,16.383452611944445,True
TKT-100563,Fees & Finance,email,Medium,2026-08-21 21:00:34,Hostel & Maintenance,1,True,12.427647065555554,0.0,True,True,False,Closed,2026-08-26 16:43:23.164575,115.71365682638888,False
TKT-100564,Hostel & Maintenance,email,Medium,2026-08-21 23:19:09,Hostel & Maintenance,0,True,12.9564466325,0.0,False,False,False,Closed,2026-08-22 19:42:44.515383,20.393198717500002,True
TKT-100565,Library,portal,High,2026-08-21 16:02:06,Library,0,False,0.09669203944444445,0.0,False,False,False,Closed,2026-08-22 09:47:54.719335,17.76353314861111,True
TKT-100566,Fees & Finance,portal,Medium,2026-08-21 16:07:46,Fees & Finance,0,False,0.17968218583333334,0.0,False,False,True,Closed - No Response,,,
TKT-100567,Hostel & Maintenance,walk_in,Low,2026-08-21 09:39:48,Hostel & Maintenance,0,False,0.11391752527777778,0.0,False,False,False,Closed,2026-08-22 13:07:57.943704,27.469428806666667,True
TKT-100568,IT Support,email,Medium,2026-08-22 19:42:29,IT Support,0,True,44.19338083861111,10.11876272828352,False,True,False,Closed,2026-08-25 14:03:42.220337,56.234909587549815,True
TKT-100569,Academics & Exams,portal,Low,2026-08-22 15:12:15,Academics & Exams,0,False,0.07994501833333334,0.0,False,True,True,Closed,2026-08-26 09:00:00.000000,89.79583333333333,True
TKT-100570,IT Support,portal,Medium,2026-08-22 21:47:22,IT Support,0,False,0.095311055,0.0,False,False,True,Closed,2026-08-24 15:01:37.521229,41.23764478583333,True
TKT-100571,Hostel & Maintenance,portal,Medium,2026-08-22 11:22:09,Hostel & Maintenance,0,False,0.05344290972222222,0.0,False,False,False,Closed,2026-08-24 19:48:54.014433,56.4458373425,True
TKT-100572,Fees & Finance,walk_in,Low,2026-08-22 13:36:56,Fees & Finance,0,False,0.1674184897222222,2.2920443942949666,False,True,True,Closed,2026-09-03 09:00:00.000000,281.0924000501495,False
TKT-100573,Hostel & Maintenance,portal,Medium,2026-08-22 17:49:55,Hostel & Maintenance,0,True,0.05375717916666667,0.0,True,True,True,Closed,2026-08-27 16:13:04.101790,118.38586160833333,False
TKT-100574,Fees & Finance,portal,Medium,2026-08-22 09:53:54,Hostel & Maintenance,4,False,0.23508428027777778,0.0,False,True,True,Closed,2026-09-03 09:00:00.000000,287.1016666666667,False
TKT-100575,IT Support,email,High,2026-08-22 19:41:48,IT Support,0,True,62.868269632777775,1.8908110204665405,False,True,False,Closed,2026-08-25 14:43:47.379164,65.14234985842235,False
TKT-100576,Library,email,High,2026-08-22 17:12:27,Library,0,True,0.03173902333333334,8.7243652534959,False,True,True,Closed,2026-08-25 12:21:48.305465,58.43155293122632,False
TKT-100577,Library,portal,Medium,2026-08-22 19:40:23,Library,0,False,0.019163335277777777,21.27384537494573,False,False,True,Closed,2026-08-25 09:39:42.875010,40.715008794498715,True
TKT-100578,IT Support,portal,High,2026-08-22 18:56:25,IT Support,0,False,0.1776521511111111,0.0,False,False,True,Closed,2026-08-25 09:46:28.837159,62.83439921083333,False
TKT-100579,Academics & Exams,portal,Low,2026-08-22 16:06:34,Academics & Exams,0,False,0.21709193916666666,0.0,False,True,True,Closed,2026-08-25 11:30:16.006327,67.3950017575,True
TKT-100580,IT Support,portal,Medium,2026-08-22 20:25:37,IT Support,0,False,0.23028741861111113,0.0,False,False,True,Closed,2026-08-24 10:19:32.011507,37.8986143075,True
TKT-100581,Library,email,Medium,2026-08-23 18:46:03,Library,0,True,14.680746512777779,3.418621311538945,False,False,False,Closed,2026-08-25 17:05:31.194582,42.90587718346106,True
TKT-100582,Library,email,Medium,2026-08-23 11:54:01,Library,0,True,23.716897794166666,0.0,False,False,False,Closed,2026-08-25 16:52:53.458994,52.98123860944444,True
TKT-100583,Academics & Exams,portal,Medium,2026-08-23 20:33:30,Academics & Exams,0,False,0.1615360597222222,0.0,False,False,False,Closed,2026-08-25 16:21:33.023062,43.80083973944444,True
TKT-100584,Academics & Exams,email,High,2026-08-23 11:07:34,Academics & Exams,0,True,23.906568440277777,1.3419231395896647,False,True,True,Closed,2026-08-27 14:04:18.402253,97.60374415291034,False
TKT-100585,IT Support,email,Medium,2026-08-23 06:33:03,IT Support,0,True,27.45072098055556,0.0,False,True,False,Closed,2026-08-25 11:58:15.994676,53.420276298888886,True
TKT-100586,Hostel & Maintenance,portal,High,2026-08-23 06:24:16,Hostel & Maintenance,0,True,28.540217126944444,0.0,False,True,False,Closed,2026-08-25 13:23:00.508576,54.97903016,False
TKT-100587,Academics & Exams,email,High,2026-08-23 17:47:11,Academics & Exams,0,True,17.20753933583333,0.0,False,True,False,Closed,2026-08-27 09:00:00.000000,87.2136111111111,False
TKT-100588,IT Support,email,Medium,2026-08-24 08:31:47,IT Support,0,True,6.950097648333334,0.0,False,False,False,Closed,2026-08-25 11:01:19.155868,26.49226551888889,True
TKT-100589,Hostel & Maintenance,portal,Low,2026-08-24 12:02:58,IT Support,1,False,0.04077159277777778,19.96569380868036,False,True,False,Closed,2026-08-28 19:38:09.180457,83.62074520715296,True
TKT-100590,IT Support,email,High,2026-08-24 13:17:14,Academics & Exams,2,True,0.6831833402777777,0.0,False,True,False,Closed,2026-08-28 08:00:00.000000,90.71277777777777,False
TKT-100591,Hostel & Maintenance,portal,Medium,2026-08-24 12:58:13,Hostel & Maintenance,0,False,0.21774228138888888,0.0,False,False,False,Closed,2026-08-24 17:16:42.264682,4.308129078333334,True
TKT-100592,IT Support,portal,Medium,2026-08-24 12:43:58,IT Support,0,False,0.08766341916666666,0.0,False,False,False,Closed,2026-08-25 11:39:27.631951,22.92489776416667,True
TKT-100593,Fees & Finance,portal,Medium,2026-08-24 21:30:15,Library,1,False,0.03596144694444444,0.0,False,True,False,Closed,2026-09-02 09:00:00.000000,203.49583333333334,False
TKT-100594,Academics & Exams,email,Medium,2026-08-24 19:23:11,Academics & Exams,0,True,13.697982745000001,0.9336240531418862,False,True,False,Closed,2026-08-27 12:10:39.315649,63.85757473824701,True
TKT-100595,Academics & Exams,portal,Medium,2026-08-24 19:31:42,Academics & Exams,0,False,0.12552056333333333,0.0,False,True,False,Closed,2026-08-31 09:00:00.000000,157.47166666666666,False
TKT-100596,IT Support,email,Low,2026-08-24 14:57:39,IT Support,0,True,0.7831078008333333,0.0,True,False,False,Closed,2026-08-25 14:24:35.916227,23.449143396388887,True
TKT-100597,Fees & Finance,portal,Low,2026-08-24 12:22:07,Fees & Finance,0,False,0.019078974999999998,0.0,False,True,False,Closed,2026-08-27 13:22:43.640927,73.01017803527778,True
TKT-100598,Academics & Exams,portal,Low,2026-08-24 14:05:52,Library,2,False,0.18147720583333335,1.6990530641588373,True,True,False,Closed,2026-09-08 15:15:51.555843,359.46749022556344,False
TKT-100599,IT Support,portal,Medium,2026-08-24 14:30:26,IT Support,0,False,0.04725010972222222,0.0,False,False,False,Closed,2026-08-27 08:25:38.510642,65.920141845,True
TKT-100600,Hostel & Maintenance,portal,Medium,2026-08-24 16:42:16,Hostel & Maintenance,0,False,0.18706465722222224,0.0,False,True,False,Closed,2026-08-27 11:50:24.646107,67.13573502972223,True
TKT-100601,Hostel & Maintenance,portal,Medium,2026-08-24 15:29:28,Academics & Exams,2,False,0.2139042227777778,2.188122816946195,False,True,True,Closed,2026-08-28 08:00:00.000000,86.3207660719427,False
TKT-100602,Hostel & Maintenance,email,Medium,2026-08-24 08:44:32,IT Support,1,True,0.8215228913888889,16.05874304147325,False,False,False,Closed,2026-08-26 08:04:27.869114,31.27344282352675,True
TKT-100603,Hostel & Maintenance,portal,Medium,2026-08-24 17:49:48,Hostel & Maintenance,0,False,0.09322198944444444,3.3181185257379977,False,False,False,Closed,2026-08-26 09:18:23.575893,36.15843033342867,True
TKT-100604,IT Support,email,Medium,2026-08-24 11:34:58,IT Support,0,True,0.4834655505555555,0.0,False,False,False,Closed,2026-08-25 10:00:02.423527,22.41789542416667,True
TKT-100605,Academics & Exams,email,Medium,2026-08-24 14:40:39,Academics & Exams,0,True,0.5740607,0.0,True,False,False,Closed,2026-08-27 09:49:58.358386,67.15537732944445,True
TKT-100606,Hostel & Maintenance,email,Medium,2026-08-24 09:36:55,Hostel & Maintenance,0,True,1.4293360624999998,4.489599614566497,False,False,False,Closed,2026-08-25 14:19:08.179755,24.21406142848906,True
TKT-100607,Academics & Exams,portal,Medium,2026-08-24 02:18:22,Academics & Exams,0,False,0.21898456972222224,0.0,False,False,False,Closed,2026-08-26 09:06:26.982343,54.80138398416667,True
TKT-100608,Academics & Exams,walk_in,Medium,2026-08-24 10:34:32,Academics & Exams,0,False,0.16249471722222222,0.0,False,False,False,Closed,2026-08-25 14:00:12.432292,27.427897858888887,True
TKT-100609,IT Support,email,Low,2026-08-25 13:18:28,IT Support,0,True,0.006537485,0.0,False,False,False,Closed,2026-08-25 17:03:17.850717,3.7471807547222222,True
TKT-100610,Hostel & Maintenance,portal,Medium,2026-08-25 13:46:14,Hostel & Maintenance,0,False,0.15393999222222224,0.0,False,True,False,Closed,2026-09-02 09:03:09.838357,187.2821773213889,False
TKT-100611,IT Support,portal,High,2026-08-25 23:28:50,IT Support,0,False,0.12961946694444446,0.0,False,False,False,Closed,2026-08-26 18:28:33.161697,18.99532269361111,True
TKT-100612,Hostel & Maintenance,portal,Medium,2026-08-25 09:41:28,Hostel & Maintenance,0,False,0.13522952777777777,0.0,False,True,False,Closed,2026-08-27 10:26:27.333421,48.74981483916666,True
TKT-100613,Hostel & Maintenance,email,Low,2026-08-25 11:06:22,IT Support,2,True,1.712083605277778,0.0,False,True,False,Closed,2026-09-01 08:00:00.000000,164.89388888888888,False
TKT-100614,IT Support,email,High,2026-08-25 14:55:47,IT Support,0,True,0.9627100041666666,0.0,False,False,False,Closed - No Response,,,
TKT-100615,IT Support,portal,Medium,2026-08-25 18:50:18,IT Support,0,False,0.17172746277777778,0.0,False,False,False,Closed,2026-08-26 19:57:33.993845,25.12110940138889,True
TKT-100616,Library,portal,Medium,2026-08-25 16:08:30,Library,0,False,0.12146803361111111,0.0,False,False,False,Closed - No Response,,,
TKT-100617,Hostel & Maintenance,portal,Medium,2026-08-25 06:53:03,Library,1,True,9.099665906111111,0.0,False,True,False,Closed,2026-09-04 08:00:00.000000,241.11583333333334,False
TKT-100618,Library,portal,Medium,2026-08-25 10:28:20,Library,0,False,0.14293403277777778,12.084730480931977,False,False,False,Closed,2026-08-26 13:37:35.087836,15.069460584623581,True
TKT-100619,Hostel & Maintenance,email,Medium,2026-08-25 22:09:15,Hostel & Maintenance,0,True,11.78658740888889,0.0,False,True,True,Closed,2026-08-29 08:00:00.000000,81.84583333333333,False
TKT-100620,Academics & Exams,portal,Medium,2026-08-25 11:53:41,Academics & Exams,0,True,0.07067966611111111,0.0,False,False,False,Closed,2026-08-25 15:51:56.460710,3.970961308333333,True
TKT-100621,Hostel & Maintenance,portal,Medium,2026-08-25 11:09:58,IT Support,1,True,0.32015635833333334,0.0,False,True,False,Closed,2026-08-28 13:58:51.797273,74.81494368694445,False
TKT-100622,Hostel & Maintenance,email,Medium,2026-08-25 16:34:49,Hostel & Maintenance,0,True,0.9938866375000001,0.0,False,True,False,Closed,2026-08-28 13:09:57.680767,68.5857446575,True
TKT-100623,Hostel & Maintenance,email,Medium,2026-08-25 17:59:53,Hostel & Maintenance,0,True,16.169079893333333,0.0,False,True,False,Closed,2026-08-28 12:18:35.927844,66.31192440111111,True
TKT-100624,Hostel & Maintenance,portal,Medium,2026-08-26 20:33:01,Hostel & Maintenance,0,False,0.19994562055555554,11.859626510350395,False,True,False,Closed,2026-08-31 13:48:16.340504,101.39463474076072,False
TKT-100625,Fees & Finance,email,Low,2026-08-26 16:04:25,Fees & Finance,0,True,0.01041799361111111,0.0,False,True,True,Closed,2026-09-07 09:00:00.000000,280.9263888888889,False
TKT-100626,Academics & Exams,portal,High,2026-08-26 19:32:42,Hostel & Maintenance,2,False,0.06667643861111111,7.521924490169291,False,True,False,Closed,2026-09-03 09:00:00.000000,173.93307550983073,False
TKT-100627,Hostel & Maintenance,portal,Low,2026-08-26 19:08:11,Hostel & Maintenance,0,False,0.13199564805555555,0.0,False,False,False,Closed,2026-08-28 09:37:05.290060,38.481747238888886,True
TKT-100628,IT Support,email,Low,2026-08-26 12:03:32,IT Support,0,True,0.17025587194444444,0.0,False,False,False,Closed,2026-08-28 09:26:21.062366,45.38029510166667,True
TKT-100629,Academics & Exams,portal,Medium,2026-08-26 13:45:59,Academics & Exams,0,False,0.20549399138888888,0.0,False,True,True,Closed,2026-08-31 10:23:14.796144,116.62105448444446,False
TKT-100630,IT Support,email,Medium,2026-08-26 20:52:00,IT Support,0,True,12.504539764444445,0.0,False,False,False,Closed,2026-08-27 14:26:32.581974,17.575717215,True
TKT-100631,Academics & Exams,walk_in,Medium,2026-08-26 12:08:46,Academics & Exams,0,False,0.19474629805555557,0.0,False,False,False,Closed - No Response,,,
TKT-100632,IT Support,walk_in,Medium,2026-08-26 11:06:41,IT Support,0,False,0.14343411722222224,0.0,False,False,False,Closed,2026-08-26 17:59:59.013448,6.888337068888889,True
TKT-100633,Academics & Exams,portal,High,2026-08-26 15:21:16,Academics & Exams,0,False,0.1358904725,0.0,True,True,True,Closed,2026-09-02 11:40:52.886598,164.32691294388889,False
TKT-100634,Fees & Finance,portal,Medium,2026-08-26 21:32:27,Fees & Finance,0,False,0.12226458555555555,0.0,False,False,False,Closed,2026-08-28 13:12:43.201108,39.671166974444446,True
TKT-100635,Fees & Finance,portal,Medium,2026-08-26 13:53:45,Fees & Finance,0,False,0.07022925027777778,0.0,False,False,True,Closed,2026-08-28 16:05:43.825619,50.19967378305556,True
TKT-100636,Academics & Exams,email,Low,2026-08-26 14:40:35,Academics & Exams,0,True,0.33750747638888884,2.295335636647796,False,True,False,Closed,2026-08-31 12:31:38.240852,115.55556460001888,True
TKT-100637,IT Support,portal,Medium,2026-08-26 15:40:28,Academics & Exams,1,False,0.0874342661111111,0.0,True,True,True,Closed,2026-09-01 11:53:42.113905,140.22058719583333,False
TKT-100638,IT Support,portal,Low,2026-08-26 23:10:37,IT Support,0,True,11.450857222777778,0.0,False,False,False,Closed,2026-08-28 18:52:07.652638,43.691847955,True
TKT-100639,Academics & Exams,email,High,2026-08-27 12:42:56,Academics & Exams,0,True,1.7398501116666665,0.0,False,True,False,Closed,2026-09-01 09:00:00.000000,116.28444444444445,False
TKT-100640,IT Support,portal,High,2026-08-27 20:34:18,IT Support,0,True,15.130888052222224,0.0,False,False,False,Closed,2026-08-28 15:37:11.468579,19.048185716388886,True
TKT-100641,IT Support,portal,Medium,2026-08-27 20:21:16,IT Support,0,False,0.19865057944444442,0.0,False,False,False,Closed,2026-08-28 14:49:17.067149,18.466963096944443,True
TKT-100642,IT Support,portal,Low,2026-08-27 06:11:43,IT Support,0,False,0.17860481583333335,0.0,True,False,False,Closed,2026-08-29 10:00:31.525755,51.81347937638889,True
TKT-100643,Library,portal,Medium,2026-08-27 18:44:07,Library,0,False,0.14370261722222222,0.0,False,False,False,Closed,2026-08-28 14:51:54.050953,20.129736375833332,True
TKT-100644,Academics & Exams,email,Medium,2026-08-27 18:34:41,Academics & Exams,0,True,17.78910478527778,0.0,False,True,True,Closed,2026-09-02 09:00:00.000000,134.42194444444445,False
TKT-100645,Hostel & Maintenance,email,Medium,2026-08-27 12:26:21,Hostel & Maintenance,0,True,1.0316235402777778,0.0,False,False,False,Closed,2026-08-29 17:12:57.492134,52.776803370555555,True
TKT-100646,Fees & Finance,portal,Medium,2026-08-27 18:46:44,Fees & Finance,0,False,0.09208560472222221,12.770021830042076,False,True,True,Closed,2026-09-02 09:00:00.000000,121.45108928106902,False
TKT-100647,Hostel & Maintenance,email,Medium,2026-08-27 20:14:36,Hostel & Maintenance,0,True,16.58741321611111,0.0,False,False,False,Closed,2026-08-29 11:53:23.638860,39.64656635,True
TKT-100648,Hostel & Maintenance,portal,Medium,2026-08-27 17:58:48,Hostel & Maintenance,0,False,0.18784570750000001,0.0,True,True,False,Closed,2026-09-02 18:08:16.495080,144.1579153,False
TKT-100649,Hostel & Maintenance,portal,Medium,2026-08-27 16:11:48,Fees & Finance,1,False,0.024643869722222222,3.6568431980041636,False,True,True,Closed,2026-09-05 08:00:00.000000,204.14649013532917,False
TKT-100650,Hostel & Maintenance,portal,Low,2026-08-27 12:31:57,Hostel & Maintenance,0,False,0.19046544722222222,52.28376952507646,False,True,False,Closed,2026-09-07 08:00:00.000000,207.18373047492352,False
TKT-100651,Hostel & Maintenance,email,High,2026-08-27 07:18:41,Hostel & Maintenance,0,True,9.7052062075,0.0,False,False,False,Closed,2026-08-29 19:51:02.606486,60.539335135,False
TKT-100652,Hostel & Maintenance,email,High,2026-08-27 10:56:59,Hostel & Maintenance,0,True,4.869927570277778,9.266015117778599,False,False,False,Closed,2026-08-29 12:54:12.651657,40.68777700916585,False
TKT-100653,IT Support,portal,Low,2026-08-27 19:06:29,IT Support,0,False,0.19486836638888888,0.0,False,False,False,Closed,2026-08-28 13:48:52.108435,18.70641900972222,True
TKT-100654,Academics & Exams,portal,Low,2026-08-27 14:25:29,Academics & Exams,0,False,0.14800958777777778,0.0,True,True,False,Closed,2026-09-02 09:01:07.341024,138.59398361777778,False
TKT-100655,Library,portal,Medium,2026-08-27 12:45:24,Library,0,False,0.10951861222222221,0.0,False,False,False,Closed,2026-08-28 10:01:40.537794,21.271260498333334,True
TKT-100656,IT Support,portal,Medium,2026-08-27 09:59:08,IT Support,0,False,0.08503152583333333,0.0,False,False,False,Closed,2026-08-27 19:15:17.050358,9.269180655,True
TKT-100657,Academics & Exams,email,Medium,2026-08-27 08:10:18,Academics & Exams,0,True,1.774013984166667,0.0,False,True,True,Closed,2026-09-01 09:00:00.000000,120.82833333333333,False
TKT-100658,IT Support,email,Medium,2026-08-27 18:43:56,IT Support,0,True,18.024146119166666,0.0,False,False,False,Closed,2026-08-29 10:43:41.105513,39.99586264249999,True
TKT-100659,Academics & Exams,portal,Medium,2026-08-27 17:56:05,Academics & Exams,0,False,0.24901291194444442,0.0,False,False,False,Closed - No Response,,,
TKT-100660,IT Support,portal,High,2026-08-27 12:46:56,IT Support,0,False,0.09053755638888888,0.0,False,False,False,Closed,2026-08-27 16:56:01.627942,4.151563317222222,True
TKT-100661,Fees & Finance,portal,Low,2026-08-27 08:54:47,Fees & Finance,0,False,0.11221825888888888,0.0,True,True,True,Closed,2026-09-09 11:10:56.728070,314.2693689083333,False
TKT-100662,Academics & Exams,email,Low,2026-08-27 19:35:41,Academics & Exams,0,True,13.692931602777778,0.0,False,True,True,Closed,2026-09-01 15:43:47.679118,116.13518864388888,True
TKT-100663,Hostel & Maintenance,portal,Medium,2026-08-27 20:13:04,Hostel & Maintenance,0,False,0.17194683444444445,0.0,False,False,False,Closed,2026-08-31 09:28:33.677050,85.258243625,False
TKT-100664,IT Support,portal,Low,2026-08-27 21:05:50,IT Support,0,False,0.03600916111111111,2.730784881235506,False,False,False,Closed,2026-08-29 11:35:35.873655,35.76529113404227,True
TKT-100665,IT Support,portal,Medium,2026-08-28 17:53:56,IT Support,0,False,0.22444901388888888,0.0,True,True,False,Closed,2026-09-01 14:38:57.678817,92.75046633805556,False
TKT-100666,Fees & Finance,email,Medium,2026-08-28 20:32:17,Fees & Finance,0,True,14.051158289166667,0.0,False,True,True,Closed,2026-09-03 09:00:00.000000,132.46194444444444,False
TKT-100667,Academics & Exams,portal,Medium,2026-08-28 12:23:03,Academics & Exams,0,False,0.22944036666666667,2.3404115292695025,False,True,True,Closed,2026-09-03 09:22:12.254256,138.64549243073049,False
TKT-100668,Fees & Finance,portal,Medium,2026-08-28 15:56:32,Fees & Finance,0,False,0.06598390722222222,0.0,False,True,True,Closed,2026-09-03 09:00:00.000000,137.05777777777777,False
TKT-100669,IT Support,portal,Medium,2026-08-28 22:33:10,IT Support,0,False,0.245535655,0.0,False,True,False,Closed,2026-08-31 13:51:58.166753,63.31337965361111,True
TKT-100670,Hostel & Maintenance,email,High,2026-08-28 12:41:22,Hostel & Maintenance,0,True,2.889086623611111,0.0,True,True,True,Closed,2026-09-02 15:13:22.304200,122.53341783333333,False
TKT-100671,Fees & Finance,portal,Low,2026-08-28 16:50:24,Fees & Finance,0,True,0.6357656599999999,0.0,True,True,True,Closed,2026-09-02 13:02:35.437786,116.20317716277779,True
TKT-100672,IT Support,portal,Medium,2026-08-28 21:47:14,IT Support,0,False,0.18065298083333334,0.0,False,False,False,Closed,2026-08-29 13:51:54.059290,16.077794247222222,True
TKT-100673,Library,email,Low,2026-08-28 18:14:08,Library,0,True,15.646220957777778,0.0,True,False,False,Closed,2026-08-31 12:05:04.499023,65.8490275063889,True
TKT-100674,Hostel & Maintenance,portal,Medium,2026-08-28 08:07:13,Hostel & Maintenance,0,False,0.10705029388888888,0.0,False,True,True,Closed,2026-09-01 19:41:47.059549,107.5761276525,False
TKT-100675,Academics & Exams,walk_in,Medium,2026-08-28 13:18:44,Academics & Exams,0,False,0.08434415361111111,0.0,True,True,True,Closed,2026-09-03 15:30:45.075314,146.20029869833334,False
TKT-100676,IT Support,portal,Medium,2026-08-28 09:42:26,Hostel & Maintenance,1,False,0.1918507538888889,0.0,False,False,False,Closed,2026-08-29 17:15:26.243184,31.550067551111113,True
TKT-100677,Hostel & Maintenance,portal,Medium,2026-08-28 11:36:32,Hostel & Maintenance,0,False,0.10800412222222222,4.639190287680334,False,True,True,Closed,2026-08-31 17:41:55.722546,73.4507326417641,False
TKT-100678,IT Support,email,Medium,2026-08-28 12:30:09,IT Support,0,True,3.224012829166667,5.699696869055477,False,False,False,Closed,2026-08-29 18:04:48.376616,23.877907746500078,True
TKT-100679,Academics & Exams,portal,Medium,2026-08-28 10:29:41,Academics & Exams,0,False,0.1517852722222222,0.0,False,True,False,Closed,2026-08-31 12:56:59.476691,74.45513241416667,False
TKT-100680,Fees & Finance,email,Medium,2026-08-28 15:26:31,Fees & Finance,0,True,2.313337674444444,26.971978837202453,False,True,True,Closed,2026-09-07 09:00:00.000000,206.58607671835313,False
TKT-100681,Fees & Finance,portal,Low,2026-08-28 20:53:14,Fees & Finance,0,False,0.038442573055555554,0.0,False,True,True,Closed,2026-09-01 15:13:07.914304,90.33164286222221,True
TKT-100682,Academics & Exams,portal,Medium,2026-08-28 14:26:17,Academics & Exams,0,False,0.1153488386111111,0.0,True,True,False,Closed,2026-09-07 09:33:03.973194,235.11304810944443,False
TKT-100683,IT Support,email,Medium,2026-08-28 10:19:11,IT Support,0,True,2.4440906666666664,0.0,False,False,False,Closed,2026-08-29 14:42:30.108552,28.388641264444445,True
TKT-100684,Hostel & Maintenance,portal,High,2026-08-28 10:03:29,Hostel & Maintenance,0,False,0.11348989722222222,3.954568398613676,False,True,False,Closed,2026-08-31 10:27:02.446300,68.43805557360855,False
TKT-100685,Fees & Finance,portal,Medium,2026-08-29 17:16:59,Fees & Finance,0,False,0.24620062444444443,0.0,False,True,True,Closed,2026-09-01 12:52:56.330038,67.59925834388889,True
TKT-100686,Hostel & Maintenance,portal,Low,2026-08-29 20:50:44,Hostel & Maintenance,0,True,36.16269953444444,0.0,False,True,True,Closed,2026-09-02 08:00:00.000000,83.15444444444445,True
TKT-100687,Academics & Exams,portal,Medium,2026-08-29 21:51:47,Academics & Exams,0,False,0.19929567722222222,0.0,False,True,True,Closed,2026-09-03 09:00:00.000000,107.13694444444444,False
TKT-100688,Academics & Exams,email,Low,2026-08-29 10:22:29,Academics & Exams,0,True,7.2070414877777775,0.0,False,True,True,Closed,2026-09-01 13:56:55.408451,75.5740023475,True
TKT-100689,IT Support,email,Medium,2026-08-29 18:47:08,IT Support,0,True,43.18187919277778,0.0,False,True,False,Closed,2026-09-01 11:57:01.461437,65.16485039916667,True
TKT-100690,IT Support,portal,High,2026-08-29 17:42:58,IT Support,0,False,0.08792177833333333,0.0,False,False,True,Closed,2026-08-31 10:57:03.995041,41.234998622499994,False
TKT-100691,Academics & Exams,portal,High,2026-08-29 19:20:52,Academics & Exams,0,False,0.07200738388888889,0.0,False,True,True,Closed,2026-09-07 09:00:00.000000,205.65222222222224,False
TKT-100692,IT Support,portal,Low,2026-08-29 10:51:00,IT Support,0,False,0.14884919138888889,4.386027907527047,False,False,False,Closed,2026-08-31 12:57:37.090857,45.72427510830629,True
TKT-100693,IT Support,portal,Medium,2026-08-29 10:13:35,IT Support,0,False,0.12351260888888889,0.0,False,False,False,Closed,2026-08-29 17:12:33.454068,6.982903907777778,True
TKT-100694,IT Support,portal,High,2026-08-29 17:22:28,IT Support,0,False,0.027360215,9.475970206107704,False,False,False,Closed,2026-08-31 10:57:05.131656,32.10101080944786,False
TKT-100695,Hostel & Maintenance,portal,Medium,2026-08-30 14:22:09,Hostel & Maintenance,0,False,0.11957865527777778,0.0,True,True,True,Closed,2026-09-07 09:40:10.869475,187.3005192986111,False
TKT-100696,IT Support,portal,Medium,2026-08-30 19:18:44,IT Support,0,False,0.24907175111111113,13.798423447568767,False,False,False,Closed,2026-09-01 09:44:53.564532,24.637566700209007,True
TKT-100697,Library,email,Medium,2026-08-30 16:17:36,Library,0,True,17.3978979,0.0,False,False,False,Closed,2026-09-01 09:08:30.504971,40.84847360305555,True
TKT-100698,IT Support,portal,High,2026-08-30 14:26:41,IT Support,0,False,0.12248014916666666,0.0,False,False,False,Closed,2026-08-31 11:41:10.688181,21.24158005027778,True
TKT-100699,Hostel & Maintenance,email,Low,2026-08-30 19:49:32,IT Support,1,True,16.075823447222223,0.0,False,True,False,Closed,2026-09-03 08:00:00.000000,84.17444444444445,True
TKT-100700,Academics & Exams,email,Medium,2026-08-30 16:15:02,Academics & Exams,0,True,17.410147034722222,0.0,False,False,False,Closed,2026-09-01 12:31:22.358734,44.27232187055556,True
TKT-100701,Library,portal,Low,2026-08-30 11:36:04,Library,0,False,0.1866807325,0.0,False,False,False,Closed,2026-08-31 12:00:05.280572,24.400355714444444,True
TKT-100702,Library,portal,Low,2026-08-30 08:22:06,Library,0,False,0.10620317055555556,37.776225957574994,False,True,True,Closed,2026-09-02 09:00:00.000000,34.85544070909167,True
TKT-100703,Academics & Exams,portal,Low,2026-08-30 09:40:34,Academics & Exams,0,False,0.1721493663888889,0.0,False,True,True,Closed,2026-09-01 11:11:05.238593,49.50867738694444,True
TKT-100704,IT Support,email,Low,2026-08-30 08:03:50,Hostel & Maintenance,1,True,29.188610783888887,0.0,False,True,True,Closed,2026-09-05 08:00:00.000000,143.9361111111111,False
TKT-100705,Academics & Exams,portal,Medium,2026-08-30 14:48:48,Academics & Exams,0,False,0.07875779027777778,0.0,False,False,False,Closed,2026-09-01 12:00:13.385173,45.190384770277774,True
TKT-100706,Academics & Exams,email,Medium,2026-08-30 15:37:07,Academics & Exams,0,True,21.049115500555555,0.0,False,True,False,Closed,2026-09-02 10:44:17.998734,67.11972187055555,True
TKT-100707,IT Support,email,High,2026-08-30 19:32:01,IT Support,0,True,13.709711723055557,0.0,False,True,False,Closed,2026-09-02 15:33:14.463457,68.02040651583333,False
TKT-100708,IT Support,email,High,2026-08-30 10:28:36,IT Support,0,True,22.863905902777777,0.0,False,True,False,Closed,2026-09-02 12:11:31.245991,73.7153461086111,False
TKT-100709,IT Support,portal,Low,2026-08-30 23:14:24,Academics & Exams,1,False,0.06102787916666667,13.66801850697275,False,False,False,Closed,2026-09-01 19:06:05.243663,30.193438066082805,True
TKT-100710,Library,portal,Medium,2026-08-31 19:12:55,Library,0,False,0.20772440166666667,0.0,False,False,False,Closed,2026-09-02 09:21:51.542901,38.14903969472223,True
TKT-100711,IT Support,email,Low,2026-08-31 11:09:09,IT Support,0,True,0.9618843183333333,0.0,False,False,False,Closed,2026-08-31 15:51:55.523677,4.712923243611112,True
TKT-100712,IT Support,portal,High,2026-08-31 17:18:51,IT Support,0,False,0.2236999925,15.997961909760484,False,False,False,Closed,2026-09-02 12:46:57.012346,27.470374853017297,False
TKT-100713,Fees & Finance,email,Medium,2026-08-31 18:36:10,Hostel & Maintenance,1,True,15.72917885,0.0,False,True,True,Closed,2026-09-07 09:00:00.000000,158.3972222222222,False
TKT-100714,Academics & Exams,portal,High,2026-08-31 20:50:19,Academics & Exams,0,False,0.04568897055555555,0.0,False,False,False,Closed,2026-09-01 16:12:27.797818,19.369110505000002,True
TKT-100715,Hostel & Maintenance,portal,Medium,2026-08-31 19:36:26,Hostel & Maintenance,0,False,0.09096920611111112,0.0,False,False,False,Closed,2026-09-01 13:07:53.301942,17.524250539444445,True
TKT-100716,Fees & Finance,walk_in,Medium,2026-08-31 16:11:35,Fees & Finance,0,False,0.20355478861111112,6.34203026187564,False,False,False,Closed,2026-09-02 12:27:29.308040,37.92305530479103,True
TKT-100717,IT Support,portal,Medium,2026-08-31 07:16:59,IT Support,0,False,0.044892838888888884,0.0,False,False,False,Closed,2026-09-01 09:02:00.499520,25.750416533333333,True
TKT-100718,Academics & Exams,portal,Medium,2026-08-31 20:46:25,Academics & Exams,0,False,0.05684482805555555,0.0,True,False,False,Closed,2026-09-03 16:47:17.035556,68.0144543211111,True
TKT-100719,IT Support,portal,Medium,2026-08-31 17:46:04,IT Support,0,False,0.2276423863888889,11.17309749233981,False,False,False,Closed,2026-09-02 19:36:47.402185,38.672292003493524,True
TKT-100720,Fees & Finance,email,High,2026-08-31 15:25:36,Fees & Finance,0,True,1.4785453552777776,0.0,False,True,False,Closed,2026-09-07 09:00:00.000000,161.57333333333332,False
TKT-100721,Library,portal,Medium,2026-08-31 11:42:10,Academics & Exams,1,True,2.775733323611111,0.0,False,True,False,Closed,2026-09-03 13:32:02.819116,73.83133864333334,False
TKT-100722,IT Support,portal,Medium,2026-08-31 13:37:30,IT Support,0,False,0.22720358416666667,0.0,False,False,False,Closed,2026-08-31 17:52:31.608073,4.250446686944445,True
TKT-100723,Academics & Exams,portal,Low,2026-08-31 20:48:29,Academics & Exams,0,False,0.15238294249999998,5.829863354008673,False,True,False,Closed,2026-09-03 10:30:35.673842,55.87199049099132,True
TKT-100724,IT Support,portal,Medium,2026-08-31 09:34:44,IT Support,0,False,0.08877303722222223,8.346056857744845,False,False,False,Closed,2026-09-01 10:07:23.992257,16.198385435866268,True
TKT-100725,Hostel & Maintenance,portal,Medium,2026-08-31 20:08:40,Hostel & Maintenance,0,False,0.23854163083333332,0.0,False,True,False,Closed,2026-09-03 11:28:33.887641,63.331635455833336,True
TKT-100726,Library,portal,Low,2026-08-31 20:19:04,Library,0,False,0.22026950722222222,2.3417898822666072,False,False,True,Closed,2026-09-02 16:44:04.544110,42.07502792606672,True
TKT-100727,Hostel & Maintenance,portal,Low,2026-08-31 14:25:05,Hostel & Maintenance,0,False,0.09531790055555556,0.0,True,True,False,Closed,2026-09-05 19:31:36.715136,125.10880976,False
TKT-100728,Fees & Finance,portal,Medium,2026-08-31 11:41:30,Fees & Finance,0,False,0.22697437527777778,0.0,False,True,True,Closed,2026-09-07 09:00:00.000000,165.30833333333334,False
TKT-100729,Hostel & Maintenance,portal,High,2026-08-31 17:27:34,Hostel & Maintenance,0,False,0.21736809083333333,0.0,False,True,True,Closed,2026-09-04 08:00:00.000000,86.54055555555556,False
TKT-100730,IT Support,portal,Low,2026-08-31 16:40:13,IT Support,0,False,0.13421738777777778,0.0,False,False,False,Closed,2026-08-31 17:18:27.345724,0.6373182566666666,True
TKT-100731,Academics & Exams,portal,High,2026-08-31 16:56:52,Academics & Exams,0,False,0.09765893222222223,0.0,False,False,False,Closed,2026-09-02 12:30:28.334430,43.56009289722222,False
TKT-100732,IT Support,walk_in,High,2026-08-31 12:51:00,IT Support,0,False,0.1581381072222222,4.789526676586384,False,False,False,Closed,2026-09-01 12:28:25.176822,18.834133551746948,True
TKT-100733,Academics & Exams,portal,High,2026-08-31 17:38:59,Academics & Exams,0,False,0.16212260916666665,0.0,True,False,False,Closed,2026-09-03 13:08:23.301952,67.49008387555556,False
TKT-100734,IT Support,portal,Medium,2026-08-31 11:01:32,IT Support,0,False,0.17537122555555557,0.0,False,False,False,Closed,2026-08-31 17:58:51.553954,6.955431653888889,True
TKT-100735,Hostel & Maintenance,portal,Medium,2026-08-31 18:29:44,Hostel & Maintenance,0,True,15.491577659444445,0.0,False,True,False,Closed,2026-09-05 08:00:00.000000,109.50444444444445,False
TKT-100736,IT Support,walk_in,Medium,2026-08-31 10:03:59,IT Support,0,False,0.23780860888888888,31.470532052545348,False,False,False,Closed,2026-09-02 08:32:51.061460,15.010596130787984,True
TKT-100737,IT Support,portal,Medium,2026-08-31 16:45:29,IT Support,0,False,0.18851070666666667,1.351390882042326,False,False,False,Closed,2026-09-01 13:29:00.702087,19.374081919902117,True
TKT-100738,IT Support,email,Medium,2026-08-31 09:49:05,IT Support,0,True,1.0725957194444444,12.284087659007051,False,False,False,Closed,2026-09-01 12:12:45.646814,14.110536455992952,True
TKT-100739,IT Support,email,High,2026-08-31 17:03:40,Library,1,True,0.8309910600000001,0.0,False,False,False,Closed,2026-09-01 18:51:31.721428,25.797700396666666,False
TKT-100740,Fees & Finance,portal,High,2026-09-01 08:54:21,IT Support,1,False,0.16096798444444443,0.0,False,True,False,Closed,2026-09-04 09:00:00.000000,72.09416666666667,False
TKT-100741,Library,email,Low,2026-09-01 18:51:03,Library,0,True,19.587669851944444,0.0,False,False,False,Closed,2026-09-03 12:20:18.847467,41.487735407500004,True
TKT-100742,Fees & Finance,portal,Low,2026-09-01 16:13:14,Fees & Finance,0,False,0.20530629916666665,0.0,False,False,False,Closed,2026-09-03 13:42:32.350932,45.48843081444444,True
TKT-100743,Library,portal,Medium,2026-09-01 13:51:50,Library,0,False,0.045041891388888894,3.2610832715341074,False,False,False,Closed,2026-09-03 11:36:26.255534,42.482321043465895,True
TKT-100744,IT Support,email,High,2026-09-01 17:08:56,IT Support,0,True,19.20236180361111,0.0,False,False,False,Closed,2026-09-02 14:37:27.422591,21.475395164166667,True
TKT-100745,Fees & Finance,portal,Medium,2026-09-01 08:20:04,Fees & Finance,0,False,0.21116055222222224,0.0,False,True,True,Closed,2026-09-04 09:00:00.000000,72.66555555555556,False
TKT-100746,Fees & Finance,portal,Low,2026-09-01 09:20:56,Fees & Finance,0,False,0.065556245,0.0,False,False,True,Closed - No Response,,,
TKT-100747,Hostel & Maintenance,portal,Medium,2026-09-01 21:42:37,Hostel & Maintenance,0,True,13.902872496666667,11.669510130505492,False,True,True,Closed,2026-09-04 14:46:44.478995,53.399234034772284,True
TKT-100748,Hostel & Maintenance,portal,Medium,2026-09-01 09:06:37,Hostel & Maintenance,0,False,0.20158752472222224,0.0,False,True,True,Closed,2026-09-07 15:07:24.235959,150.0131210997222,False
TKT-100749,IT Support,portal,Low,2026-09-01 11:03:43,IT Support,0,False,0.08293882138888888,11.526634720924122,False,False,False,Closed,2026-09-02 09:47:20.512944,11.20045220796477,True
TKT-100750,Academics & Exams,portal,Medium,2026-09-01 11:39:53,Academics & Exams,0,False,0.04815506888888889,0.0,False,True,False,Closed,2026-09-15 09:00:00.000000,333.3352777777778,False
TKT-100751,Fees & Finance,email,Medium,2026-09-01 21:37:41,Fees & Finance,0,True,11.380139425555555,13.343971222026788,False,True,True,Closed,2026-09-07 09:00:00.000000,118.02797322241764,False
TKT-100752,Hostel & Maintenance,portal,Low,2026-09-01 16:03:53,Hostel & Maintenance,0,False,0.021947066666666668,0.0,False,False,False,Closed,2026-09-03 12:04:55.982102,44.017495028333336,True
TKT-100753,Academics & Exams,portal,Low,2026-09-01 10:45:06,Academics & Exams,0,False,0.03318148111111111,0.0,False,True,True,Closed,2026-09-04 11:29:59.197809,72.7481105025,True
TKT-100754,Academics & Exams,email,Medium,2026-09-01 22:47:18,Academics & Exams,0,True,13.56567528611111,0.0,False,True,True,Closed,2026-09-07 09:00:00.000000,130.21166666666667,False
TKT-100755,IT Support,portal,High,2026-09-01 18:57:43,IT Support,0,False,0.2449996047222222,3.0787072874044927,False,True,False,Closed,2026-09-05 08:00:00.000000,81.95934826815106,False
TKT-100756,Library,email,Low,2026-09-01 10:34:57,Library,0,True,2.3096932369444443,0.0,True,False,False,Closed,2026-09-03 17:57:27.678103,55.375188361944446,True
TKT-100757,Hostel & Maintenance,portal,Medium,2026-09-01 14:09:47,Hostel & Maintenance,0,False,0.029366275833333334,0.0,True,False,False,Closed,2026-09-05 19:00:15.120145,100.84114448472222,False
TKT-100758,IT Support,portal,Low,2026-09-01 18:39:39,Academics & Exams,1,False,0.21035448361111111,0.0,True,False,False,Closed,2026-09-04 11:59:35.083798,65.33224549944444,True
TKT-100759,IT Support,portal,High,2026-09-01 09:46:22,IT Support,0,False,0.053533703888888895,0.0,False,False,False,Closed - No Response,,,
TKT-100760,Hostel & Maintenance,email,Medium,2026-09-01 16:06:29,Academics & Exams,1,True,0.4428423541666667,0.0,False,False,False,Closed,2026-09-03 15:55:19.670999,47.814075277499995,True
TKT-100761,Library,email,Medium,2026-09-01 11:21:29,Library,0,True,5.0260737819444445,0.0,False,False,True,Closed - No Response,,,
TKT-100762,Academics & Exams,portal,Low,2026-09-01 16:20:18,Academics & Exams,0,False,0.14022635611111112,0.0,False,True,False,Closed,2026-09-04 14:04:36.313355,69.73842037638889,True
TKT-100763,IT Support,walk_in,Low,2026-09-01 12:01:27,IT Support,0,True,0.6877726952777777,0.0,True,False,False,Closed,2026-09-03 10:16:53.902626,46.257472951666664,True
TKT-100764,Fees & Finance,portal,Low,2026-09-02 22:59:11,Fees & Finance,0,False,0.21788803805555554,0.0,False,True,False,Closed,2026-09-09 09:00:00.000000,154.01361111111112,False
TKT-100765,IT Support,portal,Medium,2026-09-02 23:09:07,IT Support,0,False,0.14256003888888888,0.0,False,False,False,Closed,2026-09-03 17:31:36.537030,18.374871397222226,True
TKT-100766,Academics & Exams,portal,Medium,2026-09-02 11:28:49,Academics & Exams,0,False,0.19721534805555554,0.0,False,True,False,Closed,2026-09-08 15:16:57.683104,147.80241197333334,False
TKT-100767,Fees & Finance,email,Medium,2026-09-02 23:40:30,Fees & Finance,0,True,10.411977162222223,7.973697170522654,False,True,False,Closed,2026-09-08 09:00:00.000000,121.35130282947733,False
TKT-100768,Hostel & Maintenance,email,Medium,2026-09-02 19:04:53,Hostel & Maintenance,0,True,15.387029231666666,0.0,False,False,True,Closed,2026-09-04 18:13:24.464667,47.142073518611106,True
TKT-100769,Hostel & Maintenance,email,Medium,2026-09-02 18:47:08,Hostel & Maintenance,0,True,16.316743478611112,0.0,False,False,False,Closed,2026-09-03 16:10:28.954374,21.389153992777775,True
TKT-100770,IT Support,portal,Medium,2026-09-02 16:06:57,IT Support,0,False,0.09065625583333334,0.0,False,False,False,Closed,2026-09-03 15:46:21.244465,23.65673457361111,True
TKT-100771,Academics & Exams,email,Medium,2026-09-02 14:54:50,Academics & Exams,0,True,1.0906806861111111,0.0,False,False,False,Closed,2026-09-04 16:53:04.729641,49.970758233611114,True
TKT-100772,Fees & Finance,portal,Medium,2026-09-02 17:37:40,Fees & Finance,0,True,16.747663668888887,10.641372044599562,False,True,True,Closed,2026-09-09 09:00:00.000000,148.73085017762267,False
TKT-100773,Hostel & Maintenance,portal,Medium,2026-09-02 12:22:18,Hostel & Maintenance,0,False,0.22592964083333333,18.750151406263615,False,True,True,Closed,2026-09-07 12:23:42.738950,101.27338719095862,False
TKT-100774,Fees & Finance,email,Medium,2026-09-02 12:58:21,Fees & Finance,0,True,21.708940087777776,0.0,False,True,True,Closed,2026-09-09 09:00:00.000000,164.0275,False
TKT-100775,Fees & Finance,portal,Medium,2026-09-02 20:02:41,Fees & Finance,0,False,0.20157939138888886,0.0,True,False,True,Closed,2026-09-07 15:53:28.237634,115.84645489833333,False
TKT-100776,Academics & Exams,email,Low,2026-09-03 14:39:07,Academics & Exams,0,True,0.7784322166666666,0.0,False,True,False,Closed,2026-09-16 09:00:00.000000,306.34805555555556,False
TKT-100777,Hostel & Maintenance,portal,Low,2026-09-03 22:56:06,Hostel & Maintenance,0,True,10.261507787222222,0.0,False,True,False,Closed,2026-09-07 14:27:51.668694,87.52935241499999,True
TKT-100778,Hostel & Maintenance,email,Low,2026-09-03 10:09:48,Hostel & Maintenance,0,True,1.443377374722222,0.0,False,False,False,Closed,2026-09-05 09:05:06.361188,46.92176699666667,True
TKT-100779,Hostel & Maintenance,walk_in,Low,2026-09-03 15:46:56,Hostel & Maintenance,0,False,0.08667585027777777,0.0,False,False,False,Closed,2026-09-04 12:41:31.053141,20.90973698361111,True
TKT-100780,Hostel & Maintenance,portal,Medium,2026-09-03 09:15:18,Hostel & Maintenance,0,False,0.2028226011111111,0.0,True,False,False,Closed,2026-09-07 08:31:09.232216,95.2642311711111,False
TKT-100781,IT Support,email,Low,2026-09-03 13:48:52,IT Support,0,True,0.1851825386111111,4.156081203184522,True,False,False,Closed,2026-09-05 17:59:13.813134,48.01664466737103,True
TKT-100782,Hostel & Maintenance,portal,Medium,2026-09-03 14:26:42,Hostel & Maintenance,0,False,0.05451432916666667,0.0,True,False,False,Closed,2026-09-07 15:05:39.415146,96.649281985,False
TKT-100783,IT Support,email,Medium,2026-09-03 13:48:43,IT Support,0,True,20.22788104611111,0.0,False,False,False,Closed,2026-09-04 19:56:54.479198,30.136521999444444,True
TKT-100784,Library,portal,Low,2026-09-03 15:20:09,Library,0,False,0.04121120777777777,5.3770316774111935,False,True,False,Closed,2026-09-07 11:04:12.369299,86.35723757231104,True
TKT-100785,IT Support,portal,Medium,2026-09-03 16:38:33,IT Support,0,False,0.01944487138888889,0.0,False,False,False,Closed,2026-09-04 09:48:31.252075,17.166181131944445,True
TKT-100786,Hostel & Maintenance,portal,Medium,2026-09-03 07:14:21,Hostel & Maintenance,0,False,0.13871197472222221,20.669341720360958,False,True,False,Closed,2026-09-08 08:00:00.000000,100.09149161297238,False
TKT-100787,Hostel & Maintenance,portal,Medium,2026-09-03 20:07:13,Library,1,False,0.07326423055555556,0.0,False,False,False,Closed,2026-09-05 14:52:12.940314,42.74998342055556,True
TKT-100788,Academics & Exams,portal,Low,2026-09-03 21:15:08,Academics & Exams,0,False,0.19731561055555555,0.0,False,True,False,Closed,2026-09-07 11:13:41.639570,85.97601099166667,True
TKT-100789,IT Support,email,Medium,2026-09-03 16:35:55,IT Support,0,True,20.926744315277777,0.0,False,False,False,Closed,2026-09-04 18:39:08.236478,26.053676799444446,True
TKT-100790,Academics & Exams,portal,High,2026-09-03 11:24:47,Academics & Exams,0,False,0.24039092194444445,0.0,False,False,False,Closed,2026-09-04 13:13:06.506172,25.80541838111111,False
TKT-100791,Hostel & Maintenance,portal,Medium,2026-09-03 12:16:01,Hostel & Maintenance,0,False,0.11416697388888888,0.0,False,True,True,Closed,2026-09-07 14:59:40.983387,98.72777316305555,False
TKT-100792,Library,portal,Medium,2026-09-03 09:41:03,Library,0,False,0.03937911388888889,0.0,False,False,False,Closed,2026-09-05 10:24:52.926851,48.73053523638889,True
TKT-100793,IT Support,portal,Low,2026-09-03 22:30:53,IT Support,0,False,0.0854244725,0.0,False,False,False,Closed,2026-09-04 12:36:34.984935,14.094995815277779,True
TKT-100794,Academics & Exams,portal,High,2026-09-03 11:24:32,Academics & Exams,0,False,0.17485069777777776,0.0,False,True,True,Closed,2026-09-08 09:00:00.000000,117.5911111111111,False
TKT-100795,Academics & Exams,email,Low,2026-09-03 22:03:21,Academics & Exams,0,True,11.161432514722224,0.0,False,True,True,Closed,2026-09-10 09:00:00.000000,154.94416666666666,False
TKT-100796,IT Support,email,Medium,2026-09-04 14:33:49,IT Support,0,True,0.7396907188888888,0.0,False,False,False,Closed,2026-09-05 08:11:14.727113,17.623813086944445,True
TKT-100797,IT Support,email,Medium,2026-09-04 16:52:10,IT Support,0,True,0.3892247666666667,0.0,False,False,False,Closed,2026-09-05 15:45:07.172432,22.88254789777778,True
TKT-100798,Hostel & Maintenance,walk_in,Medium,2026-09-04 12:02:19,Hostel & Maintenance,0,False,0.058215050000000004,0.0,False,True,False,Closed,2026-09-07 12:42:51.218580,72.67561627222221,False
TKT-100799,IT Support,email,Medium,2026-09-04 20:32:23,IT Support,0,True,13.223426720277779,0.0,False,True,False,Closed,2026-09-07 10:35:58.491043,62.059858623055554,True
TKT-100800,Hostel & Maintenance,portal,High,2026-09-04 15:59:31,Academics & Exams,1,False,0.11186101555555555,0.0,False,True,True,Closed,2026-09-14 08:00:00.000000,232.00805555555556,False
TKT-100801,IT Support,email,Medium,2026-09-04 07:05:37,IT Support,0,True,3.494638411111111,58.56632465774603,False,True,False,Closed,2026-09-07 11:15:11.330413,17.593211568087305,True
TKT-100802,Hostel & Maintenance,email,Low,2026-09-04 20:51:00,Hostel & Maintenance,0,True,13.682507090833333,28.31903595021044,False,True,False,Closed,2026-09-07 11:02:15.160130,33.86850853034512,True
TKT-100803,Library,portal,Medium,2026-09-04 16:26:10,Academics & Exams,1,False,0.055844844166666664,4.494851888428703,False,True,True,Closed,2026-09-08 09:00:00.000000,84.06903700046018,False
TKT-100804,Library,portal,Low,2026-09-04 19:33:52,Library,0,False,0.14252314944444444,0.0,False,False,False,Closed,2026-09-05 16:21:26.304868,20.792862463333336,True
TKT-100805,Academics & Exams,email,Low,2026-09-04 14:15:30,Academics & Exams,0,True,2.8436955852777777,0.0,False,True,True,Closed,2026-09-08 09:00:00.000000,90.74166666666666,True
TKT-100806,IT Support,portal,High,2026-09-04 12:41:01,IT Support,0,False,0.1086056863888889,0.0,False,False,False,Closed,2026-09-04 18:52:27.809757,6.190780488055555,True
TKT-100807,Fees & Finance,email,Medium,2026-09-04 10:56:06,Fees & Finance,0,True,0.33982395694444445,0.0,False,True,True,Closed,2026-09-14 09:00:00.000000,238.065,False
TKT-100808,Hostel & Maintenance,portal,Low,2026-09-04 12:21:39,Hostel & Maintenance,0,False,0.21871092666666667,0.0,False,True,True,Closed,2026-09-08 08:00:00.000000,91.63916666666667,True
TKT-100809,Hostel & Maintenance,email,Medium,2026-09-04 11:21:43,Hostel & Maintenance,0,True,2.0099884625,0.0,False,False,False,Closed,2026-09-05 09:49:20.081083,22.46030030083333,True
TKT-100810,IT Support,portal,Low,2026-09-04 15:31:07,IT Support,0,False,0.05448379805555555,0.0,False,False,False,Closed,2026-09-04 18:33:27.516783,3.039032439722222,True
TKT-100811,Hostel & Maintenance,portal,Medium,2026-09-04 11:36:20,Hostel & Maintenance,0,True,0.4521698202777778,0.0,False,True,True,Closed,2026-09-08 08:00:00.000000,92.39444444444445,False
TKT-100812,Library,email,Medium,2026-09-04 20:24:27,Library,0,True,12.657759696111112,0.0,False,False,False,Closed,2026-09-05 15:50:42.103521,19.437528755833334,True
TKT-100813,IT Support,portal,Medium,2026-09-04 20:10:59,IT Support,0,False,0.20879935222222223,6.0476969340449,False,False,False,Closed,2026-09-05 16:20:45.494681,14.115218255121764,True
TKT-100814,Hostel & Maintenance,email,Medium,2026-09-04 19:15:51,Hostel & Maintenance,0,True,15.716477423333332,0.0,False,True,False,Closed,2026-09-08 08:00:00.000000,84.73583333333333,False
TKT-100815,Academics & Exams,email,Medium,2026-09-04 10:13:34,Academics & Exams,0,True,2.43336695,0.0,False,True,True,Closed,2026-09-09 09:00:00.000000,118.77388888888889,False
TKT-100816,Academics & Exams,email,High,2026-09-04 21:21:25,Academics & Exams,0,True,12.187366772222223,0.0,True,True,True,Closed,2026-09-09 11:04:50.301115,109.72369475416666,False
TKT-100817,IT Support,walk_in,Medium,2026-09-04 13:38:21,IT Support,0,False,0.11325948888888888,0.0,False,False,False,Closed - No Response,,,
TKT-100818,IT Support,portal,Low,2026-09-04 19:59:53,Academics & Exams,1,False,0.131699995,16.18097761723225,False,True,True,Closed,2026-09-08 09:18:55.099420,69.13627222165664,True
TKT-100819,Academics & Exams,portal,Low,2026-09-04 15:32:39,Academics & Exams,0,False,0.13501743444444445,0.0,False,True,True,Closed,2026-09-10 09:00:00.000000,137.45583333333335,False
TKT-100820,Library,email,Medium,2026-09-04 14:17:02,Library,0,True,3.4538867802777777,0.0,False,True,False,Closed,2026-09-07 10:43:40.458775,68.44401632638889,True
TKT-100821,IT Support,portal,Low,2026-09-04 20:26:19,IT Support,0,False,0.2192226025,0.0,False,False,False,Closed,2026-09-05 16:45:04.734460,20.312704016666668,True
TKT-100822,Hostel & Maintenance,email,Medium,2026-09-04 19:06:56,Hostel & Maintenance,0,True,14.382881475555557,0.0,False,True,False,Closed,2026-09-08 17:53:00.114207,94.76780950194444,False
TKT-100823,Library,email,Medium,2026-09-05 14:54:30,Academics & Exams,1,True,42.17273256972222,0.0,False,False,False,Closed,2026-09-08 09:14:21.813589,66.33105933027778,True
TKT-100824,IT Support,portal,Medium,2026-09-05 21:48:07,IT Support,0,False,0.24104646500000002,0.0,False,False,True,Closed,2026-09-07 12:27:23.288676,38.65452463222222,True
TKT-100825,Academics & Exams,portal,Medium,2026-09-05 13:23:32,Academics & Exams,0,False,0.051805869444444444,0.0,False,False,True,Closed,2026-09-08 09:06:54.821209,67.72300589138888,True
TKT-100826,IT Support,portal,Low,2026-09-05 13:48:09,IT Support,0,False,0.04282696805555556,0.0,False,False,False,Closed,2026-09-07 15:49:52.511683,50.02875324527778,True
TKT-100827,IT Support,portal,Medium,2026-09-05 10:59:37,IT Support,0,False,0.09552704666666666,0.0,False,False,False,Closed,2026-09-05 15:30:23.642470,4.512956241666667,True
TKT-100828,Library,email,High,2026-09-05 14:25:45,Library,0,True,1.3733080252777778,0.0,False,False,False,Closed - No Response,,,
TKT-100829,Library,portal,Medium,2026-09-05 17:23:01,Library,0,False,0.11466979083333333,0.0,True,False,True,Closed,2026-09-09 12:26:01.561919,91.05015608861112,False
TKT-100830,Academics & Exams,portal,Medium,2026-09-05 07:28:22,Academics & Exams,0,False,0.10255344833333332,0.0,False,True,True,Closed,2026-09-08 15:08:38.283787,79.67118994083333,False
TKT-100831,IT Support,portal,High,2026-09-05 21:52:23,IT Support,0,False,0.09467731555555556,0.0,False,False,True,Closed,2026-09-07 08:34:40.437298,34.70484369388889,False
TKT-100832,IT Support,walk_in,Low,2026-09-05 11:50:52,IT Support,0,False,0.19726518666666668,0.0,False,False,False,Closed,2026-09-07 09:19:02.260129,45.4695167025,True
TKT-100833,Fees & Finance,portal,Low,2026-09-05 17:20:44,Academics & Exams,2,False,0.2069355841666667,0.0,False,True,True,Closed,2026-09-10 09:00:00.000000,111.65444444444445,True
TKT-100834,IT Support,email,Medium,2026-09-06 18:18:06,Library,2,True,15.242657165277778,0.0,False,True,False,Closed,2026-09-10 08:00:00.000000,85.69833333333334,False
TKT-100835,Academics & Exams,portal,Medium,2026-09-06 12:50:32,Academics & Exams,0,False,0.20445268055555554,0.0,False,False,False,Closed,2026-09-08 16:58:10.340580,52.127316827777776,True
TKT-100836,IT Support,portal,Medium,2026-09-06 11:54:15,IT Support,0,False,0.15325615416666669,0.0,False,False,False,Closed,2026-09-07 17:47:57.168420,29.895046783333335,True
TKT-100837,IT Support,email,Low,2026-09-06 19:07:08,IT Support,0,True,15.384457413055555,0.0,False,True,False,Closed,2026-09-09 11:25:20.524604,64.30347905666667,True
TKT-100838,Fees & Finance,portal,High,2026-09-06 00:34:03,IT Support,1,True,33.63950653194445,3.8073262407480093,False,True,False,Closed,2026-09-10 09:00:00.000000,100.625173759252,False
TKT-100839,IT Support,portal,Medium,2026-09-06 11:09:33,IT Support,0,False,0.05798305555555556,0.0,False,False,True,Closed,2026-09-07 17:13:01.533638,30.057926010555555,True
TKT-100840,IT Support,email,High,2026-09-06 16:16:34,IT Support,0,True,17.350475639444443,8.639654430595915,False,False,False,Closed,2026-09-08 10:38:17.578810,33.72245079440408,False
TKT-100841,Academics & Exams,email,Low,2026-09-06 17:31:28,Hostel & Maintenance,1,True,23.25505078638889,0.0,False,True,False,Closed,2026-09-10 09:00:00.000000,87.47555555555556,True
TKT-100842,IT Support,portal,Low,2026-09-06 12:37:39,Academics & Exams,1,False,0.16472551416666667,0.0,False,False,False,Closed,2026-09-08 08:20:09.295044,43.70841529,True
TKT-100843,IT Support,email,High,2026-09-06 20:31:57,IT Support,0,True,13.5339485475,24.618291847401267,False,True,False,Closed,2026-09-09 10:38:18.178534,37.48759107870985,False
TKT-100844,Academics & Exams,portal,Medium,2026-09-06 20:45:16,Academics & Exams,0,True,17.948438294444443,0.0,False,True,False,Closed,2026-09-10 15:17:46.017241,90.54167145583334,False
TKT-100845,Academics & Exams,email,Low,2026-09-06 20:59:08,Academics & Exams,0,True,14.19726184,0.0,False,True,False,Closed,2026-09-09 13:42:01.980310,64.71499453055556,True
TKT-100846,Fees & Finance,portal,Medium,2026-09-06 11:48:47,Fees & Finance,0,False,0.22384122083333333,0.0,False,False,False,Closed,2026-09-08 16:23:39.355422,52.58120983944444,True
TKT-100847,Hostel & Maintenance,portal,Medium,2026-09-06 13:04:40,Hostel & Maintenance,0,False,0.23898879944444446,0.0,True,False,False,Closed,2026-09-11 08:52:22.158178,115.79504393833334,False
TKT-100848,Academics & Exams,email,Medium,2026-09-06 16:08:24,Academics & Exams,0,True,18.74758148277778,0.0,False,True,True,Closed,2026-09-14 09:00:00.000000,184.86,False
TKT-100849,Academics & Exams,portal,Low,2026-09-07 21:16:12,Hostel & Maintenance,1,False,0.11724413777777777,11.162996709453815,False,True,False,Closed,2026-09-11 09:00:00.000000,72.56700329054618,True
TKT-100850,IT Support,portal,High,2026-09-07 11:41:14,IT Support,0,True,0.42046020166666664,0.0,False,False,False,Closed,2026-09-07 13:07:28.828273,1.4374522980555555,True
TKT-100851,Academics & Exams,email,High,2026-09-07 20:52:08,Academics & Exams,0,True,12.9453898475,3.226064464770055,False,True,False,Closed,2026-09-10 11:47:26.167453,59.695648716618834,False
TKT-100852,IT Support,portal,Medium,2026-09-07 20:07:40,IT Support,0,False,0.19603866833333333,0.0,False,False,False,Closed,2026-09-08 19:49:21.146137,23.694762815833336,True
TKT-100853,IT Support,email,Medium,2026-09-07 15:48:12,IT Support,0,True,18.309259864444446,0.0,False,False,True,Closed,2026-09-09 15:57:45.886809,48.159413002499996,True
TKT-100854,IT Support,walk_in,Medium,2026-09-07 11:45:59,IT Support,0,False,0.19507061166666664,0.0,False,False,False,Closed,2026-09-09 14:45:06.374125,50.98538170138889,True
TKT-100855,IT Support,email,Medium,2026-09-07 18:15:45,IT Support,0,True,15.782406669444445,0.0,False,False,False,Closed,2026-09-08 18:09:20.966731,23.893324091944443,True
TKT-100856,Fees & Finance,email,Medium,2026-09-07 08:41:51,Fees & Finance,0,True,0.8571029047222222,0.0,False,True,False,Closed,2026-09-10 09:00:00.000000,72.3025,False
TKT-100857,IT Support,portal,Low,2026-09-07 14:55:22,IT Support,0,False,0.20813315638888888,9.732292373005071,False,False,False,Closed,2026-09-08 09:32:25.874186,8.885450456439374,True
TKT-100858,Hostel & Maintenance,portal,High,2026-09-07 20:37:58,Hostel & Maintenance,0,False,0.023164259722222223,0.0,False,False,False,Closed - No Response,,,
TKT-100859,Fees & Finance,portal,Medium,2026-09-07 15:38:14,Fees & Finance,0,False,0.1808025561111111,17.14077469801281,True,True,True,Closed,2026-09-15 16:44:18.165008,175.96038224865384,False
TKT-100860,Hostel & Maintenance,email,Medium,2026-09-07 14:22:11,Hostel & Maintenance,0,True,0.8078450683333332,0.0,False,False,False,Closed,2026-09-08 15:26:56.072643,25.07918684527778,True
TKT-100861,Academics & Exams,portal,Medium,2026-09-07 14:18:30,Academics & Exams,0,False,0.20476733611111111,0.0,False,True,True,Closed,2026-09-11 09:00:00.000000,90.69166666666666,False
TKT-100862,Fees & Finance,email,Medium,2026-09-07 19:40:42,Fees & Finance,0,True,41.69345382666666,0.0,False,True,True,Closed,2026-09-14 09:00:00.000000,157.32166666666666,False
TKT-100863,IT Support,portal,Low,2026-09-07 13:03:30,IT Support,0,False,0.235536505,0.0,False,False,False,Closed,2026-09-08 12:08:50.582309,23.08905064138889,True
TKT-100864,IT Support,walk_in,Medium,2026-09-07 15:58:03,IT Support,0,False,0.16417784916666667,0.0,False,False,False,Closed,2026-09-08 08:22:23.000458,16.405555682777777,True
TKT-100865,Academics & Exams,portal,Medium,2026-09-07 08:23:26,Academics & Exams,0,False,0.07897523138888889,0.0,False,True,True,Closed,2026-09-09 11:17:55.020843,50.90806134527778,True
TKT-100866,Hostel & Maintenance,portal,Medium,2026-09-07 20:15:10,Hostel & Maintenance,0,False,0.01825081888888889,0.0,False,False,False,Closed,2026-09-09 13:17:32.667756,41.039629932222226,True
TKT-100867,Academics & Exams,portal,Medium,2026-09-07 10:15:28,Academics & Exams,0,False,0.14799578,0.0,False,False,False,Closed,2026-09-08 16:49:52.904121,30.573584478055555,True
TKT-100868,IT Support,portal,Medium,2026-09-07 14:00:40,IT Support,0,False,0.1037364263888889,4.73170356780665,True,True,False,Closed,2026-09-11 09:24:20.407114,86.66285396386002,False
TKT-100869,IT Support,portal,Low,2026-09-07 09:00:06,IT Support,0,False,0.0671099536111111,0.0,False,False,False,Closed,2026-09-07 13:24:09.990738,4.401108538333333,True
TKT-100870,Library,email,Medium,2026-09-07 10:57:20,Library,0,True,4.338202072222222,0.0,False,False,False,Closed,2026-09-08 12:26:11.162507,25.480878474166666,True
TKT-100871,Hostel & Maintenance,email,Medium,2026-09-07 18:28:01,Hostel & Maintenance,0,True,16.128406566666666,0.0,True,True,True,Closed,2026-09-14 09:27:59.288436,158.99952456555556,False
TKT-100872,Academics & Exams,email,Medium,2026-09-07 11:57:40,Academics & Exams,0,True,1.9029648175,0.0,False,False,False,Closed,2026-09-08 16:39:52.142032,28.703372786666666,True
TKT-100873,Hostel & Maintenance,portal,Low,2026-09-07 12:40:24,Hostel & Maintenance,0,False,0.23719747583333334,0.0,False,False,False,Closed,2026-09-08 11:49:18.270250,23.14840840277778,True
TKT-100874,Fees & Finance,portal,Low,2026-09-07 19:13:56,Fees & Finance,0,True,15.156923721111111,0.0,False,True,True,Closed,2026-09-14 09:00:00.000000,157.76777777777778,False
TKT-100875,Hostel & Maintenance,portal,High,2026-09-07 14:20:30,Hostel & Maintenance,0,False,0.049060159166666666,0.0,False,True,False,Closed,2026-09-10 12:18:15.644553,69.9626790425,False
TKT-100876,Academics & Exams,email,High,2026-09-07 12:19:08,Academics & Exams,0,True,1.0280742027777778,10.42022441350069,False,True,False,Closed,2026-09-10 10:49:19.956095,60.083096723999304,False
TKT-100877,Fees & Finance,portal,Medium,2026-09-07 19:54:49,Fees & Finance,0,False,0.03264204777777777,0.0,False,False,True,Closed - No Response,,,
TKT-100878,Academics & Exams,email,Low,2026-09-07 20:47:49,Academics & Exams,0,True,14.298081009166665,0.0,False,False,False,Closed,2026-09-08 15:23:31.844937,18.595234704722223,True
TKT-100879,Fees & Finance,portal,Medium,2026-09-07 10:33:43,Fees & Finance,0,False,0.12052447166666667,0.0,False,False,False,Closed,2026-09-08 14:24:42.272561,27.849797933611114,True
TKT-100880,Academics & Exams,email,Low,2026-09-07 09:57:01,Fees & Finance,1,True,6.916104738888889,7.192790947094741,False,True,False,Closed,2026-09-11 09:00:00.000000,87.8569312751275,True
TKT-100881,Hostel & Maintenance,email,Low,2026-09-08 22:36:48,Hostel & Maintenance,0,True,10.694343234166666,0.0,False,True,False,Closed,2026-09-11 15:10:47.800951,64.56661137527779,True
TKT-100882,IT Support,portal,Medium,2026-09-08 16:13:47,IT Support,0,False,0.08221978333333334,15.639272881152273,False,False,False,Closed,2026-09-10 14:39:43.719922,30.793149319403277,True
TKT-100883,Academics & Exams,walk_in,Medium,2026-09-08 11:41:49,Academics & Exams,0,False,0.10389754027777777,0.0,False,True,True,In Progress,,,
TKT-100884,Hostel & Maintenance,portal,High,2026-09-08 10:23:50,Hostel & Maintenance,0,False,0.10505299583333333,0.0,False,True,True,Closed,2026-09-14 08:00:00.000000,141.6027777777778,False
TKT-100885,Academics & Exams,email,High,2026-09-08 10:16:38,Academics & Exams,0,True,0.1299198338888889,0.0,False,True,False,Closed,2026-09-11 10:15:32.394997,71.98177638805555,False
TKT-100886,IT Support,email,Medium,2026-09-08 22:30:11,IT Support,0,True,12.884865748055555,0.0,False,False,False,Closed,2026-09-10 13:56:19.800033,39.43577778694445,True
TKT-100887,IT Support,email,Medium,2026-09-08 09:14:17,IT Support,0,True,1.1772407830555556,0.0,False,False,False,Closed,2026-09-08 11:39:09.452162,2.414570045,True
TKT-100888,Library,portal,Low,2026-09-08 14:30:13,Library,0,True,0.015077486666666666,13.340272404513223,False,False,False,Closed,2026-09-09 10:24:03.320200,6.557038762153445,True
TKT-100889,Hostel & Maintenance,portal,Low,2026-09-08 00:46:45,Hostel & Maintenance,0,False,0.23131950361111112,0.0,False,True,False,Closed,2026-09-14 08:00:00.000000,151.22083333333333,False
TKT-100890,Hostel & Maintenance,portal,Low,2026-09-08 12:30:27,Hostel & Maintenance,0,False,0.12373669999999999,0.0,False,False,True,Closed,2026-09-11 08:16:46.242692,67.77201185888889,True
TKT-100891,Hostel & Maintenance,portal,Low,2026-09-08 21:17:59,Hostel & Maintenance,0,False,0.025793145,0.0,False,False,False,Closed,2026-09-11 08:11:01.896379,58.88413788305556,True
TKT-100892,IT Support,email,Medium,2026-09-08 13:10:46,IT Support,0,True,2.1292720408333334,0.0,False,False,False,Closed,2026-09-09 14:33:50.356926,25.384543590555552,True
TKT-100893,Hostel & Maintenance,email,Medium,2026-09-08 19:04:51,Hostel & Maintenance,0,True,13.942312650277778,0.0,False,True,False,Closed,2026-09-14 08:00:00.000000,132.91916666666665,False
TKT-100894,Hostel & Maintenance,portal,Low,2026-09-08 19:57:04,Hostel & Maintenance,0,False,0.2109916166666667,0.0,False,False,False,Closed,2026-09-10 08:48:57.702422,36.864917339444446,True
TKT-100895,Academics & Exams,email,Medium,2026-09-08 08:48:21,Academics & Exams,0,True,1.6903691024999998,0.0,False,True,False,Closed,2026-09-14 09:00:00.000000,144.19416666666666,False
TKT-100896,Academics & Exams,portal,Medium,2026-09-08 15:05:57,Academics & Exams,0,True,1.9477698619444443,0.0,False,True,True,Closed,2026-09-11 11:43:47.904731,68.63080686972222,True
TKT-100897,IT Support,portal,Low,2026-09-08 13:36:59,Hostel & Maintenance,1,False,0.17345753416666668,0.0,False,False,False,Closed,2026-09-10 08:05:21.137426,42.47281595166667,True
TKT-100898,IT Support,portal,High,2026-09-08 05:40:53,IT Support,0,False,0.04868964,0.0,True,False,False,Closed,2026-09-09 09:39:11.561465,27.971822629166667,False
TKT-100899,Academics & Exams,email,Low,2026-09-08 19:14:13,IT Support,1,True,13.950328673333333,0.0,False,True,False,Closed,2026-09-11 10:25:39.190540,63.190608483333335,True
TKT-100900,IT Support,email,Medium,2026-09-09 01:02:29,IT Support,0,True,13.310256728611112,0.0,True,False,False,Closed,2026-09-11 14:20:39.302468,61.30286179666667,True
TKT-100901,Hostel & Maintenance,portal,Medium,2026-09-09 06:40:56,Hostel & Maintenance,0,False,0.227513825,0.0,False,True,False,Closed,2026-09-11 10:25:40.235754,51.74562104277778,True
TKT-100902,IT Support,portal,Medium,2026-09-09 10:23:20,IT Support,0,False,0.238803595,0.0,False,False,False,Closed,2026-09-09 19:14:02.750432,8.845208453333333,True
TKT-100903,Fees & Finance,email,High,2026-09-09 08:31:55,Fees & Finance,0,True,3.8929680297222222,4.837100450677936,False,True,True,Closed,2026-09-14 14:43:01.337522,121.34799330543318,False
TKT-100904,Academics & Exams,portal,Low,2026-09-09 18:05:16,Academics & Exams,0,False,0.10455612611111112,0.0,False,True,True,In Progress,,,
TKT-100905,IT Support,email,Medium,2026-09-09 14:17:33,Academics & Exams,1,True,0.22714728777777776,0.0,False,False,False,Closed,2026-09-10 18:14:09.990462,27.943608461666667,True
TKT-100906,Hostel & Maintenance,portal,Low,2026-09-09 19:18:12,Hostel & Maintenance,0,False,0.12319300055555556,9.159528425249398,False,False,False,Closed,2026-09-11 14:12:11.284809,33.74027291058393,True
TKT-100907,Hostel & Maintenance,email,Medium,2026-09-09 14:52:28,Hostel & Maintenance,0,True,3.1124565036111114,0.0,False,False,True,Closed - No Response,,,
TKT-100908,Hostel & Maintenance,portal,Medium,2026-09-09 22:59:40,Hostel & Maintenance,0,True,13.161474429166667,17.489553602087785,False,False,True,Closed,2026-09-14 09:50:17.062095,89.35407475763444,False
TKT-100909,Hostel & Maintenance,portal,High,2026-09-09 05:17:37,Hostel & Maintenance,0,False,0.06278119916666666,0.0,False,False,True,Closed,2026-09-10 13:11:19.311424,31.895086506666665,False
TKT-100910,Hostel & Maintenance,email,Medium,2026-09-09 10:57:31,Hostel & Maintenance,0,True,0.6777331444444444,0.0,False,False,False,Closed,2026-09-10 17:24:29.338991,30.44953860861111,True
TKT-100911,IT Support,email,Medium,2026-09-09 20:56:46,IT Support,0,True,17.7027010225,0.0,False,False,False,Closed,2026-09-10 18:37:01.290270,21.67091396388889,True
TKT-100912,Academics & Exams,walk_in,Medium,2026-09-09 10:09:24,Academics & Exams,0,False,0.08014493166666667,0.0,True,True,False,Resolved,2026-09-18 14:34:53.713952,220.42492054222222,False
TKT-100913,Hostel & Maintenance,portal,Medium,2026-09-09 08:15:01,Academics & Exams,1,False,0.17624965416666666,0.0,False,True,False,Closed,2026-09-11 14:01:47.050421,53.77945845027777,True
TKT-100914,Academics & Exams,portal,Medium,2026-09-09 15:44:59,Academics & Exams,0,False,0.23432969111111113,0.0,False,False,False,Closed,2026-09-10 15:42:59.575465,23.966826518055555,True
TKT-100915,Fees & Finance,portal,Medium,2026-09-09 12:32:55,Fees & Finance,0,False,0.18104748,0.0,False,True,False,Closed,2026-09-15 15:21:51.649690,146.815736025,False
TKT-100916,Hostel & Maintenance,email,Low,2026-09-09 17:33:19,Hostel & Maintenance,0,True,17.09996555888889,0.0,False,False,False,Closed,2026-09-12 10:34:45.601577,65.02405599361111,True
TKT-100917,Hostel & Maintenance,portal,Low,2026-09-09 11:54:04,Hostel & Maintenance,0,False,0.1782087297222222,27.15371915278536,False,False,False,Closed,2026-09-12 11:18:06.871280,44.247078424992424,True
TKT-100918,Hostel & Maintenance,email,Low,2026-09-09 12:27:06,Academics & Exams,1,True,0.7760774349999999,0.0,False,False,False,Closed,2026-09-11 15:09:36.196430,50.708387897222224,True
TKT-100919,Academics & Exams,portal,Medium,2026-09-09 11:27:01,Academics & Exams,0,False,0.03414828611111111,0.0,False,False,False,Closed,2026-09-10 14:46:57.671145,27.33240865138889,True
TKT-100920,Library,email,Medium,2026-09-09 07:21:20,Hostel & Maintenance,1,True,5.031833918333333,0.0,False,True,False,Closed,2026-09-11 10:23:32.752679,51.036875744166665,True
TKT-100921,Academics & Exams,portal,High,2026-09-09 12:08:22,IT Support,1,False,0.20273922694444443,15.868709337700235,False,False,False,Closed,2026-09-11 11:15:49.084193,31.255480715910874,False
TKT-100922,Hostel & Maintenance,portal,High,2026-09-09 16:07:09,Hostel & Maintenance,0,False,0.11596131777777777,0.0,False,False,False,Closed,2026-09-12 17:53:08.329491,73.76648041416667,False
TKT-100923,IT Support,portal,Medium,2026-09-09 09:25:35,IT Support,0,False,0.13168716472222222,26.553661906486496,False,False,False,Closed,2026-09-10 17:10:48.132726,5.199986072957948,True
TKT-100924,Academics & Exams,portal,Medium,2026-09-09 23:17:41,Academics & Exams,0,False,0.1385582913888889,0.0,False,False,False,Closed,2026-09-11 11:30:22.314842,36.211476345,True
TKT-100925,Hostel & Maintenance,email,Medium,2026-09-09 14:03:36,Hostel & Maintenance,0,True,0.9632640455555556,0.0,False,True,False,Closed,2026-09-14 10:36:32.935184,116.54914866222222,False
TKT-100926,Academics & Exams,portal,Low,2026-09-09 11:31:45,Hostel & Maintenance,2,False,0.18977826,0.0,False,True,False,Closed,2026-09-16 09:00:00.000000,165.47083333333333,False
TKT-100927,Academics & Exams,portal,Medium,2026-09-09 09:12:12,Academics & Exams,0,False,0.10774618416666666,0.0,False,True,True,Closed,2026-09-11 12:11:12.797137,50.98355476027778,True
TKT-100928,Academics & Exams,portal,Medium,2026-09-09 20:02:33,Academics & Exams,0,False,0.07181062361111111,0.0,False,True,True,Closed,2026-09-14 11:11:59.508384,111.15736344,False
TKT-100929,Academics & Exams,portal,Low,2026-09-09 14:25:56,Academics & Exams,0,False,0.19203621333333334,0.0,False,False,False,Closed,2026-09-11 10:35:08.688839,44.1535246775,True
TKT-100930,Academics & Exams,portal,Medium,2026-09-09 12:13:33,Academics & Exams,0,False,0.08695420194444445,0.0,False,False,False,Closed,2026-09-11 10:47:25.427483,46.56456318972222,True
TKT-100931,IT Support,portal,Medium,2026-09-09 23:56:48,IT Support,0,False,0.13557690666666666,0.0,False,True,False,Closed,2026-09-14 10:08:54.145770,106.20170715833333,False
TKT-100932,IT Support,walk_in,High,2026-09-10 12:56:20,IT Support,0,True,0.2480388758333333,0.0,False,False,False,Closed,2026-09-10 18:46:26.457836,5.835127176666667,True
TKT-100933,Hostel & Maintenance,portal,High,2026-09-10 08:08:01,Hostel & Maintenance,0,False,0.06778077527777777,0.0,False,False,True,Closed,2026-09-12 14:49:53.493086,54.69791474611111,False
TKT-100934,IT Support,email,High,2026-09-10 16:43:40,IT Support,0,True,16.560620008055555,0.0,False,False,False,Closed,2026-09-11 11:41:10.830315,18.958563976388888,True
TKT-100935,Academics & Exams,portal,High,2026-09-10 16:13:19,Academics & Exams,0,True,21.075342413333335,0.0,False,True,True,Closed,2026-09-14 13:46:03.877304,93.54579925111112,False
TKT-100936,Academics & Exams,portal,High,2026-09-10 12:13:53,Academics & Exams,0,True,0.1110753413888889,0.0,False,False,False,Closed - No Response,,,
TKT-100937,IT Support,email,High,2026-09-10 10:52:53,IT Support,0,True,0.14614304055555558,0.0,False,False,False,Closed,2026-09-10 19:06:52.195037,8.2331097325,True
TKT-100938,Hostel & Maintenance,email,Medium,2026-09-10 20:49:24,Hostel & Maintenance,0,True,14.17908828138889,3.398212271077527,False,False,False,Closed,2026-09-12 10:06:48.328152,33.89187888225581,True
TKT-100939,Academics & Exams,portal,Medium,2026-09-10 10:54:36,Academics & Exams,0,False,0.1560719161111111,0.0,False,True,False,Closed,2026-09-15 09:00:00.000000,118.09,False
TKT-100940,Fees & Finance,portal,Low,2026-09-10 17:03:50,Fees & Finance,0,False,0.04056651888888889,0.0,False,True,True,Closed,2026-09-15 09:00:00.000000,111.93611111111112,True
TKT-100941,IT Support,walk_in,Medium,2026-09-10 14:04:03,IT Support,0,False,0.07198345555555556,0.0,False,False,False,Closed,2026-09-11 17:25:23.597961,27.355721655833335,True
TKT-100942,IT Support,email,Low,2026-09-10 00:47:57,IT Support,0,True,11.298646355555556,0.0,False,False,False,Closed,2026-09-10 15:17:04.878017,14.48552167138889,True
TKT-100943,Hostel & Maintenance,email,Low,2026-09-10 17:36:20,Hostel & Maintenance,0,True,16.424363794444446,5.845302436954241,False,False,False,Closed,2026-09-14 09:39:45.446140,82.21176593526799,True
TKT-100944,Academics & Exams,portal,High,2026-09-10 15:34:18,Academics & Exams,0,True,17.48755585111111,0.0,False,True,True,In Progress,,,
TKT-100945,Hostel & Maintenance,portal,Medium,2026-09-10 09:44:29,Hostel & Maintenance,0,False,0.20774483055555557,0.0,True,False,False,Closed,2026-09-15 09:58:17.488524,120.23013570111111,False
TKT-100946,Academics & Exams,portal,Medium,2026-09-10 21:24:34,Academics & Exams,0,False,0.2314635827777778,0.0,False,False,False,Closed,2026-09-14 09:49:15.947248,84.41165201333334,False
TKT-100947,IT Support,walk_in,Low,2026-09-10 14:25:35,IT Support,0,False,0.20172735111111112,0.0,False,False,False,Closed,2026-09-11 10:21:25.774629,19.93077073027778,True
TKT-100948,Fees & Finance,email,Medium,2026-09-10 10:11:38,Fees & Finance,0,True,1.5244310572222222,0.0,False,True,False,In Progress,,,
TKT-100949,Academics & Exams,portal,High,2026-09-10 13:36:07,Academics & Exams,0,False,0.11240787111111111,0.0,False,True,False,Closed,2026-09-15 09:00:00.000000,115.39805555555556,False
TKT-100950,IT Support,portal,Low,2026-09-10 14:43:18,Academics & Exams,1,False,0.021590485833333332,8.174345027080248,False,False,False,Closed,2026-09-12 10:06:26.133696,35.21124766625309,True
TKT-100951,IT Support,email,Low,2026-09-10 15:04:57,IT Support,0,True,2.4000202261111108,0.0,False,False,False,Closed,2026-09-11 17:29:19.208767,26.406169101944446,True
TKT-100952,IT Support,portal,High,2026-09-10 19:53:38,IT Support,0,False,0.22818598944444443,0.0,False,False,False,Closed,2026-09-11 11:20:24.478758,15.446244099444444,True
TKT-100953,Academics & Exams,portal,Low,2026-09-10 18:49:29,Library,1,False,0.21092059583333334,0.0,False,True,False,Closed,2026-09-14 11:52:29.893332,89.05024814777778,True
TKT-100954,Academics & Exams,portal,Medium,2026-09-11 17:11:08,Academics & Exams,0,False,0.14807699527777776,0.0,False,True,True,Closed,2026-09-15 16:17:21.568477,95.10376902138889,False
TKT-100955,IT Support,email,High,2026-09-11 15:38:32,IT Support,0,True,22.04812619305556,7.183925939590039,False,True,False,Closed,2026-09-15 08:00:00.000000,81.17385183818774,False
TKT-100956,Library,email,Low,2026-09-11 20:29:19,Library,0,True,12.71726704,0.0,False,True,False,Closed,2026-09-14 10:08:47.054891,61.65779302527778,True
TKT-100957,Hostel & Maintenance,walk_in,Medium,2026-09-11 15:51:04,Hostel & Maintenance,0,False,0.133351435,0.0,False,True,True,Closed,2026-09-14 11:35:35.459299,67.7420720275,True
TKT-100958,IT Support,portal,High,2026-09-11 21:34:02,IT Support,0,True,11.722650276111112,0.0,False,False,False,Closed,2026-09-14 08:35:57.616237,59.03211562138889,False
TKT-100959,Library,portal,Medium,2026-09-11 16:58:07,Library,0,False,0.08847945916666666,0.0,False,False,False,Closed,2026-09-12 10:59:12.142528,18.018095146666667,True
TKT-100960,IT Support,portal,High,2026-09-11 15:05:22,IT Support,0,False,0.13284752694444446,0.0,False,False,False,Closed,2026-09-12 15:06:00.646313,24.010735086944447,False
TKT-100961,IT Support,portal,Medium,2026-09-11 13:00:18,IT Support,0,False,0.20034734583333333,7.366055589412952,False,False,False,Closed,2026-09-12 13:05:28.859822,16.720294361142603,True
TKT-100962,Fees & Finance,portal,Medium,2026-09-11 14:07:26,Fees & Finance,0,False,0.07049274694444445,3.2570683790343993,False,True,True,Closed,2026-09-15 15:15:36.903747,93.87929377291005,False
TKT-100963,Hostel & Maintenance,portal,Medium,2026-09-11 15:48:50,Hostel & Maintenance,0,True,1.86005523,0.0,False,True,True,Closed,2026-09-15 08:00:00.000000,88.18611111111112,False
TKT-100964,Academics & Exams,portal,Medium,2026-09-11 16:26:11,Academics & Exams,0,False,0.17905383111111112,0.0,True,True,True,Closed,2026-09-16 14:37:18.076494,118.18529902611111,False
TKT-100965,Hostel & Maintenance,portal,Low,2026-09-11 14:55:44,IT Support,1,False,0.18380306,10.96876053169871,True,True,False,Resolved,2026-09-19 19:40:33.545737,185.77833550635683,False
TKT-100966,Hostel & Maintenance,portal,Medium,2026-09-11 16:46:49,Hostel & Maintenance,0,False,0.073404365,24.75015720263826,False,True,False,Closed,2026-09-15 08:00:00.000000,62.46956501958395,True
TKT-100967,IT Support,portal,High,2026-09-11 02:42:12,IT Support,0,True,8.194916623888888,0.0,False,False,False,Closed,2026-09-12 08:42:10.265840,29.999518288888886,False
TKT-100968,IT Support,email,Medium,2026-09-11 18:21:05,IT Support,0,True,16.96041218611111,0.0,False,False,False,Closed,2026-09-12 19:12:33.490873,24.85791413138889,True
TKT-100969,IT Support,portal,High,2026-09-11 22:18:04,IT Support,0,False,0.02726604527777778,5.312533437063172,False,True,False,Closed,2026-09-14 10:02:23.730350,54.42628054904794,False
TKT-100970,Hostel & Maintenance,email,Low,2026-09-11 12:10:08,Hostel & Maintenance,0,True,1.9999020347222223,5.1377241834552185,True,True,True,Closed,2026-09-17 16:52:59.276174,143.57651919821146,False
TKT-100971,Library,portal,Low,2026-09-11 21:47:54,Library,0,False,0.12943050555555555,0.0,False,False,False,Closed,2026-09-12 15:21:54.388302,17.566774528333333,True
TKT-100972,Hostel & Maintenance,portal,Medium,2026-09-11 09:58:55,Library,1,False,0.049998540277777774,0.0,False,True,True,Closed,2026-09-15 19:26:26.303114,105.45869530944445,False
TKT-100973,IT Support,portal,Low,2026-09-11 20:18:39,IT Support,0,True,14.988720782222222,0.0,False,True,False,Closed,2026-09-15 18:04:50.833738,93.76995381611111,True
TKT-100974,Library,email,High,2026-09-11 18:30:27,Library,0,True,15.336684141944446,0.0,False,False,False,Closed,2026-09-12 13:19:06.794729,18.81105409138889,True
TKT-100975,IT Support,email,Medium,2026-09-11 11:27:46,IT Support,0,True,22.399203539722222,0.0,False,False,False,Closed,2026-09-12 17:56:14.191464,30.47449762888889,True
TKT-100976,Fees & Finance,portal,High,2026-09-11 20:04:15,Fees & Finance,0,False,0.15703041083333333,0.0,False,True,True,Closed,2026-09-15 13:44:23.189737,89.66894159361111,False
TKT-100977,IT Support,portal,High,2026-09-11 20:22:23,IT Support,0,False,0.24725816444444446,0.0,False,False,False,Closed,2026-09-12 16:40:28.044137,20.30140114916667,True
TKT-100978,Hostel & Maintenance,email,Medium,2026-09-11 19:01:44,Hostel & Maintenance,0,True,13.989946260833333,0.0,False,False,False,Closed,2026-09-12 18:18:51.785335,23.285495926388887,True
TKT-100979,Fees & Finance,portal,Medium,2026-09-11 18:15:04,Fees & Finance,0,False,0.02291257916666667,0.0,False,True,True,Closed,2026-09-15 09:00:00.000000,86.74888888888889,False
TKT-100980,Hostel & Maintenance,portal,Medium,2026-09-11 21:57:22,Hostel & Maintenance,0,False,0.13963462805555557,0.0,False,True,False,Closed,2026-09-14 15:39:08.055602,65.69612655611111,True
TKT-100981,IT Support,portal,Medium,2026-09-11 13:47:52,IT Support,0,False,0.05413608027777778,0.0,False,False,False,Closed,2026-09-11 16:56:16.867790,3.1402410527777778,True
TKT-100982,IT Support,email,Medium,2026-09-11 15:13:30,IT Support,0,True,1.1381100849999999,4.7089596270107545,False,False,False,Closed,2026-09-14 09:37:25.914303,61.689905457155916,True
TKT-100983,Academics & Exams,email,Medium,2026-09-11 18:52:33,Academics & Exams,0,True,20.12369913888889,53.34019824021096,False,True,True,In Progress,,,
TKT-100984,Hostel & Maintenance,portal,Low,2026-09-11 11:08:20,Hostel & Maintenance,0,False,0.09952808,0.0,False,True,True,Closed,2026-09-14 14:45:43.677500,75.62324375,True
TKT-100985,IT Support,portal,Low,2026-09-11 11:21:48,IT Support,0,False,0.05578196055555555,0.0,False,False,False,Closed,2026-09-12 08:58:11.966755,21.606657431944445,True
TKT-100986,Hostel & Maintenance,email,Medium,2026-09-11 09:59:33,Fees & Finance,1,True,1.8855892166666668,0.0,True,True,True,Resolved,2026-09-19 12:04:30.303371,194.08258426972222,False
TKT-100987,Hostel & Maintenance,portal,Low,2026-09-11 18:30:44,Hostel & Maintenance,0,False,0.13250891666666667,0.0,False,False,False,Closed,2026-09-12 13:14:33.606497,18.73044624916667,True
TKT-100988,Hostel & Maintenance,portal,Medium,2026-09-12 11:54:16,Hostel & Maintenance,0,False,0.2055056427777778,0.0,True,True,False,Resolved,2026-09-18 18:22:10.348172,150.46509671444446,False
TKT-100989,IT Support,portal,Medium,2026-09-12 22:51:17,IT Support,0,False,0.048195735833333336,12.858251627702915,False,False,True,Closed,2026-09-15 09:17:42.306081,45.58211117257486,True
TKT-100990,Hostel & Maintenance,portal,High,2026-09-12 19:17:01,Hostel & Maintenance,0,False,0.13195730055555557,0.0,False,True,True,Closed,2026-09-17 08:00:00.000000,108.71638888888889,False
TKT-100991,IT Support,email,Low,2026-09-12 11:14:02,Hostel & Maintenance,1,True,3.9572941902777776,0.0,False,False,False,Closed,2026-09-14 13:12:15.050922,49.970291922777776,True
TKT-100992,Academics & Exams,portal,Medium,2026-09-12 18:34:37,Library,1,False,0.1363889811111111,1.2188483661627836,False,True,True,In Progress,,,
TKT-100993,Academics & Exams,portal,Medium,2026-09-12 11:37:46,Academics & Exams,0,True,2.7129165194444447,0.0,False,True,True,Closed,2026-09-15 10:42:08.209810,71.07283605833334,True
TKT-100994,Hostel & Maintenance,portal,Medium,2026-09-12 17:57:30,Hostel & Maintenance,0,False,0.02646604888888889,14.681847629372836,False,True,True,Closed,2026-09-17 08:00:00.000000,95.35981903729383,False
TKT-100995,IT Support,portal,Medium,2026-09-12 15:17:56,IT Support,0,False,0.2069317927777778,0.0,False,False,False,Closed,2026-09-12 19:19:35.014651,4.027504069722222,True
TKT-100996,Hostel & Maintenance,portal,High,2026-09-12 16:34:47,Hostel & Maintenance,0,False,0.1321444025,0.0,True,True,True,Closed,2026-09-17 12:28:01.624743,115.88739576194445,False
TKT-100997,Academics & Exams,email,Medium,2026-09-12 17:20:03,Academics & Exams,0,True,0.24257202972222222,0.0,False,True,True,Closed,2026-09-16 14:45:07.239943,93.41784442861112,False
TKT-100998,Hostel & Maintenance,portal,Medium,2026-09-12 07:37:46,Library,1,False,0.20872345694444444,0.0,False,True,False,Closed,2026-09-14 13:13:40.194538,53.59838737166667,True
TKT-100999,Academics & Exams,portal,Low,2026-09-12 16:29:21,Academics & Exams,0,True,0.06338757416666667,0.0,False,False,True,Closed,2026-09-14 16:10:33.997468,47.68694374111111,True
TKT-101000,Academics & Exams,email,Low,2026-09-12 14:12:37,Academics & Exams,0,True,2.6302947319444447,0.0,False,False,True,Closed,2026-09-14 15:23:19.914072,49.17858724222223,True
TKT-101001,Academics & Exams,email,Medium,2026-09-12 21:44:25,Library,3,True,36.1548356175,0.0,False,True,True,In Progress,,,
TKT-101002,IT Support,portal,High,2026-09-12 18:43:06,IT Support,0,False,0.020490601666666667,0.0,False,False,False,Closed,2026-09-14 08:52:55.213066,38.16367029611111,False
TKT-101003,Academics & Exams,email,High,2026-09-12 10:31:00,Academics & Exams,0,True,52.48770468861111,3.269900258385912,False,True,False,Closed,2026-09-17 09:00:00.000000,115.21343307494742,False
TKT-101004,IT Support,portal,High,2026-09-12 13:33:16,IT Support,0,False,0.190184835,0.0,False,False,False,Closed,2026-09-12 16:35:46.666498,3.0418518050000003,True
TKT-101005,IT Support,portal,High,2026-09-12 23:59:16,IT Support,0,False,0.2031859911111111,0.0,False,False,True,Closed,2026-09-14 18:39:52.257864,42.67673829555556,False
TKT-101006,Academics & Exams,portal,Medium,2026-09-12 19:58:25,Academics & Exams,0,False,0.062099935,0.0,False,True,True,Closed,2026-09-15 11:49:09.829067,63.84578585194445,True
TKT-101007,IT Support,walk_in,Medium,2026-09-12 15:20:02,IT Support,0,False,0.07287741,0.0,False,False,False,Closed,2026-09-12 18:52:33.929219,3.542202560833333,True
TKT-101008,IT Support,email,Medium,2026-09-13 14:13:27,IT Support,0,True,19.335174661944443,0.0,False,False,False,Closed,2026-09-14 16:18:03.029090,26.07667474722222,True
TKT-101009,Fees & Finance,email,Medium,2026-09-13 08:45:22,Fees & Finance,0,True,24.73731442138889,0.0,False,True,True,Closed,2026-09-17 09:00:00.000000,96.24388888888889,False
TKT-101010,Academics & Exams,portal,Medium,2026-09-13 11:08:11,Academics & Exams,0,False,0.2372366122222222,23.49245585754889,False,True,True,Resolved,2026-09-18 11:21:02.478553,96.72184374050667,False
TKT-101011,Fees & Finance,portal,Medium,2026-09-13 10:45:16,Fees & Finance,0,False,0.04297224083333333,0.0,False,True,True,Closed,2026-09-16 10:55:31.644454,72.17101234833333,False
TKT-101012,Academics & Exams,portal,Low,2026-09-13 12:16:24,Hostel & Maintenance,2,True,21.83346388083333,3.840436215630172,True,True,False,In Progress,,,
TKT-101013,Academics & Exams,portal,Medium,2026-09-13 19:19:08,Academics & Exams,0,False,0.14122328722222222,1.4283260274946694,False,True,True,Closed,2026-09-17 13:47:12.211619,89.03951053333867,False
TKT-101014,Hostel & Maintenance,email,High,2026-09-13 04:33:25,Hostel & Maintenance,0,True,29.94295724083333,0.0,False,True,True,Closed,2026-09-16 12:12:46.995504,79.65610986222222,False
TKT-101015,Library,email,Medium,2026-09-13 11:46:33,Library,0,True,21.8394034875,0.0,False,False,False,Closed,2026-09-14 10:38:12.848997,22.86106916583333,True
TKT-101016,Library,portal,Medium,2026-09-13 20:23:25,Library,0,True,14.6338795275,0.0,False,False,False,Closed,2026-09-14 16:05:59.053359,19.709459266388887,True
TKT-101017,IT Support,portal,Medium,2026-09-13 09:23:43,IT Support,0,True,26.188350355555553,0.0,False,False,False,Closed,2026-09-14 16:34:05.009569,31.172780435833335,True
TKT-101018,IT Support,email,Medium,2026-09-13 07:37:45,IT Support,0,True,30.447828726944444,0.0,False,False,False,Closed,2026-09-14 18:32:20.929876,34.90998052111111,True
TKT-101019,IT Support,portal,Medium,2026-09-13 10:38:28,IT Support,0,False,0.019021683888888887,5.905154909183574,False,False,False,Closed,2026-09-15 15:31:56.602215,46.98612348387198,True
TKT-101020,IT Support,portal,High,2026-09-13 17:28:23,Hostel & Maintenance,1,False,0.026770004444444447,0.0,False,False,False,Closed,2026-09-14 19:16:38.629722,25.804341589444444,False
TKT-101021,IT Support,portal,Medium,2026-09-13 19:38:57,Library,1,True,14.027728710277778,4.64006185015016,False,True,True,Closed,2026-09-16 17:56:26.151938,65.65136924373873,True
TKT-101022,Hostel & Maintenance,portal,Medium,2026-09-13 23:54:17,Hostel & Maintenance,0,True,14.53099405,0.0,False,False,False,Closed,2026-09-15 18:24:13.121874,42.49892274277778,True
TKT-101023,Academics & Exams,portal,Medium,2026-09-14 10:01:24,Academics & Exams,0,False,0.15696116138888888,5.6978875870650425,False,False,False,Closed,2026-09-16 10:19:27.438710,42.603067610157176,True
TKT-101024,Hostel & Maintenance,portal,Medium,2026-09-14 15:42:59,Hostel & Maintenance,0,False,0.20646133777777778,0.0,False,False,False,Closed,2026-09-15 16:01:57.048196,24.31612449888889,True
TKT-101025,IT Support,portal,Medium,2026-09-14 06:58:30,IT Support,0,False,0.1616567886111111,0.0,False,False,False,Closed,2026-09-14 15:04:23.246758,8.098124099444444,True
TKT-101026,Library,portal,Medium,2026-09-14 13:08:34,IT Support,1,False,0.08014159055555556,15.841747414807873,False,True,False,Closed,2026-09-17 13:17:11.690154,56.302055405747694,True
TKT-101027,Academics & Exams,portal,Medium,2026-09-14 21:25:09,Fees & Finance,1,False,0.12820330166666666,0.0,False,False,False,Closed,2026-09-16 12:29:33.454431,39.07345956416666,True
TKT-101028,Academics & Exams,portal,High,2026-09-14 15:05:25,Academics & Exams,0,False,0.0780432475,0.0,False,True,False,In Progress,,,
TKT-101029,Academics & Exams,portal,Medium,2026-09-14 14:30:27,Academics & Exams,0,True,0.47726510805555555,9.046557601948471,False,True,True,In Progress,,,
TKT-101030,IT Support,email,Low,2026-09-14 08:42:21,IT Support,0,True,2.0174561569444442,0.0,False,False,False,Closed,2026-09-15 10:09:13.531564,25.447925434444446,True
TKT-101031,Hostel & Maintenance,walk_in,Low,2026-09-14 15:55:56,Hostel & Maintenance,0,False,0.22215816916666667,0.0,False,True,False,Resolved,2026-09-18 08:00:00.000000,88.06777777777778,True
TKT-101032,IT Support,portal,Low,2026-09-14 08:47:40,IT Support,0,False,0.19346501444444444,0.0,False,False,False,Closed,2026-09-15 11:25:33.065359,26.631407044166668,True
TKT-101033,Academics & Exams,portal,Medium,2026-09-14 19:41:19,Academics & Exams,0,False,0.09928599388888888,0.0,False,False,False,Closed,2026-09-16 14:54:47.257514,43.22451597611111,True
TKT-101034,Hostel & Maintenance,portal,Medium,2026-09-14 08:39:31,Hostel & Maintenance,0,False,0.1552557238888889,0.0,False,True,False,Closed,2026-09-17 08:00:00.000000,71.34138888888889,True
TKT-101035,Library,portal,Medium,2026-09-14 12:42:19,Academics & Exams,2,False,0.1259333075,0.0,True,True,False,Resolved,2026-09-19 11:33:40.259161,118.8559053225,False
TKT-101036,IT Support,portal,Low,2026-09-14 20:35:37,IT Support,0,False,0.09165458777777778,24.186201258145303,False,False,False,Closed,2026-09-16 15:50:49.598129,19.06729822213247,True
TKT-101037,Academics & Exams,portal,Low,2026-09-14 08:21:15,Academics & Exams,0,False,0.21393693527777777,0.0,False,False,False,Closed - No Response,,,
TKT-101038,IT Support,email,Low,2026-09-14 16:03:12,IT Support,0,True,1.4696108402777779,0.0,False,False,False,Closed,2026-09-15 19:46:22.553131,27.71959809194444,True
TKT-101039,Fees & Finance,portal,High,2026-09-14 18:45:28,Fees & Finance,0,False,0.05691582916666667,20.404942165941026,False,True,True,Resolved,2026-09-18 10:10:06.862693,67.00585302655898,False
TKT-101040,Library,portal,Medium,2026-09-14 09:12:42,Library,0,True,3.0510412625,8.589252361635534,False,False,False,Closed,2026-09-15 12:26:02.319221,18.633058533086686,True
TKT-101041,Library,portal,Low,2026-09-14 17:17:55,Library,0,False,0.10078524,0.0,False,False,False,Closed,2026-09-16 11:00:10.373671,41.70427046416667,True
TKT-101042,Academics & Exams,portal,Medium,2026-09-14 13:21:37,Academics & Exams,0,False,0.078585065,7.038175601485172,False,False,False,Closed,2026-09-15 11:07:23.436264,14.724723360737052,True
TKT-101043,IT Support,email,Medium,2026-09-14 12:41:56,IT Support,0,True,2.868800203611111,0.0,False,False,False,Closed,2026-09-16 13:21:35.516073,48.660976686944444,True
TKT-101044,Academics & Exams,portal,Medium,2026-09-14 17:14:07,Academics & Exams,0,False,0.20733759444444444,0.0,False,False,False,Closed,2026-09-16 15:12:05.151216,45.96615311555556,True
TKT-101045,IT Support,portal,Medium,2026-09-14 08:12:00,Hostel & Maintenance,1,False,0.11203536194444444,0.0,False,False,False,Closed,2026-09-14 19:37:16.270480,11.421186244444444,True
TKT-101046,Hostel & Maintenance,portal,Medium,2026-09-14 14:16:16,Hostel & Maintenance,0,False,0.10355185277777779,0.0,False,True,False,Resolved,2026-09-18 08:00:00.000000,89.72888888888889,False
TKT-101047,Hostel & Maintenance,portal,Low,2026-09-14 17:28:28,Hostel & Maintenance,0,False,0.2118389447222222,0.0,False,False,False,Closed,2026-09-16 11:20:07.402744,41.86094520666666,True
TKT-101048,IT Support,portal,Medium,2026-09-14 18:53:05,IT Support,0,False,0.07744324,0.0,False,False,False,Closed,2026-09-15 12:51:48.479191,17.978744219722223,True
TKT-101049,IT Support,portal,Medium,2026-09-14 00:11:13,IT Support,0,False,0.10606335222222221,7.249909198834132,False,True,False,Closed,2026-09-16 13:09:23.867407,53.7197761919992,True
TKT-101050,IT Support,email,Medium,2026-09-14 12:20:25,IT Support,0,True,1.5187134547222223,0.0,False,False,False,Closed,2026-09-15 16:09:33.055040,27.818904177777778,True
TKT-101051,Academics & Exams,portal,Medium,2026-09-14 15:05:30,Academics & Exams,0,False,0.22374936,0.0,False,False,False,Closed - No Response,,,
TKT-101052,Hostel & Maintenance,email,Low,2026-09-14 13:36:45,Hostel & Maintenance,0,True,2.6358125313888885,0.0,False,True,False,Resolved,2026-09-19 08:00:00.000000,114.3875,True
TKT-101053,Academics & Exams,email,Medium,2026-09-14 00:21:34,Academics & Exams,0,True,9.26932143,0.0,False,False,False,Closed,2026-09-15 10:25:07.926803,34.059424111944445,True
TKT-101054,Hostel & Maintenance,portal,Low,2026-09-15 18:54:57,Library,1,False,0.1392921163888889,0.0,False,True,False,In Progress,,,
TKT-101055,Hostel & Maintenance,portal,Medium,2026-09-15 09:34:56,Hostel & Maintenance,0,False,0.09791854138888889,0.0,False,False,False,Closed,2026-09-16 12:44:08.404772,27.153445769999998,True
TKT-101056,IT Support,email,Low,2026-09-15 23:34:25,IT Support,0,True,9.696214812777779,41.39690303977697,False,True,False,Resolved,2026-09-18 17:05:19.142498,24.1181365430008,True
TKT-101057,Fees & Finance,portal,Low,2026-09-15 10:31:50,Fees & Finance,0,False,0.058850948888888886,0.0,True,False,False,In Progress,,,
TKT-101058,Academics & Exams,email,Medium,2026-09-15 11:31:11,Academics & Exams,0,True,1.345385416388889,0.0,False,False,True,Closed,2026-09-17 15:03:00.025740,51.53028492777778,True
TKT-101059,Academics & Exams,email,Medium,2026-09-15 13:21:37,Hostel & Maintenance,2,True,0.8359045963888889,2.6052865537054415,False,True,True,In Progress,,,
TKT-101060,Academics & Exams,portal,Medium,2026-09-15 11:22:47,Academics & Exams,0,False,0.08804692222222223,0.0,False,False,False,Closed,2026-09-16 11:58:37.078359,24.597243988611112,True
TKT-101061,Fees & Finance,portal,Low,2026-09-15 14:22:44,IT Support,1,True,27.36579446611111,0.0,False,True,False,In Progress,,,
TKT-101062,Hostel & Maintenance,email,Medium,2026-09-15 12:16:28,IT Support,1,True,3.030079607777778,7.244761906994481,False,True,False,Resolved,2026-09-19 08:00:00.000000,84.48079364856108,False
TKT-101063,Academics & Exams,portal,High,2026-09-15 19:29:31,Academics & Exams,0,False,0.1998398363888889,0.0,False,False,False,Closed,2026-09-17 09:57:57.287299,38.473968694166665,False
TKT-101064,Hostel & Maintenance,portal,Medium,2026-09-15 10:33:09,Hostel & Maintenance,0,False,0.15742148944444445,0.0,False,False,False,Closed,2026-09-15 18:46:59.885458,8.23080151611111,True
TKT-101065,Academics & Exams,portal,Medium,2026-09-15 11:59:32,Library,2,False,0.06841559611111112,0.0,False,True,False,In Progress,,,
TKT-101066,Academics & Exams,portal,Low,2026-09-15 20:35:31,Academics & Exams,0,False,0.0799634525,0.0,False,False,False,Closed,2026-09-17 15:52:21.696205,43.28074894583333,True
TKT-101067,Fees & Finance,portal,Low,2026-09-15 09:51:11,Fees & Finance,0,False,0.20077711499999998,0.0,False,True,False,Closed,2026-09-17 10:29:26.621199,48.637672555277774,True
TKT-101068,Academics & Exams,portal,Medium,2026-09-15 23:30:18,Academics & Exams,0,False,0.18405674083333334,0.0,False,False,True,Closed,2026-09-17 13:38:43.996773,38.14055465916667,True
TKT-101069,Library,portal,Medium,2026-09-15 12:37:55,Fees & Finance,1,False,0.06257663277777778,0.0,True,True,True,Resolved,2026-09-19 14:26:30.764322,97.80993453388888,False
TKT-101070,Library,portal,Medium,2026-09-15 16:44:34,Library,0,False,0.08119344861111112,0.0,False,False,True,Closed,2026-09-17 17:44:25.875933,48.99774331472222,True
TKT-101071,Academics & Exams,portal,High,2026-09-15 10:18:24,Academics & Exams,0,True,1.4178576805555556,6.598810129153855,False,True,False,Resolved,2026-09-18 12:56:13.089879,68.0314926150128,False
TKT-101072,IT Support,portal,Medium,2026-09-15 14:49:54,IT Support,0,False,0.13739673194444446,8.621894513730679,False,False,False,Closed,2026-09-16 12:48:58.806440,13.362773941824878,True
TKT-101073,Academics & Exams,portal,Medium,2026-09-15 14:26:36,Hostel & Maintenance,2,False,0.06293327583333334,0.0,False,True,False,Resolved,2026-09-18 11:54:21.226263,69.46256285083334,True
TKT-101074,IT Support,email,Medium,2026-09-15 11:54:18,IT Support,0,True,0.41921104583333335,0.0,False,False,False,Closed,2026-09-16 11:22:36.727179,23.47186866083333,True
TKT-101075,IT Support,portal,High,2026-09-15 17:29:01,IT Support,0,True,16.012493515555555,0.0,False,False,False,Closed,2026-09-16 14:04:09.148548,20.585596818888888,True
TKT-101076,Hostel & Maintenance,portal,Medium,2026-09-15 10:21:08,Hostel & Maintenance,0,False,0.09332544638888889,15.863169373013545,False,False,False,Closed,2026-09-16 13:40:31.323407,11.459976017819791,True
TKT-101077,Fees & Finance,portal,Medium,2026-09-15 17:51:42,Fees & Finance,0,False,0.13783663361111112,0.0,False,True,True,In Progress,,,
TKT-101078,IT Support,email,Medium,2026-09-15 19:09:40,IT Support,0,True,15.234207870833332,4.511626537192624,False,False,False,Closed,2026-09-17 08:59:48.134126,33.32396627558515,True
TKT-101079,IT Support,portal,Medium,2026-09-15 14:59:03,IT Support,0,False,0.23170573861111113,0.0,False,False,False,Closed,2026-09-17 11:26:11.605272,44.45239035333333,True
TKT-101080,IT Support,email,Low,2026-09-15 14:47:01,IT Support,0,True,0.5949028888888889,33.04324938023478,True,False,False,Resolved,2026-09-18 16:21:09.664657,40.52582413559854,True
TKT-101081,IT Support,portal,Medium,2026-09-15 15:47:43,IT Support,0,False,0.2106592561111111,0.0,False,False,False,Closed,2026-09-16 14:31:18.550970,22.72654193611111,True
TKT-101082,Fees & Finance,portal,Medium,2026-09-16 20:24:11,Fees & Finance,0,False,0.16986206194444445,0.0,False,False,True,In Progress,,,
TKT-101083,Academics & Exams,portal,High,2026-09-16 10:59:24,Academics & Exams,0,True,0.8685714475,0.0,False,False,False,Resolved,2026-09-18 10:20:00.773133,47.3435480925,False
TKT-101084,Hostel & Maintenance,email,Medium,2026-09-16 07:46:44,Hostel & Maintenance,0,True,6.0679097608333326,0.0,False,True,False,Resolved,2026-09-18 15:12:06.771316,55.42299203222222,True
TKT-101085,Fees & Finance,email,Low,2026-09-16 18:35:12,Hostel & Maintenance,1,True,19.20166356972222,0.0,False,True,False,In Progress,,,
TKT-101086,Hostel & Maintenance,portal,High,2026-09-16 10:24:49,Hostel & Maintenance,0,True,3.9798347580555555,0.0,False,False,False,Resolved,2026-09-18 15:07:32.679908,52.712133307777776,False
TKT-101087,IT Support,portal,Medium,2026-09-16 19:01:31,IT Support,0,False,0.09091574333333333,0.0,False,False,False,Closed,2026-09-17 17:28:20.391158,22.447053099444442,True
TKT-101088,IT Support,email,Medium,2026-09-16 21:47:02,IT Support,0,True,12.806562569999999,0.0,False,False,False,Closed,2026-09-17 19:40:33.349971,21.892041658611113,True
TKT-101089,Fees & Finance,portal,Low,2026-09-16 11:36:12,Fees & Finance,0,False,0.21814387583333333,0.0,False,False,True,Resolved,2026-09-18 15:02:55.220649,51.445339069166664,True
TKT-101090,Academics & Exams,email,Medium,2026-09-16 18:19:18,Academics & Exams,0,True,17.46596785527778,7.627000771889904,False,True,False,In Progress,,,
TKT-101091,IT Support,email,Medium,2026-09-16 15:16:53,IT Support,0,True,1.3445185508333333,0.0,False,False,False,Resolved,2026-09-18 15:15:57.438983,47.98456638416667,True
TKT-101092,Academics & Exams,portal,Low,2026-09-16 14:41:52,Academics & Exams,0,False,0.051006824722222226,7.655758156017368,False,False,False,Closed,2026-09-17 12:13:50.569367,13.877177779260409,True
TKT-101093,Academics & Exams,portal,High,2026-09-16 08:25:10,Academics & Exams,0,False,0.18165925777777778,0.0,False,True,True,In Progress,,,
TKT-101094,Hostel & Maintenance,portal,Low,2026-09-16 11:38:54,Hostel & Maintenance,0,False,0.1972701561111111,0.0,True,False,False,Resolved,2026-09-19 13:29:48.699158,73.84852754388889,True
TKT-101095,Academics & Exams,email,Low,2026-09-16 20:12:52,Academics & Exams,0,True,17.09624661861111,0.0,False,False,False,Resolved,2026-09-18 16:13:35.458229,44.01207173027778,True
TKT-101096,IT Support,walk_in,Medium,2026-09-16 11:19:04,IT Support,0,False,0.12620743972222223,0.0,False,False,False,Closed,2026-09-16 14:00:18.065793,2.6872404980555555,True
TKT-101097,IT Support,portal,High,2026-09-16 12:20:27,IT Support,0,False,0.14242007694444445,0.0,False,False,False,Closed,2026-09-17 18:08:21.717355,29.79853259861111,False
TKT-101098,Hostel & Maintenance,portal,Medium,2026-09-16 22:42:45,Hostel & Maintenance,0,False,0.06989772027777777,6.599417917487557,False,False,False,Resolved,2026-09-19 13:45:40.099142,56.449220733067996,True
TKT-101099,Academics & Exams,portal,Medium,2026-09-16 17:37:02,Academics & Exams,0,False,0.13971122388888887,0.0,True,True,False,In Progress,,,
TKT-101100,Academics & Exams,email,Medium,2026-09-16 18:13:27,Academics & Exams,0,True,15.810847466666667,6.731379898194292,False,True,False,In Progress,,,
TKT-101101,Fees & Finance,portal,Medium,2026-09-16 10:04:40,Fees & Finance,0,False,0.14127607083333335,0.0,False,False,False,Closed,2026-09-17 14:54:36.714048,28.83242056888889,True
TKT-101102,Academics & Exams,portal,Low,2026-09-16 08:21:42,Academics & Exams,0,True,3.0400452427777775,0.0,False,True,True,Assigned,,,
TKT-101103,Hostel & Maintenance,walk_in,Low,2026-09-16 09:59:51,Hostel & Maintenance,0,False,0.15211802583333334,0.0,False,True,False,In Progress,,,
TKT-101104,IT Support,portal,Medium,2026-09-16 19:49:59,IT Support,0,False,0.07062412888888889,0.0,False,False,False,Closed,2026-09-17 12:13:30.449322,16.39206925611111,True
TKT-101105,IT Support,email,Medium,2026-09-16 14:52:15,Fees & Finance,1,True,0.3577432291666666,0.0,True,False,False,In Progress,,,
TKT-101106,Hostel & Maintenance,walk_in,Low,2026-09-16 11:18:20,Hostel & Maintenance,0,False,0.10649105444444444,0.46970104845611077,False,False,False,Closed,2026-09-17 10:36:49.534611,22.838503010155,True
TKT-101107,Fees & Finance,portal,Low,2026-09-16 18:00:24,Fees & Finance,0,False,0.0676568,1.7539962299753828,False,True,True,In Progress,,,
TKT-101108,Hostel & Maintenance,portal,Low,2026-09-16 18:23:39,Hostel & Maintenance,0,True,21.40580617388889,0.0,True,False,False,In Progress,,,
TKT-101109,IT Support,email,High,2026-09-16 17:19:09,IT Support,0,True,16.070604911944447,0.0,False,False,False,Closed,2026-09-17 14:56:13.648839,21.617958010833334,True
TKT-101110,Fees & Finance,portal,Low,2026-09-16 21:26:14,Fees & Finance,0,True,11.904717955,0.0,False,True,False,In Progress,,,
TKT-101111,Hostel & Maintenance,portal,Low,2026-09-16 18:35:46,Academics & Exams,1,False,0.16075523944444442,0.0,False,False,False,Resolved,2026-09-19 11:26:55.751376,64.85270871555555,True
TKT-101112,Library,email,High,2026-09-17 20:02:01,Library,0,True,13.313520387222221,0.0,False,False,False,Resolved,2026-09-18 15:06:09.319160,19.068977544444444,True
TKT-101113,Fees & Finance,portal,Low,2026-09-17 11:42:19,Fees & Finance,0,False,0.06458321583333333,9.899122279688527,False,True,False,In Progress,,,
TKT-101114,Hostel & Maintenance,email,Medium,2026-09-17 12:57:16,Hostel & Maintenance,0,True,2.5042745069444448,9.570549592502854,False,False,False,Resolved,2026-09-18 14:22:06.045649,15.843351976663815,True
TKT-101115,IT Support,email,Medium,2026-09-17 19:24:25,IT Support,0,True,16.321752231111113,0.0,False,False,False,Resolved,2026-09-18 13:37:49.024042,18.223340011666668,True
TKT-101116,Academics & Exams,portal,Low,2026-09-17 10:37:43,Academics & Exams,0,False,0.11975616944444445,0.0,False,True,True,In Progress,,,
TKT-101117,IT Support,portal,Low,2026-09-17 12:56:11,IT Support,0,False,0.18579955277777777,0.0,False,False,False,Resolved,2026-09-18 09:33:50.831501,20.627730972499997,True
TKT-101118,Academics & Exams,portal,Low,2026-09-17 12:28:11,Academics & Exams,0,False,0.08999378166666668,0.0,False,True,False,In Progress,,,
TKT-101119,Hostel & Maintenance,email,Low,2026-09-17 14:35:05,Hostel & Maintenance,0,True,23.290817506111114,0.0,False,True,False,In Progress,,,
TKT-101120,Library,portal,Medium,2026-09-17 20:51:19,Library,0,False,0.23446987666666666,0.0,False,True,False,In Progress,,,
TKT-101121,IT Support,portal,High,2026-09-17 22:57:04,IT Support,0,True,10.6718317775,0.0,False,False,False,Resolved,2026-09-19 09:49:25.511829,34.87264217472222,False
TKT-101122,Academics & Exams,portal,Medium,2026-09-17 23:51:36,Academics & Exams,0,True,9.982683321666666,0.0,False,True,True,In Progress,,,
TKT-101123,Academics & Exams,portal,Medium,2026-09-17 12:52:27,Library,1,False,0.023671744722222225,0.0,False,True,False,In Progress,,,
TKT-101124,Academics & Exams,email,Medium,2026-09-17 12:44:46,Academics & Exams,0,True,5.0314551736111115,0.0,False,True,False,In Progress,,,
TKT-101125,IT Support,email,Medium,2026-09-17 14:39:06,IT Support,0,True,18.703873193611113,0.0,False,False,False,Resolved,2026-09-18 12:27:24.063364,21.80501760111111,True
TKT-101126,IT Support,portal,Medium,2026-09-17 10:20:53,IT Support,0,False,0.2169490825,3.5854388672971202,False,False,False,Resolved,2026-09-18 14:26:38.264223,24.51046786131399,True
TKT-101127,Hostel & Maintenance,portal,Medium,2026-09-17 11:02:44,Academics & Exams,1,False,0.12875122527777777,11.160649690539028,False,True,False,In Progress,,,
TKT-101128,Fees & Finance,portal,Medium,2026-09-17 17:29:15,Fees & Finance,0,False,0.0189428475,0.0,False,True,True,In Progress,,,
TKT-101129,Fees & Finance,email,Medium,2026-09-17 20:03:01,Fees & Finance,0,True,14.160825485,0.0,False,True,True,Assigned,,,
TKT-101130,Hostel & Maintenance,portal,Medium,2026-09-17 08:32:40,Hostel & Maintenance,0,False,0.19317274027777778,0.0,False,False,False,Resolved,2026-09-18 17:37:01.999658,33.072777682777776,True
TKT-101131,Hostel & Maintenance,portal,Medium,2026-09-17 21:03:10,Hostel & Maintenance,0,False,0.1315402361111111,0.0,False,True,True,In Progress,,,
TKT-101132,IT Support,portal,Medium,2026-09-17 15:44:32,IT Support,0,False,0.13397365805555556,0.0,False,False,False,Resolved,2026-09-18 12:56:19.575922,21.196548867222223,True
TKT-101133,Hostel & Maintenance,email,Low,2026-09-17 10:26:48,Hostel & Maintenance,0,True,0.5990598988888889,0.0,False,False,True,Resolved,2026-09-19 13:13:59.008299,50.78639119416667,True
TKT-101134,Academics & Exams,portal,Medium,2026-09-17 15:34:45,Academics & Exams,0,False,0.1945637961111111,0.0,False,True,False,In Progress,,,
TKT-101135,IT Support,portal,Medium,2026-09-17 15:02:57,IT Support,0,False,0.08715383111111111,18.66674018277174,False,False,False,Resolved,2026-09-18 12:52:14.426733,3.154767243061592,True
TKT-101136,Fees & Finance,portal,Medium,2026-09-17 17:08:27,Fees & Finance,0,True,18.73002852888889,3.6016442324982556,False,True,True,Assigned,,,
TKT-101137,IT Support,email,Low,2026-09-17 12:19:31,IT Support,0,True,0.06447351027777777,0.0,False,False,False,Closed,2026-09-17 15:27:35.464094,3.1345733594444445,True
TKT-101138,Academics & Exams,walk_in,Medium,2026-09-17 10:53:28,Academics & Exams,0,False,0.17981625888888889,0.0,False,True,False,In Progress,,,
TKT-101139,Fees & Finance,portal,Medium,2026-09-17 21:58:47,Fees & Finance,0,False,0.0766391625,0.0,False,True,False,In Progress,,,
TKT-101140,IT Support,portal,Medium,2026-09-17 20:53:34,IT Support,0,False,0.022147183333333334,0.0,False,False,False,Resolved,2026-09-18 10:23:36.349124,13.500652534444445,True
TKT-101141,IT Support,portal,Low,2026-09-17 20:48:18,IT Support,0,False,0.05316180777777778,0.0,False,False,False,Resolved,2026-09-19 10:32:42.054480,37.74001513333333,True
TKT-101142,Academics & Exams,portal,Medium,2026-09-18 11:51:38,Academics & Exams,0,False,0.02503640361111111,0.0,False,True,False,In Progress,,,
TKT-101143,Fees & Finance,portal,Medium,2026-09-18 10:56:40,Library,2,False,0.09191272722222221,0.0,False,True,False,In Progress,,,
TKT-101144,IT Support,email,Low,2026-09-18 20:59:58,IT Support,0,True,14.7993531725,0.0,False,True,False,In Progress,,,
TKT-101145,Hostel & Maintenance,email,Low,2026-09-18 14:33:22,Hostel & Maintenance,0,True,2.740114276388889,0.0,False,False,False,In Progress,,,
TKT-101146,Hostel & Maintenance,portal,Medium,2026-09-18 14:56:11,Hostel & Maintenance,0,False,0.03203326833333334,0.0,False,False,False,Resolved,2026-09-19 15:57:51.176116,25.02782669888889,True
TKT-101147,Hostel & Maintenance,portal,Medium,2026-09-18 20:16:24,Hostel & Maintenance,0,False,0.05052150444444445,0.0,False,True,True,In Progress,,,
TKT-101148,Hostel & Maintenance,email,High,2026-09-18 19:21:07,Hostel & Maintenance,0,True,18.53491395333333,0.0,False,True,True,In Progress,,,
TKT-101149,Hostel & Maintenance,portal,High,2026-09-18 10:03:19,Fees & Finance,1,False,0.23578897611111113,42.474519088571896,False,True,True,In Progress,,,
TKT-101150,IT Support,email,Medium,2026-09-18 17:27:39,Hostel & Maintenance,1,True,18.725656646944444,0.0,False,False,False,Resolved,2026-09-19 18:42:44.025186,25.251395885,True
TKT-101151,IT Support,portal,Low,2026-09-18 12:29:52,IT Support,0,False,0.13312513805555556,5.386070368658471,False,False,False,Resolved,2026-09-19 10:25:52.564111,16.54741966217486,True
TKT-101152,Hostel & Maintenance,portal,Low,2026-09-18 13:57:37,Hostel & Maintenance,0,False,0.07623396722222221,5.093902506148162,False,True,False,In Progress,,,
TKT-101153,Academics & Exams,email,Medium,2026-09-18 22:09:18,Academics & Exams,0,True,15.051119383888889,0.0,False,True,True,In Progress,,,
TKT-101154,IT Support,portal,Low,2026-09-18 11:46:30,Academics & Exams,1,False,0.05722025305555555,0.0,True,False,False,In Progress,,,
TKT-101155,Fees & Finance,email,Medium,2026-09-18 11:48:25,Fees & Finance,0,True,0.5568824930555556,0.0,False,True,True,Assigned,,,
TKT-101156,Academics & Exams,portal,Medium,2026-09-18 12:51:21,Academics & Exams,0,False,0.02002635888888889,0.0,False,True,False,In Progress,,,
TKT-101157,Hostel & Maintenance,portal,High,2026-09-18 15:58:10,Hostel & Maintenance,0,False,0.026326271666666668,0.0,False,True,True,In Progress,,,
TKT-101158,Academics & Exams,portal,Low,2026-09-18 20:05:19,Academics & Exams,0,False,0.14368445555555556,0.0,False,True,True,Assigned,,,
TKT-101159,Library,email,Low,2026-09-18 16:55:29,Library,0,True,19.83969974805556,0.0,False,False,False,Resolved,2026-09-19 15:24:24.703398,22.482139832777776,True
TKT-101160,Hostel & Maintenance,email,Low,2026-09-18 18:37:00,Hostel & Maintenance,0,True,17.808983994166667,0.0,False,True,False,In Progress,,,
TKT-101161,IT Support,portal,High,2026-09-18 14:27:07,IT Support,0,False,0.15816488805555556,0.0,False,False,False,Resolved,2026-09-19 11:16:28.334357,20.822592876944444,True
TKT-101162,Academics & Exams,email,Medium,2026-09-18 15:58:42,Academics & Exams,0,True,18.241286495833332,0.0,False,True,True,Assigned,,,
TKT-101163,Fees & Finance,email,Medium,2026-09-18 16:42:08,Fees & Finance,0,True,17.94726951861111,5.038644265602481,False,True,True,Assigned,,,
TKT-101164,Academics & Exams,portal,Low,2026-09-18 17:58:15,Hostel & Maintenance,1,True,22.106058131111112,0.0,True,True,True,In Progress,,,
TKT-101165,Academics & Exams,email,Medium,2026-09-18 10:25:36,Academics & Exams,0,True,2.3633829194444442,0.0,False,True,True,Assigned,,,
TKT-101166,Academics & Exams,portal,Low,2026-09-18 22:14:14,IT Support,1,False,0.19102321666666666,2.4872901637611387,False,True,False,In Progress,,,
TKT-101167,Hostel & Maintenance,portal,High,2026-09-18 21:09:16,Hostel & Maintenance,0,False,0.09547868805555555,0.0,False,True,False,In Progress,,,
TKT-101168,Library,portal,Medium,2026-09-18 11:28:34,Hostel & Maintenance,1,False,0.041965120277777775,23.076841284780084,False,True,True,In Progress,,,
TKT-101169,IT Support,email,High,2026-09-18 17:10:45,IT Support,0,True,17.363915120833333,2.233336291535256,False,False,False,Resolved,2026-09-19 15:39:01.625688,20.23794862179808,True
TKT-101170,Library,portal,Low,2026-09-19 22:45:36,Library,0,False,0.02463865694444444,0.0,False,False,True,Assigned,,,
TKT-101171,Hostel & Maintenance,email,Low,2026-09-19 20:53:30,Academics & Exams,1,True,36.796977516944445,0.0,False,True,False,Assigned,,,
TKT-101172,IT Support,email,Medium,2026-09-19 22:21:29,IT Support,0,True,35.09347651666666,0.0,False,True,False,Assigned,,,
TKT-101173,IT Support,portal,Medium,2026-09-19 17:01:38,Library,1,False,0.030114943055555555,0.0,False,False,True,In Progress,,,
TKT-101174,Hostel & Maintenance,portal,Medium,2026-09-19 14:58:54,Hostel & Maintenance,0,False,0.1874892263888889,0.0,False,True,False,In Progress,,,
TKT-101175,Hostel & Maintenance,portal,High,2026-09-19 13:43:49,Hostel & Maintenance,0,False,0.15301234694444446,0.0,False,False,False,In Progress,,,
TKT-101176,Hostel & Maintenance,portal,Low,2026-09-19 08:15:36,Hostel & Maintenance,0,False,0.030068636944444446,0.0,False,True,False,In Progress,,,
TKT-101177,Academics & Exams,portal,Medium,2026-09-19 10:51:11,Academics & Exams,0,False,0.15896424055555555,0.0,False,True,True,Assigned,,,
TKT-101178,IT Support,email,Low,2026-09-19 08:06:43,IT Support,0,True,2.583995147777778,4.044690458467942,False,False,False,Resolved,2026-09-19 18:45:27.665175,6.601049867920947,True
TKT-101179,Library,email,Low,2026-09-19 21:08:06,Library,0,True,38.54732201555555,0.0,False,False,False,Assigned,,,
TKT-101180,Hostel & Maintenance,email,Medium,2026-09-19 09:51:24,Hostel & Maintenance,0,True,2.738902418888889,0.0,False,True,True,Assigned,,,
TKT-101181,IT Support,portal,Low,2026-09-19 10:54:33,IT Support,0,False,0.17911341972222222,1.0255503288592482,False,False,False,Resolved,2026-09-19 16:12:42.610772,4.277119330029641,True
TKT-101182,IT Support,portal,Low,2026-09-19 20:33:06,IT Support,0,False,0.07090526305555556,0.0,False,False,True,In Progress,,,
TKT-101183,Academics & Exams,portal,Medium,2026-09-19 16:24:07,Academics & Exams,0,False,0.18024736861111113,30.348387682988722,False,True,True,Assigned,,,
TKT-101184,IT Support,portal,High,2026-09-19 19:50:34,IT Support,0,False,0.07692492,0.0,False,False,True,Assigned,,,
TKT-101185,IT Support,walk_in,Medium,2026-09-19 10:22:23,IT Support,0,False,0.06843767194444444,0.0,False,False,False,In Progress,,,
TKT-101186,Academics & Exams,portal,High,2026-09-19 16:20:43,Academics & Exams,0,False,0.1697223038888889,0.0,False,True,True,Assigned,,,
TKT-101187,IT Support,email,Medium,2026-09-19 14:04:04,IT Support,0,True,0.29773663,0.0,False,False,True,In Progress,,,
TKT-101188,Hostel & Maintenance,email,Medium,2026-09-19 19:53:48,Hostel & Maintenance,0,True,37.67699757194445,0.0,False,False,False,Assigned,,,
TKT-101189,Academics & Exams,portal,Medium,2026-09-20 21:10:46,Academics & Exams,0,False,0.03212142416666667,0.0,False,False,False,Assigned,,,
TKT-101190,Library,portal,Medium,2026-09-20 17:10:40,Hostel & Maintenance,4,False,0.23295449972222224,0.0,False,True,True,Assigned,,,
TKT-101191,Library,portal,Low,2026-09-20 11:52:12,Library,0,False,0.022467343333333334,0.0,False,False,True,Assigned,,,
TKT-101192,Academics & Exams,portal,Medium,2026-09-20 13:51:55,Academics & Exams,0,False,0.11115502083333333,0.0,False,True,True,Assigned,,,
TKT-101193,Academics & Exams,portal,Low,2026-09-20 09:39:02,Academics & Exams,0,False,0.1400179613888889,0.0,False,False,True,Assigned,,,
TKT-101194,Academics & Exams,portal,Medium,2026-09-20 18:27:56,Academics & Exams,0,False,0.040276097777777776,0.0,False,False,False,Assigned,,,
TKT-101195,Academics & Exams,portal,Medium,2026-09-20 07:20:12,Academics & Exams,0,False,0.17287539138888888,0.0,False,True,True,Assigned,,,
TKT-101196,Academics & Exams,portal,High,2026-09-20 19:00:03,Academics & Exams,0,False,0.027526357222222225,5.234720565737078,False,False,False,Assigned,,,
TKT-101197,IT Support,portal,Medium,2026-09-20 20:15:33,IT Support,0,False,0.09524284083333334,0.0,False,False,False,Assigned,,,
TKT-101198,Academics & Exams,email,Low,2026-09-20 08:10:36,Academics & Exams,0,True,30.60017540027778,0.0,False,True,False,Assigned,,,
TKT-101199,Fees & Finance,portal,High,2026-09-20 08:33:23,Fees & Finance,0,True,28.209277229444442,9.575592259576128,False,True,True,Assigned,,,
TKT-101200,IT Support,portal,Medium,2026-09-20 00:22:40,Fees & Finance,1,True,35.31238308444445,15.303729288812665,False,True,False,Assigned,,,
TKT-101201,Hostel & Maintenance,email,Medium,2026-09-20 12:14:38,Hostel & Maintenance,0,True,22.90424847277778,0.0,False,False,True,Assigned,,,
TKT-101202,IT Support,portal,High,2026-09-20 14:38:39,IT Support,0,False,0.20586724444444443,0.0,False,False,False,Assigned,,,
TKT-101203,Library,email,Medium,2026-09-20 21:51:51,Library,0,True,15.802370620555555,0.0,False,False,False,Assigned,,,
TKT-101204,IT Support,portal,Medium,2026-09-20 17:36:54,IT Support,0,False,0.15452991805555558,0.0,False,False,False,Assigned,,,
TKT-101205,Hostel & Maintenance,email,Medium,2026-09-20 12:49:09,Hostel & Maintenance,0,True,23.27141234833333,3.8605012654194746,False,True,False,Assigned,,,
TKT-101206,Library,portal,Medium,2026-09-20 13:08:17,Library,0,False,0.07094135138888889,0.0,False,False,False,Assigned,,,
TKT-101207,IT Support,portal,Low,2026-09-20 21:48:46,IT Support,0,False,0.032562797500000004,0.0,False,False,False,Assigned,,,
TKT-101208,IT Support,portal,Low,2026-09-20 19:07:57,IT Support,0,False,0.21127645027777778,8.084075956166027,False,False,False,Assigned,,,
