event_id,ticket_id,event_time,event_type,actor_id,from_status,to_status,department,note
EV000070,TKT-100011,2026-07-27T15:25:25+05:30,created,STU24816,,New,,channel=email
EV002323,TKT-100348,2026-08-11T11:02:36+05:30,created,STU25066,,New,,channel=portal
EV000572,TKT-100089,2026-07-30T20:20:35+05:30,assigned,SYSTEM,New,Assigned,Library,assigned_to=AGT012
EV000741,TKT-100112,2026-08-04T20:55:36+05:30,status_change,STU24177,Resolved,Reopened,Fees & Finance,student: issue not fixed
EV004207,TKT-100622,2026-08-26T15:01:00+05:30,first_response,AGT005,Assigned,In Progress,Hostel & Maintenance,
EV005824,TKT-100865,2026-09-09T11:17:55+05:30,status_change,AGT010,In Progress,Resolved,Academics & Exams,resolution provided
EV003766,TKT-100558,2026-08-24T10:00:00+05:30,escalated,AGT015,,,Academics & Exams,open > 48h in daily review
EV006456,TKT-100965,2026-09-12T10:59:08+05:30,agent_response,AGT005,Assigned,In Progress,Hostel & Maintenance,
EV005859,TKT-100871,2026-09-09T15:24:40+05:30,first_response,AGT006,Assigned,In Progress,Hostel & Maintenance,
EV005418,TKT-100803,2026-09-07T10:00:00+05:30,escalated,AGT015,,,Academics & Exams,open > 48h in daily review
EV001767,TKT-100266,2026-08-08T14:54:13+05:30,reminder_sent,SYSTEM,,,Fees & Finance,auto-reminder: no response in 24h
EV001351,TKT-100206,2026-08-05T09:38:38+05:30,assigned,AGT013,New,Assigned,IT Support,assigned_to=AGT002
EV001487,TKT-100226,2026-08-06T17:17:04+05:30,first_response,AGT007,Assigned,In Progress,Hostel & Maintenance,
EV002969,TKT-100442,2026-08-17T11:12:21+05:30,assigned,AGT013,New,Assigned,Hostel & Maintenance,assigned_to=AGT007
EV005689,TKT-100844,2026-09-09T10:00:00+05:30,escalated,AGT015,,,Academics & Exams,open > 48h in daily review
EV002181,TKT-100327,2026-08-15T04:49:02+05:30,status_change,STU25307,Resolved,Reopened,Hostel & Maintenance,student: issue not fixed
EV004721,TKT-100697,2026-09-04T09:08:30+05:30,status_change,SYSTEM,Resolved,Closed,Library,auto-closed 3 days after resolution
EV005521,TKT-100819,2026-09-05T15:40:45+05:30,reminder_sent,SYSTEM,,,Academics & Exams,auto-reminder: no response in 24h
EV002029,TKT-100303,2026-08-11T10:00:00+05:30,escalated,AGT015,,,Academics & Exams,open > 48h in daily review
EV004694,TKT-100694,2026-08-29T17:22:28+05:30,created,STU24088,,New,,channel=portal
EV000459,TKT-100071,2026-08-07T09:00:00+05:30,status_change,SYSTEM,Resolved,Closed,Fees & Finance,auto-closed 3 days after resolution
EV002482,TKT-100371,2026-08-24T14:34:21+05:30,status_change,AGT012,In Progress,Resolved,Library,resolution provided
EV003257,TKT-100483,2026-08-18T14:24:00+05:30,assigned,SYSTEM,New,Assigned,IT Support,assigned_to=AGT003
EV002016,TKT-100301,2026-08-12T09:00:00+05:30,status_change,AGT009,In Progress,Resolved,Fees & Finance,resolution provided
EV007620,TKT-101151,2026-09-18T12:37:51+05:30,assigned,SYSTEM,New,Assigned,IT Support,assigned_to=AGT001
EV004719,TKT-100697,2026-08-31T16:05:38+05:30,first_response,AGT012,Assigned,In Progress,Library,
EV002320,TKT-100347,2026-08-12T04:56:46+05:30,status_change,STU24100,Waiting on Student,In Progress,IT Support,student replied
EV003052,TKT-100452,2026-08-18T08:00:00+05:30,status_change,AGT006,In Progress,Resolved,Hostel & Maintenance,resolution provided
EV002084,TKT-100313,2026-08-10T12:06:03+05:30,first_response,AGT001,Assigned,In Progress,IT Support,
EV005383,TKT-100799,2026-09-07T10:35:58+05:30,status_change,AGT003,In Progress,Resolved,IT Support,resolution provided
EV006189,TKT-100923,2026-09-09T09:33:29+05:30,assigned,SYSTEM,New,Assigned,IT Support,assigned_to=AGT004
EV000311,TKT-100049,2026-07-28T12:40:28+05:30,assigned,AGT014,New,Assigned,IT Support,assigned_to=AGT004
EV007243,TKT-101084,2026-09-16T13:50:48+05:30,assigned,AGT014,New,Assigned,Hostel & Maintenance,assigned_to=AGT006
EV004968,TKT-100735,2026-09-08T08:00:00+05:30,status_change,SYSTEM,Resolved,Closed,Hostel & Maintenance,auto-closed 3 days after resolution
EV004969,TKT-100736,2026-08-31T10:03:59+05:30,created,STU24080,,New,,channel=walk_in
EV003097,TKT-100459,2026-08-16T12:38:35+05:30,created,STU25136,,New,,channel=email
EV000943,TKT-100141,2026-08-02T13:08:58+05:30,created,STU24188,,New,,channel=email
EV000971,TKT-100145,2026-08-02T14:19:44+05:30,created,STU24069,,New,,channel=portal
EV002431,TKT-100364,2026-08-14T10:42:05+05:30,status_change,AGT005,In Progress,Resolved,Hostel & Maintenance,resolution provided
EV003267,TKT-100484,2026-08-21T11:29:54+05:30,status_change,AGT002,In Progress,Resolved,IT Support,resolution provided
EV001392,TKT-100212,2026-08-07T10:00:00+05:30,escalated,AGT015,,,Fees & Finance,open > 48h in daily review
EV001172,TKT-100177,2026-08-04T07:17:47+05:30,created,STU24976,,New,,channel=email
EV000651,TKT-100100,2026-08-06T12:30:22+05:30,status_change,SYSTEM,Resolved,Closed,IT Support,auto-closed 3 days after resolution
EV006641,TKT-100992,2026-09-15T16:28:47+05:30,agent_response,AGT010,Assigned,In Progress,Academics & Exams,
EV006622,TKT-100990,2026-09-12T19:17:01+05:30,created,STU25482,,New,,channel=portal
EV006613,TKT-100988,2026-09-18T18:22:10+05:30,status_change,AGT007,Reopened,Resolved,Hostel & Maintenance,resolved after reopen
EV003421,TKT-100506,2026-08-22T15:37:46+05:30,status_change,SYSTEM,Resolved,Closed,IT Support,auto-closed 3 days after resolution
EV004266,TKT-100631,2026-08-26T12:08:46+05:30,created,STU24076,,New,,channel=walk_in
EV002570,TKT-100383,2026-08-16T12:56:56+05:30,status_change,SYSTEM,Resolved,Closed,IT Support,auto-closed 3 days after resolution
EV008023,TKT-9000018,2026-08-19T09:45:14+05:30,assigned,SYSTEM,New,Assigned,Hostel & Maintenance,assigned_to=AGT007
EV007377,TKT-101107,2026-09-18T12:26:00+05:30,status_change,AGT008,In Progress,Waiting on Student,Fees & Finance,asked student for details
EV003021,TKT-100448,2026-08-15T21:28:08+05:30,created,STU24947,,New,,channel=portal
EV000229,TKT-100036,2026-07-29T19:20:45+05:30,reminder_sent,SYSTEM,,,Fees & Finance,auto-reminder: no response in 24h
EV004912,TKT-100727,2026-08-31T14:25:05+05:30,created,STU24907,,New,,channel=portal
EV005435,TKT-100806,2026-09-04T17:53:46+05:30,first_response,AGT003,Assigned,In Progress,IT Support,
EV004947,TKT-100732,2026-08-31T17:09:05+05:30,status_change,AGT003,In Progress,Waiting on Student,IT Support,asked student for details
EV007706,TKT-101165,2026-09-18T10:25:36+05:30,created,STU24408,,New,,channel=email
EV006386,TKT-100955,2026-09-12T16:00:07+05:30,first_response,AGT003,Assigned,In Progress,IT Support,
EV003562,TKT-100527,2026-08-20T09:54:41+05:30,created,STU24272,,New,,channel=email
EV005969,TKT-100888,2026-09-09T10:24:03+05:30,status_change,AGT012,In Progress,Resolved,Library,resolution provided
EV006819,TKT-101017,2026-09-14T14:40:26+05:30,first_response,AGT004,Assigned,In Progress,IT Support,
EV006105,TKT-100909,2026-09-13T13:11:19+05:30,status_change,SYSTEM,Resolved,Closed,Hostel & Maintenance,auto-closed 3 days after resolution
EV001683,TKT-100254,2026-08-07T15:41:02+05:30,created,STU24895,,New,,channel=portal
EV000141,TKT-100023,2026-07-29T08:28:31+05:30,first_response,AGT009,Assigned,In Progress,Fees & Finance,
EV001449,TKT-100221,2026-08-06T19:04:37+05:30,assigned,SYSTEM,New,Assigned,Hostel & Maintenance,assigned_to=AGT006
EV001548,TKT-100235,2026-08-09T19:24:10+05:30,first_response,AGT008,Assigned,In Progress,Fees & Finance,
EV002910,TKT-100433,2026-08-18T15:49:16+05:30,status_change,AGT010,In Progress,Resolved,Academics & Exams,resolution provided
EV006880,TKT-101026,2026-09-17T07:13:45+05:30,status_change,STU24789,Waiting on Student,In Progress,Library,student replied
EV000767,TKT-100115,2026-08-08T09:03:59+05:30,status_change,AGT005,In Progress,Resolved,Hostel & Maintenance,resolution provided
EV007132,TKT-101066,2026-09-20T15:52:21+05:30,status_change,SYSTEM,Resolved,Closed,Academics & Exams,auto-closed 3 days after resolution
EV004317,TKT-100638,2026-08-28T08:06:13+05:30,first_response,AGT002,Assigned,In Progress,IT Support,
EV002716,TKT-100406,2026-08-13T19:03:46+05:30,assigned,SYSTEM,New,Assigned,IT Support,assigned_to=AGT001
EV007521,TKT-101134,2026-09-17T15:34:45+05:30,created,STU25422,,New,,channel=portal
EV002494,TKT-100373,2026-08-12T09:35:38+05:30,assigned,SYSTEM,New,Assigned,Hostel & Maintenance,assigned_to=AGT007
EV001820,TKT-100273,2026-08-07T14:14:25+05:30,created,STU25291,,New,,channel=email
EV006178,TKT-100921,2026-09-09T16:52:48+05:30,agent_response,AGT011,Assigned,In Progress,Academics & Exams,
EV000197,TKT-100031,2026-07-28T08:32:44+05:30,created,STU24624,,New,,channel=portal
EV004771,TKT-100705,2026-08-30T14:53:31+05:30,assigned,SYSTEM,New,Assigned,Academics & Exams,assigned_to=AGT010
EV004573,TKT-100676,2026-08-29T12:26:16+05:30,agent_response,AGT004,Assigned,In Progress,IT Support,
EV001986,TKT-100296,2026-08-13T09:00:00+05:30,status_change,AGT008,In Progress,Resolved,Fees & Finance,resolution provided
EV006360,TKT-100951,2026-09-10T17:28:57+05:30,assigned,AGT014,New,Assigned,IT Support,assigned_to=AGT001
EV001432,TKT-100219,2026-08-07T22:20:34+05:30,reminder_sent,SYSTEM,,,Academics & Exams,auto-reminder: no response in 24h
EV007080,TKT-101059,2026-09-16T16:44:35+05:30,reassigned,AGT013,In Progress,Assigned,IT Support,from=Hostel & Maintenance; assigned_to=AGT004
EV001042,TKT-100156,2026-08-04T17:03:59+05:30,status_change,AGT006,In Progress,Resolved,Hostel & Maintenance,resolution provided
EV006823,TKT-101018,2026-09-14T14:04:37+05:30,assigned,AGT013,New,Assigned,IT Support,assigned_to=AGT001
EV005832,TKT-100867,2026-09-07T10:24:20+05:30,assigned,SYSTEM,New,Assigned,Academics & Exams,assigned_to=AGT010
EV006694,TKT-100999,2026-09-14T05:24:51+05:30,first_response,AGT011,Assigned,In Progress,Academics & Exams,
EV004182,TKT-100618,2026-08-26T01:15:23+05:30,status_change,STU25262,Waiting on Student,In Progress,Library,student replied
EV006519,TKT-100973,2026-09-18T18:04:50+05:30,status_change,SYSTEM,Resolved,Closed,IT Support,auto-closed 3 days after resolution
EV005282,TKT-100782,2026-09-10T15:05:39+05:30,status_change,SYSTEM,Resolved,Closed,Hostel & Maintenance,auto-closed 3 days after resolution
EV005407,TKT-100802,2026-09-07T10:00:00+05:30,escalated,AGT015,,,Hostel & Maintenance,open > 48h in daily review
EV004652,TKT-100687,2026-08-31T07:16:16+05:30,first_response,AGT011,Assigned,In Progress,Academics & Exams,
EV000668,TKT-100103,2026-07-31T16:36:18+05:30,status_change,AGT004,In Progress,Waiting on Student,IT Support,asked student for details
EV006935,TKT-101035,2026-09-17T15:51:19+05:30,reassigned,AGT014,In Progress,Assigned,Library,from=Fees & Finance; assigned_to=AGT012
EV000445,TKT-100070,2026-07-29T16:12:09+05:30,first_response,AGT012,Assigned,In Progress,Library,
EV000944,TKT-100141,2026-08-03T13:09:06+05:30,assigned,AGT013,New,Assigned,Fees & Finance,assigned_to=AGT009
EV003099,TKT-100459,2026-08-18T13:35:32+05:30,reminder_sent,SYSTEM,,,Library,auto-reminder: no response in 24h
EV001752,TKT-100263,2026-08-10T10:00:00+05:30,escalated,AGT015,,,Library,open > 48h in daily review
EV006124,TKT-100913,2026-09-09T08:25:35+05:30,assigned,SYSTEM,New,Assigned,Academics & Exams,assigned_to=AGT011
EV006447,TKT-100964,2026-09-14T10:00:00+05:30,escalated,AGT015,,,Academics & Exams,open > 48h in daily review
EV005898,TKT-100877,2026-09-08T19:56:46+05:30,reminder_sent,SYSTEM,,,Fees & Finance,auto-reminder: no response in 24h
EV003941,TKT-100583,2026-08-25T16:21:33+05:30,status_change,AGT010,In Progress,Resolved,Academics & Exams,resolution provided
EV001833,TKT-100275,2026-08-08T13:39:17+05:30,assigned,AGT014,New,Assigned,IT Support,assigned_to=AGT001
EV006844,TKT-101021,2026-09-15T14:40:53+05:30,first_response,AGT012,Assigned,In Progress,Library,
EV003287,TKT-100487,2026-08-18T18:55:56+05:30,assigned,SYSTEM,New,Assigned,Academics & Exams,assigned_to=AGT010
EV006601,TKT-100986,2026-09-19T12:04:30+05:30,status_change,AGT005,Reopened,Resolved,Hostel & Maintenance,resolved after reopen
EV001186,TKT-100179,2026-08-04T01:10:14+05:30,assigned,SYSTEM,New,Assigned,Hostel & Maintenance,assigned_to=AGT005
EV006490,TKT-100970,2026-09-11T14:10:07+05:30,assigned,AGT014,New,Assigned,Hostel & Maintenance,assigned_to=AGT005
EV007439,TKT-101119,2026-09-17T14:35:05+05:30,created,STU24067,,New,,channel=email
EV005655,TKT-100839,2026-09-10T17:13:01+05:30,status_change,SYSTEM,Resolved,Closed,IT Support,auto-closed 3 days after resolution
EV002788,TKT-100416,2026-08-16T23:07:42+05:30,first_response,AGT010,Assigned,In Progress,Academics & Exams,
EV001720,TKT-100259,2026-08-08T21:13:13+05:30,reminder_sent,SYSTEM,,,Academics & Exams,auto-reminder: no response in 24h
EV000357,TKT-100056,2026-08-04T08:00:00+05:30,status_change,AGT007,In Progress,Resolved,Hostel & Maintenance,resolution provided
EV004635,TKT-100685,2026-08-29T17:16:59+05:30,created,STU25155,,New,,channel=portal
EV006531,TKT-100976,2026-09-11T20:13:40+05:30,assigned,SYSTEM,New,Assigned,Fees & Finance,assigned_to=AGT009
EV002846,TKT-100424,2026-08-20T13:20:48+05:30,status_change,SYSTEM,Resolved,Closed,Hostel & Maintenance,auto-closed 3 days after resolution
EV006482,TKT-100969,2026-09-11T22:19:42+05:30,assigned,SYSTEM,New,Assigned,IT Support,assigned_to=AGT004
EV002343,TKT-100350,2026-08-13T05:18:51+05:30,status_change,STU25035,Waiting on Student,In Progress,IT Support,student replied
EV002981,TKT-100443,2026-08-19T08:00:00+05:30,status_change,AGT005,In Progress,Resolved,Hostel & Maintenance,resolution provided
EV005168,TKT-100765,2026-09-03T17:31:36+05:30,status_change,AGT004,In Progress,Resolved,IT Support,resolution provided
EV004292,TKT-100635,2026-08-27T13:57:57+05:30,reminder_sent,SYSTEM,,,Fees & Finance,auto-reminder: no response in 24h
EV002984,TKT-100444,2026-08-17T11:03:37+05:30,assigned,AGT014,New,Assigned,IT Support,assigned_to=AGT001
EV001321,TKT-100201,2026-08-08T09:08:27+05:30,status_change,AGT005,In Progress,Resolved,Hostel & Maintenance,resolution provided
EV007230,TKT-101081,2026-09-16T14:31:18+05:30,status_change,AGT002,In Progress,Resolved,IT Support,resolution provided
EV002977,TKT-100443,2026-08-15T17:16:54+05:30,assigned,AGT013,New,Assigned,Hostel & Maintenance,assigned_to=AGT005
EV006529,TKT-100975,2026-09-15T17:56:14+05:30,status_change,SYSTEM,Resolved,Closed,IT Support,auto-closed 3 days after resolution
EV003586,TKT-100531,2026-08-20T17:04:00+05:30,created,STU24724,,New,,channel=portal
EV004669,TKT-100690,2026-08-29T17:42:58+05:30,created,STU24468,,New,,channel=portal
EV006948,TKT-101037,2026-09-14T08:21:15+05:30,created,STU24916,,New,,channel=portal
EV007040,TKT-101053,2026-09-14T00:21:34+05:30,created,STU24043,,New,,channel=email
EV004512,TKT-100668,2026-08-29T16:00:29+05:30,reminder_sent,SYSTEM,,,Fees & Finance,auto-reminder: no response in 24h
EV000468,TKT-100073,2026-07-29T07:22:11+05:30,assigned,SYSTEM,New,Assigned,Hostel & Maintenance,assigned_to=AGT006
EV005852,TKT-100870,2026-09-07T15:17:37+05:30,assigned,AGT013,New,Assigned,Library,assigned_to=AGT012
EV005099,TKT-100755,2026-09-02T08:37:19+05:30,first_response,AGT001,Assigned,In Progress,IT Support,
EV005731,TKT-100850,2026-09-10T13:07:28+05:30,status_change,SYSTEM,Resolved,Closed,IT Support,auto-closed 3 days after resolution
EV007125,TKT-101065,2026-09-18T11:08:49+05:30,agent_response,AGT010,Assigned,In Progress,Academics & Exams,
EV002715,TKT-100406,2026-08-13T18:55:16+05:30,created,STU25354,,New,,channel=portal
EV005112,TKT-100757,2026-09-01T14:09:47+05:30,created,STU25371,,New,,channel=portal
EV000595,TKT-100092,2026-07-31T17:50:26+05:30,status_change,AGT003,In Progress,Resolved,IT Support,resolution provided
EV001395,TKT-100213,2026-08-05T11:30:49+05:30,created,STU24805,,New,,channel=email
EV002770,TKT-100413,2026-08-17T18:35:07+05:30,status_change,SYSTEM,Resolved,Closed,IT Support,auto-closed 3 days after resolution
EV005192,TKT-100769,2026-09-03T11:56:58+05:30,first_response,AGT007,Assigned,In Progress,Hostel & Maintenance,
EV001399,TKT-100213,2026-08-13T09:46:55+05:30,status_change,SYSTEM,Resolved,Closed,Academics & Exams,auto-closed 3 days after resolution
EV005908,TKT-100879,2026-09-07T10:40:56+05:30,assigned,SYSTEM,New,Assigned,Fees & Finance,assigned_to=AGT009
EV000052,TKT-100007,2026-08-06T16:14:12+05:30,status_change,SYSTEM,Resolved,Closed,Fees & Finance,auto-closed 3 days after resolution
EV005660,TKT-100840,2026-09-07T23:01:38+05:30,status_change,STU24483,Waiting on Student,In Progress,IT Support,student replied
EV005584,TKT-100829,2026-09-12T12:26:01+05:30,status_change,SYSTEM,Resolved,Closed,Library,auto-closed 3 days after resolution
EV004474,TKT-100663,2026-08-27T20:13:04+05:30,created,STU25376,,New,,channel=portal
EV000746,TKT-100113,2026-07-31T15:55:33+05:30,first_response,AGT006,Assigned,In Progress,Hostel & Maintenance,
EV002830,TKT-100422,2026-08-15T14:19:40+05:30,status_change,AGT012,In Progress,Resolved,Library,resolution provided
EV000429,TKT-100068,2026-07-29T17:24:58+05:30,first_response,AGT012,Assigned,In Progress,Library,
EV005791,TKT-100860,2026-09-07T15:10:39+05:30,assigned,AGT014,New,Assigned,Hostel & Maintenance,assigned_to=AGT005
EV004630,TKT-100684,2026-08-29T10:33:36+05:30,status_change,AGT007,In Progress,Waiting on Student,Hostel & Maintenance,asked student for details
EV003202,TKT-100474,2026-08-22T13:37:59+05:30,status_change,SYSTEM,Resolved,Closed,Academics & Exams,auto-closed 3 days after resolution
EV000091,TKT-100014,2026-07-28T19:13:03+05:30,reminder_sent,SYSTEM,,,Fees & Finance,auto-reminder: no response in 24h
EV007200,TKT-101076,2026-09-19T13:40:31+05:30,status_change,SYSTEM,Resolved,Closed,Hostel & Maintenance,auto-closed 3 days after resolution
EV002194,TKT-100329,2026-08-11T11:58:28+05:30,first_response,AGT008,Assigned,In Progress,Fees & Finance,
EV002367,TKT-100353,2026-08-15T08:00:00+05:30,status_change,AGT005,In Progress,Resolved,Hostel & Maintenance,resolution provided
EV005011,TKT-100742,2026-09-01T16:25:33+05:30,assigned,SYSTEM,New,Assigned,Fees & Finance,assigned_to=AGT008
EV004911,TKT-100726,2026-09-05T16:44:04+05:30,status_change,SYSTEM,Resolved,Closed,Library,auto-closed 3 days after resolution
EV002088,TKT-100313,2026-08-13T14:57:03+05:30,status_change,SYSTEM,Resolved,Closed,IT Support,auto-closed 3 days after resolution
EV003695,TKT-100548,2026-08-24T10:00:00+05:30,escalated,AGT015,,,Fees & Finance,open > 48h in daily review
EV000208,TKT-100033,2026-07-28T20:58:54+05:30,assigned,SYSTEM,New,Assigned,Academics & Exams,assigned_to=AGT011
EV003659,TKT-100543,2026-08-20T18:28:28+05:30,created,STU25778,,New,,channel=portal
EV000707,TKT-100108,2026-08-01T08:45:33+05:30,first_response,AGT005,Assigned,In Progress,Hostel & Maintenance,
EV006505,TKT-100972,2026-09-11T09:58:55+05:30,created,STU24576,,New,,channel=portal
EV005130,TKT-100759,2026-09-01T10:23:50+05:30,first_response,AGT001,Assigned,In Progress,IT Support,
EV007626,TKT-101152,2026-09-18T14:02:11+05:30,assigned,SYSTEM,New,Assigned,Hostel & Maintenance,assigned_to=AGT006
EV001950,TKT-100291,2026-08-08T18:38:12+05:30,created,STU25690,,New,,channel=portal
EV002797,TKT-100417,2026-08-14T14:40:57+05:30,status_change,AGT012,In Progress,Resolved,Library,resolution provided
EV007330,TKT-101100,2026-09-16T18:13:27+05:30,created,STU24069,,New,,channel=email
EV006250,TKT-100932,2026-09-13T18:46:26+05:30,status_change,SYSTEM,Resolved,Closed,IT Support,auto-closed 3 days after resolution
EV003917,TKT-100579,2026-08-25T10:00:00+05:30,escalated,AGT015,,,Academics & Exams,open > 48h in daily review
EV006626,TKT-100990,2026-09-15T10:00:00+05:30,escalated,AGT015,,,Hostel & Maintenance,open > 48h in daily review
EV003936,TKT-100582,2026-08-25T16:52:53+05:30,status_change,AGT012,In Progress,Resolved,Library,resolution provided
EV001538,TKT-100234,2026-08-07T14:45:13+05:30,reminder_sent,SYSTEM,,,Fees & Finance,auto-reminder: no response in 24h
EV000855,TKT-100128,2026-08-03T11:43:19+05:30,reassigned,AGT013,In Progress,Assigned,Fees & Finance,from=Hostel & Maintenance; assigned_to=AGT008
EV003293,TKT-100488,2026-08-18T10:26:43+05:30,assigned,SYSTEM,New,Assigned,Hostel & Maintenance,assigned_to=AGT006
EV001476,TKT-100224,2026-08-11T14:16:14+05:30,status_change,AGT005,In Progress,Resolved,Hostel & Maintenance,resolution provided
EV001601,TKT-100242,2026-08-06T21:20:27+05:30,created,STU24746,,New,,channel=portal
EV002214,TKT-100332,2026-08-13T15:39:39+05:30,status_change,SYSTEM,Resolved,Closed,IT Support,auto-closed 3 days after resolution
EV005930,TKT-100882,2026-09-08T18:52:53+05:30,first_response,AGT001,Assigned,In Progress,IT Support,
EV006076,TKT-100905,2026-09-10T10:42:43+05:30,agent_response,AGT002,Assigned,In Progress,IT Support,
EV003049,TKT-100452,2026-08-15T09:01:52+05:30,assigned,SYSTEM,New,Assigned,Hostel & Maintenance,assigned_to=AGT006
EV002001,TKT-100299,2026-08-08T17:34:00+05:30,reassigned,AGT014,In Progress,Assigned,Fees & Finance,from=Library; assigned_to=AGT009
EV006155,TKT-100918,2026-09-09T13:13:39+05:30,assigned,AGT014,New,Assigned,Academics & Exams,assigned_to=AGT010
EV000212,TKT-100033,2026-08-03T09:00:00+05:30,status_change,AGT011,In Progress,Resolved,Academics & Exams,resolution provided
EV003973,TKT-100588,2026-08-25T11:01:19+05:30,status_change,AGT004,In Progress,Resolved,IT Support,resolution provided
EV002050,TKT-100306,2026-08-16T08:00:00+05:30,status_change,SYSTEM,Resolved,Closed,Hostel & Maintenance,auto-closed 3 days after resolution
EV004916,TKT-100727,2026-09-03T10:19:01+05:30,status_change,AGT006,In Progress,Resolved,Hostel & Maintenance,resolution provided
EV004167,TKT-100616,2026-08-25T17:35:54+05:30,first_response,AGT012,Assigned,In Progress,Library,
EV004577,TKT-100677,2026-08-28T11:43:00+05:30,assigned,SYSTEM,New,Assigned,Hostel & Maintenance,assigned_to=AGT005
EV005710,TKT-100848,2026-09-06T16:08:24+05:30,created,STU24174,,New,,channel=email
EV007350,TKT-101103,2026-09-16T17:03:54+05:30,first_response,AGT006,Assigned,In Progress,Hostel & Maintenance,
EV004805,TKT-100710,2026-09-02T09:21:51+05:30,status_change,AGT012,In Progress,Resolved,Library,resolution provided
EV004502,TKT-100667,2026-08-28T12:36:48+05:30,assigned,SYSTEM,New,Assigned,Academics & Exams,assigned_to=AGT010
EV007838,TKT-101187,2026-09-20T14:21:55+05:30,reminder_sent,SYSTEM,,,IT Support,auto-reminder: no response in 24h
EV005489,TKT-100815,2026-09-05T12:39:34+05:30,reminder_sent,SYSTEM,,,Academics & Exams,auto-reminder: no response in 24h
EV007728,TKT-101168,2026-09-19T11:31:05+05:30,reminder_sent,SYSTEM,,,Hostel & Maintenance,auto-reminder: no response in 24h
EV001472,TKT-100224,2026-08-07T09:42:30+05:30,first_response,AGT001,Assigned,In Progress,IT Support,
EV006101,TKT-100909,2026-09-09T05:21:23+05:30,assigned,SYSTEM,New,Assigned,Hostel & Maintenance,assigned_to=AGT006
EV007952,TKT-101207,2026-09-20T21:50:43+05:30,assigned,SYSTEM,New,Assigned,IT Support,assigned_to=AGT004
EV004062,TKT-100600,2026-08-27T10:00:00+05:30,escalated,AGT015,,,Hostel & Maintenance,open > 48h in daily review
EV005356,TKT-100795,2026-09-03T22:03:21+05:30,created,STU25751,,New,,channel=email
EV003969,TKT-100587,2026-08-30T09:00:00+05:30,status_change,SYSTEM,Resolved,Closed,Academics & Exams,auto-closed 3 days after resolution
EV000782,TKT-100118,2026-07-31T14:39:35+05:30,created,STU24988,,New,,channel=email
EV004420,TKT-100654,2026-08-27T15:24:26+05:30,first_response,AGT010,Assigned,In Progress,Academics & Exams,
EV005629,TKT-100836,2026-09-06T11:54:15+05:30,created,STU24012,,New,,channel=portal
EV003897,TKT-100576,2026-08-25T12:21:48+05:30,status_change,AGT012,In Progress,Resolved,Library,resolution provided
EV001189,TKT-100179,2026-08-05T18:20:48+05:30,status_change,AGT005,In Progress,Waiting on Student,Hostel & Maintenance,asked student for details
EV003286,TKT-100487,2026-08-18T18:54:36+05:30,created,STU24849,,New,,channel=portal
EV002285,TKT-100342,2026-08-10T13:14:28+05:30,assigned,SYSTEM,New,Assigned,Academics & Exams,assigned_to=AGT011
EV004928,TKT-100729,2026-08-31T17:40:36+05:30,assigned,SYSTEM,New,Assigned,Hostel & Maintenance,assigned_to=AGT006
EV000802,TKT-100120,2026-08-05T10:09:28+05:30,status_change,AGT005,In Progress,Resolved,Hostel & Maintenance,resolution provided
EV004288,TKT-100634,2026-08-28T13:12:43+05:30,status_change,AGT009,In Progress,Resolved,Fees & Finance,resolution provided
EV001262,TKT-100191,2026-08-05T13:40:19+05:30,status_change,AGT002,In Progress,Resolved,IT Support,resolution provided
EV003377,TKT-100501,2026-08-18T12:40:51+05:30,created,STU25155,,New,,channel=walk_in
EV003234,TKT-100479,2026-08-24T08:00:00+05:30,status_change,SYSTEM,Resolved,Closed,Hostel & Maintenance,auto-closed 3 days after resolution
EV005522,TKT-100819,2026-09-07T14:24:02+05:30,first_response,AGT011,Assigned,In Progress,Academics & Exams,
EV003737,TKT-100554,2026-08-21T15:12:38+05:30,assigned,SYSTEM,New,Assigned,IT Support,assigned_to=AGT002
EV000265,TKT-100042,2026-07-28T11:09:12+05:30,assigned,AGT013,New,Assigned,Library,assigned_to=AGT012
EV003525,TKT-100521,2026-08-19T20:59:28+05:30,created,STU24588,,New,,channel=portal
EV007060,TKT-101056,2026-09-16T19:38:47+05:30,status_change,AGT004,In Progress,Waiting on Student,IT Support,asked student for details
EV006023,TKT-100897,2026-09-13T08:05:21+05:30,status_change,SYSTEM,Resolved,Closed,IT Support,auto-closed 3 days after resolution
EV006132,TKT-100914,2026-09-09T15:59:02+05:30,assigned,SYSTEM,New,Assigned,Academics & Exams,assigned_to=AGT011
EV003266,TKT-100484,2026-08-21T10:00:00+05:30,escalated,AGT015,,,IT Support,open > 48h in daily review
EV002004,TKT-100299,2026-08-12T09:00:00+05:30,status_change,AGT009,In Progress,Resolved,Fees & Finance,resolution provided
EV000121,TKT-100019,2026-07-29T08:16:29+05:30,status_change,AGT001,In Progress,Resolved,IT Support,resolution provided
EV000552,TKT-100086,2026-07-30T15:27:06+05:30,assigned,SYSTEM,New,Assigned,IT Support,assigned_to=AGT002
EV000584,TKT-100091,2026-07-30T17:56:27+05:30,assigned,SYSTEM,New,Assigned,Academics & Exams,assigned_to=AGT011
EV005297,TKT-100785,2026-09-03T16:39:43+05:30,assigned,SYSTEM,New,Assigned,IT Support,assigned_to=AGT004
EV006580,TKT-100984,2026-09-11T11:08:20+05:30,created,STU24214,,New,,channel=portal
EV003007,TKT-100446,2026-08-17T07:38:59+05:30,first_response,AGT009,Assigned,In Progress,Fees & Finance,
EV002169,TKT-100326,2026-08-12T09:56:40+05:30,status_change,STU24934,Waiting on Student,In Progress,Academics & Exams,student replied
EV007235,TKT-101082,2026-09-18T08:30:49+05:30,first_response,AGT008,Assigned,In Progress,Fees & Finance,
EV001221,TKT-100184,2026-08-07T16:06:30+05:30,status_change,SYSTEM,Resolved,Closed,IT Support,auto-closed 3 days after resolution
EV007680,TKT-101161,2026-09-19T08:24:32+05:30,first_response,AGT002,Assigned,In Progress,IT Support,
EV002642,TKT-100395,2026-08-14T14:17:23+05:30,first_response,AGT005,Assigned,In Progress,Hostel & Maintenance,
EV005488,TKT-100815,2026-09-04T12:39:34+05:30,assigned,AGT013,New,Assigned,Academics & Exams,assigned_to=AGT010
EV002179,TKT-100327,2026-08-13T10:00:00+05:30,escalated,AGT015,,,Hostel & Maintenance,open > 48h in daily review
EV005888,TKT-100876,2026-09-07T12:19:08+05:30,created,STU24437,,New,,channel=email
EV006426,TKT-100961,2026-09-15T13:05:28+05:30,status_change,SYSTEM,Resolved,Closed,IT Support,auto-closed 3 days after resolution
EV002480,TKT-100371,2026-08-24T13:03:46+05:30,status_change,STU24714,Waiting on Student,In Progress,Library,student replied
EV000094,TKT-100014,2026-07-30T13:02:41+05:30,status_change,AGT008,In Progress,Resolved,Fees & Finance,resolution provided
EV006126,TKT-100913,2026-09-09T10:09:26+05:30,reassigned,AGT014,In Progress,Assigned,Hostel & Maintenance,from=Academics & Exams; assigned_to=AGT006
EV002355,TKT-100352,2026-08-11T19:26:29+05:30,assigned,SYSTEM,New,Assigned,Hostel & Maintenance,assigned_to=AGT005
EV005102,TKT-100755,2026-09-04T10:00:00+05:30,escalated,AGT015,,,IT Support,open > 48h in daily review
EV004942,TKT-100731,2026-09-02T12:30:28+05:30,status_change,AGT010,In Progress,Resolved,Academics & Exams,resolution provided
EV006771,TKT-101011,2026-09-13T10:45:16+05:30,created,STU24515,,New,,channel=portal
EV001635,TKT-100247,2026-08-13T15:56:42+05:30,status_change,STU24134,Waiting on Student,In Progress,Fees & Finance,student replied
EV004821,TKT-100713,2026-09-02T10:19:55+05:30,reminder_sent,SYSTEM,,,Hostel & Maintenance,auto-reminder: no response in 24h
EV005066,TKT-100750,2026-09-04T10:00:00+05:30,escalated,AGT015,,,Academics & Exams,open > 48h in daily review
EV000449,TKT-100070,2026-08-03T09:15:04+05:30,agent_response,AGT009,Assigned,In Progress,Fees & Finance,
EV005062,TKT-100749,2026-09-05T09:47:20+05:30,status_change,SYSTEM,Resolved,Closed,IT Support,auto-closed 3 days after resolution
EV002994,TKT-100444,2026-08-27T09:00:00+05:30,status_change,SYSTEM,Resolved,Closed,Academics & Exams,auto-closed 3 days after resolution
EV005016,TKT-100743,2026-09-01T13:54:32+05:30,assigned,SYSTEM,New,Assigned,Library,assigned_to=AGT012
EV004971,TKT-100736,2026-08-31T10:32:54+05:30,first_response,AGT004,Assigned,In Progress,IT Support,
EV004692,TKT-100693,2026-08-29T17:12:33+05:30,status_change,AGT002,In Progress,Resolved,IT Support,resolution provided
EV005326,TKT-100789,2026-09-07T18:39:08+05:30,status_change,SYSTEM,Resolved,Closed,IT Support,auto-closed 3 days after resolution
EV005079,TKT-100752,2026-09-01T16:05:12+05:30,assigned,SYSTEM,New,Assigned,Hostel & Maintenance,assigned_to=AGT005
EV001441,TKT-100219,2026-08-17T16:32:21+05:30,status_change,AGT006,Reopened,Resolved,Hostel & Maintenance,resolved after reopen
EV007232,TKT-101082,2026-09-16T20:24:11+05:30,created,STU25204,,New,,channel=portal
EV003887,TKT-100575,2026-08-25T10:00:00+05:30,escalated,AGT015,,,IT Support,open > 48h in daily review
EV006618,TKT-100989,2026-09-14T08:33:18+05:30,status_change,AGT004,In Progress,Waiting on Student,IT Support,asked student for details
EV001999,TKT-100299,2026-08-08T14:20:24+05:30,assigned,AGT013,New,Assigned,Library,assigned_to=AGT012
EV001043,TKT-100156,2026-08-07T17:03:59+05:30,status_change,SYSTEM,Resolved,Closed,Hostel & Maintenance,auto-closed 3 days after resolution
EV005580,TKT-100829,2026-09-07T07:02:51+05:30,first_response,AGT012,Assigned,In Progress,Library,
EV002785,TKT-100416,2026-08-14T16:17:41+05:30,created,STU24957,,New,,channel=portal
EV003284,TKT-100486,2026-08-26T13:58:39+05:30,status_change,AGT010,Reopened,Resolved,Academics & Exams,resolved after reopen
EV004709,TKT-100695,2026-09-10T09:40:10+05:30,status_change,SYSTEM,Resolved,Closed,Hostel & Maintenance,auto-closed 3 days after resolution
EV004489,TKT-100665,2026-08-31T10:00:00+05:30,escalated,AGT015,,,IT Support,open > 48h in daily review
EV005553,TKT-100824,2026-09-07T05:25:16+05:30,first_response,AGT003,Assigned,In Progress,IT Support,
EV000402,TKT-100064,2026-07-30T09:49:53+05:30,assigned,AGT014,New,Assigned,IT Support,assigned_to=AGT002
EV005335,TKT-100791,2026-09-04T14:26:14+05:30,first_response,AGT006,Assigned,In Progress,Hostel & Maintenance,
EV002492,TKT-100372,2026-08-21T09:00:00+05:30,status_change,SYSTEM,Resolved,Closed,Fees & Finance,auto-closed 3 days after resolution
EV002951,TKT-100439,2026-08-18T11:34:15+05:30,status_change,AGT006,Reopened,Resolved,Hostel & Maintenance,resolved after reopen
EV002790,TKT-100416,2026-08-19T09:00:00+05:30,status_change,AGT010,In Progress,Resolved,Academics & Exams,resolution provided
EV001657,TKT-100250,2026-08-08T15:35:02+05:30,status_change,AGT003,In Progress,Resolved,IT Support,resolution provided
EV005980,TKT-100890,2026-09-09T16:06:00+05:30,first_response,AGT006,Assigned,In Progress,Hostel & Maintenance,
EV007322,TKT-101098,2026-09-19T13:45:40+05:30,status_change,AGT006,In Progress,Resolved,Hostel & Maintenance,resolution provided
EV002964,TKT-100441,2026-08-17T10:59:25+05:30,reassigned,AGT014,In Progress,Assigned,IT Support,from=Hostel & Maintenance; assigned_to=AGT001
EV002537,TKT-100379,2026-08-12T19:24:21+05:30,created,STU24033,,New,,channel=email
EV005864,TKT-100871,2026-09-17T09:27:59+05:30,status_change,SYSTEM,Resolved,Closed,Hostel & Maintenance,auto-closed 3 days after resolution
EV005319,TKT-100788,2026-09-07T10:00:00+05:30,escalated,AGT015,,,Academics & Exams,open > 48h in daily review
EV001775,TKT-100267,2026-08-07T10:34:49+05:30,assigned,SYSTEM,New,Assigned,IT Support,assigned_to=AGT004
EV005179,TKT-100767,2026-09-04T12:38:50+05:30,status_change,AGT008,In Progress,Waiting on Student,Fees & Finance,asked student for details
EV002535,TKT-100378,2026-08-15T16:05:07+05:30,status_change,AGT004,In Progress,Resolved,IT Support,resolution provided
EV003410,TKT-100505,2026-08-18T11:30:33+05:30,assigned,SYSTEM,New,Assigned,Hostel & Maintenance,assigned_to=AGT005
EV002975,TKT-100442,2026-08-27T09:00:00+05:30,status_change,SYSTEM,Resolved,Closed,Academics & Exams,auto-closed 3 days after resolution
EV000860,TKT-100128,2026-08-12T09:00:00+05:30,status_change,AGT008,In Progress,Resolved,Fees & Finance,resolution provided
EV006945,TKT-101036,2026-09-16T13:52:59+05:30,status_change,STU24215,Waiting on Student,In Progress,IT Support,student replied
EV004333,TKT-100641,2026-08-28T08:44:41+05:30,first_response,AGT002,Assigned,In Progress,IT Support,
EV006400,TKT-100957,2026-09-12T15:59:04+05:30,reminder_sent,SYSTEM,,,Hostel & Maintenance,auto-reminder: no response in 24h
EV002869,TKT-100428,2026-08-16T12:30:49+05:30,reminder_sent,SYSTEM,,,Academics & Exams,auto-reminder: no response in 24h
EV001282,TKT-100194,2026-08-05T13:31:36+05:30,status_change,AGT011,In Progress,Resolved,Academics & Exams,resolution provided
EV002851,TKT-100425,2026-08-18T16:53:29+05:30,status_change,SYSTEM,Resolved,Closed,IT Support,auto-closed 3 days after resolution
EV004747,TKT-100702,2026-08-31T08:28:28+05:30,reminder_sent,SYSTEM,,,Library,auto-reminder: no response in 24h
EV004713,TKT-100696,2026-08-31T08:46:24+05:30,status_change,AGT001,In Progress,Waiting on Student,IT Support,asked student for details
EV006516,TKT-100973,2026-09-12T16:50:13+05:30,first_response,AGT004,Assigned,In Progress,IT Support,
EV003407,TKT-100504,2026-08-20T10:38:43+05:30,status_change,AGT011,In Progress,Resolved,Academics & Exams,resolution provided
EV001394,TKT-100212,2026-08-13T09:00:00+05:30,status_change,SYSTEM,Resolved,Closed,Fees & Finance,auto-closed 3 days after resolution
EV001745,TKT-100262,2026-08-10T10:00:00+05:30,escalated,AGT015,,,Hostel & Maintenance,open > 48h in daily review
EV001375,TKT-100210,2026-08-05T13:39:38+05:30,status_change,AGT004,In Progress,Resolved,IT Support,resolution provided
EV002474,TKT-100371,2026-08-13T11:40:46+05:30,assigned,AGT013,New,Assigned,Fees & Finance,assigned_to=AGT008
EV002701,TKT-100404,2026-08-13T11:53:24+05:30,created,STU25247,,New,,channel=email
EV005999,TKT-100894,2026-09-08T19:57:04+05:30,created,STU25007,,New,,channel=portal
EV005378,TKT-100798,2026-09-10T12:42:51+05:30,status_change,SYSTEM,Resolved,Closed,Hostel & Maintenance,auto-closed 3 days after resolution
EV001101,TKT-100164,2026-08-08T10:00:28+05:30,status_change,SYSTEM,Resolved,Closed,IT Support,auto-closed 3 days after resolution
EV002255,TKT-100338,2026-08-11T10:58:17+05:30,first_response,AGT002,Assigned,In Progress,IT Support,
EV006776,TKT-101011,2026-09-16T10:55:31+05:30,status_change,AGT008,In Progress,Resolved,Fees & Finance,resolution provided
EV001195,TKT-100180,2026-08-04T09:17:30+05:30,assigned,AGT013,New,Assigned,IT Support,assigned_to=AGT004
EV004370,TKT-100647,2026-08-28T12:49:50+05:30,assigned,AGT013,New,Assigned,Hostel & Maintenance,assigned_to=AGT005
EV006247,TKT-100932,2026-09-10T13:11:12+05:30,assigned,AGT014,New,Assigned,IT Support,assigned_to=AGT004
EV002787,TKT-100416,2026-08-15T16:28:35+05:30,reminder_sent,SYSTEM,,,Academics & Exams,auto-reminder: no response in 24h
EV005020,TKT-100743,2026-09-03T11:36:26+05:30,status_change,AGT012,In Progress,Resolved,Library,resolution provided
EV005885,TKT-100875,2026-09-10T10:00:00+05:30,escalated,AGT015,,,Hostel & Maintenance,open > 48h in daily review
EV006596,TKT-100986,2026-09-14T09:01:53+05:30,reassigned,AGT014,In Progress,Assigned,Hostel & Maintenance,from=Fees & Finance; assigned_to=AGT005
EV001743,TKT-100262,2026-08-07T19:54:27+05:30,assigned,SYSTEM,New,Assigned,Hostel & Maintenance,assigned_to=AGT007
EV001864,TKT-100279,2026-08-08T20:17:18+05:30,status_change,STU25060,Waiting on Student,In Progress,IT Support,student replied
EV001961,TKT-100292,2026-08-11T10:13:52+05:30,status_change,AGT007,In Progress,Resolved,Hostel & Maintenance,resolution provided
EV006175,TKT-100921,2026-09-09T12:20:31+05:30,assigned,SYSTEM,New,Assigned,IT Support,assigned_to=AGT004
EV000068,TKT-100010,2026-07-29T18:51:48+05:30,status_change,AGT005,In Progress,Resolved,Hostel & Maintenance,resolution provided
EV004832,TKT-100714,2026-09-04T16:12:27+05:30,status_change,SYSTEM,Resolved,Closed,Academics & Exams,auto-closed 3 days after resolution
EV001158,TKT-100174,2026-08-07T09:16:38+05:30,status_change,AGT010,In Progress,Resolved,Academics & Exams,resolution provided
EV000448,TKT-100070,2026-07-30T15:34:53+05:30,reassigned,AGT013,In Progress,Assigned,Fees & Finance,from=IT Support; assigned_to=AGT009
EV002922,TKT-100435,2026-08-17T08:12:12+05:30,status_change,AGT002,In Progress,Resolved,IT Support,resolution provided
EV001029,TKT-100154,2026-08-04T19:05:34+05:30,reminder_sent,SYSTEM,,,Library,auto-reminder: no response in 24h
EV004153,TKT-100613,2026-09-01T08:00:00+05:30,status_change,AGT006,In Progress,Resolved,Hostel & Maintenance,resolution provided
EV001383,TKT-100211,2026-08-14T10:55:32+05:30,status_change,STU25433,Waiting on Student,In Progress,Fees & Finance,student replied
EV000825,TKT-100124,2026-08-01T06:54:11+05:30,created,STU25491,,New,,channel=email
EV006364,TKT-100952,2026-09-10T19:53:38+05:30,created,STU24276,,New,,channel=portal
EV000622,TKT-100097,2026-07-31T17:01:04+05:30,created,STU24226,,New,,channel=email
EV003852,TKT-100572,2026-08-29T02:50:36+05:30,first_response,AGT008,Assigned,In Progress,Fees & Finance,
EV004198,TKT-100621,2026-08-25T11:29:10+05:30,assigned,AGT014,New,Assigned,IT Support,assigned_to=AGT004
EV000955,TKT-100142,2026-08-05T10:00:00+05:30,escalated,AGT015,,,Academics & Exams,open > 48h in daily review
EV005577,TKT-100829,2026-09-05T17:23:01+05:30,created,STU25152,,New,,channel=portal
EV002230,TKT-100335,2026-08-11T13:36:25+05:30,reminder_sent,SYSTEM,,,Academics & Exams,auto-reminder: no response in 24h
EV004344,TKT-100643,2026-08-27T18:52:44+05:30,assigned,SYSTEM,New,Assigned,Library,assigned_to=AGT012
EV005195,TKT-100770,2026-09-02T16:06:57+05:30,created,STU24388,,New,,channel=portal
EV003155,TKT-100468,2026-08-17T13:11:18+05:30,first_response,AGT011,Assigned,In Progress,Academics & Exams,
EV006093,TKT-100908,2026-09-10T12:09:21+05:30,assigned,AGT014,New,Assigned,Hostel & Maintenance,assigned_to=AGT005
EV006084,TKT-100906,2026-09-11T14:12:11+05:30,status_change,AGT005,In Progress,Resolved,Hostel & Maintenance,resolution provided
EV007419,TKT-101114,2026-09-18T14:22:06+05:30,status_change,AGT005,In Progress,Resolved,Hostel & Maintenance,resolution provided
EV006477,TKT-100968,2026-09-12T11:18:42+05:30,assigned,AGT014,New,Assigned,IT Support,assigned_to=AGT002
EV002130,TKT-100320,2026-08-10T15:03:26+05:30,assigned,AGT013,New,Assigned,Hostel & Maintenance,assigned_to=AGT005
EV002085,TKT-100313,2026-08-10T12:37:31+05:30,status_change,AGT001,In Progress,Waiting on Student,IT Support,asked student for details
EV001927,TKT-100287,2026-08-10T16:53:10+05:30,status_change,AGT002,In Progress,Resolved,IT Support,resolution provided
EV004811,TKT-100711,2026-09-03T15:51:55+05:30,status_change,SYSTEM,Resolved,Closed,IT Support,auto-closed 3 days after resolution
EV002498,TKT-100373,2026-08-17T14:30:18+05:30,status_change,SYSTEM,Resolved,Closed,Hostel & Maintenance,auto-closed 3 days after resolution
EV007673,TKT-101160,2026-09-18T18:37:00+05:30,created,STU24300,,New,,channel=email
EV004206,TKT-100622,2026-08-25T17:34:26+05:30,assigned,AGT014,New,Assigned,Hostel & Maintenance,assigned_to=AGT005
EV003818,TKT-100567,2026-08-21T09:39:48+05:30,created,STU25145,,New,,channel=walk_in
EV001692,TKT-100255,2026-08-07T09:22:59+05:30,first_response,AGT003,Assigned,In Progress,IT Support,
EV000670,TKT-100103,2026-08-01T09:13:29+05:30,status_change,AGT004,In Progress,Resolved,IT Support,resolution provided
EV002676,TKT-100400,2026-08-14T11:18:14+05:30,assigned,AGT014,New,Assigned,Library,assigned_to=AGT012
EV003226,TKT-100478,2026-08-20T10:00:00+05:30,escalated,AGT015,,,Hostel & Maintenance,open > 48h in daily review
EV007011,TKT-101047,2026-09-19T11:20:07+05:30,status_change,SYSTEM,Resolved,Closed,Hostel & Maintenance,auto-closed 3 days after resolution
EV003672,TKT-100545,2026-08-22T11:14:23+05:30,status_change,AGT001,In Progress,Waiting on Student,IT Support,asked student for details
EV000754,TKT-100114,2026-08-05T09:28:23+05:30,status_change,AGT011,In Progress,Resolved,Academics & Exams,resolution provided
EV005929,TKT-100882,2026-09-08T16:18:42+05:30,assigned,SYSTEM,New,Assigned,IT Support,assigned_to=AGT001
EV002712,TKT-100405,2026-08-19T12:16:03+05:30,status_change,STU24329,Resolved,Reopened,Hostel & Maintenance,student: issue not fixed
EV001245,TKT-100188,2026-08-05T11:51:56+05:30,first_response,AGT009,Assigned,In Progress,Fees & Finance,
EV004715,TKT-100696,2026-09-01T09:44:53+05:30,status_change,AGT001,In Progress,Resolved,IT Support,resolution provided
EV001513,TKT-100230,2026-08-06T13:09:29+05:30,status_change,AGT012,In Progress,Resolved,Library,resolution provided
EV005287,TKT-100783,2026-09-07T19:56:54+05:30,status_change,SYSTEM,Resolved,Closed,IT Support,auto-closed 3 days after resolution
EV003231,TKT-100479,2026-08-18T18:59:22+05:30,first_response,AGT006,Assigned,In Progress,Hostel & Maintenance,
EV005657,TKT-100840,2026-09-07T09:37:35+05:30,assigned,AGT014,New,Assigned,IT Support,assigned_to=AGT003
EV004371,TKT-100647,2026-08-28T16:30:41+05:30,first_response,AGT005,Assigned,In Progress,Hostel & Maintenance,
EV004964,TKT-100735,2026-09-01T09:59:13+05:30,assigned,AGT013,New,Assigned,Hostel & Maintenance,assigned_to=AGT005
EV003940,TKT-100583,2026-08-24T09:31:49+05:30,first_response,AGT010,Assigned,In Progress,Academics & Exams,
EV005984,TKT-100891,2026-09-08T21:19:31+05:30,assigned,SYSTEM,New,Assigned,Hostel & Maintenance,assigned_to=AGT006
EV002814,TKT-100420,2026-08-14T00:58:48+05:30,assigned,SYSTEM,New,Assigned,IT Support,assigned_to=AGT002
EV005417,TKT-100803,2026-09-07T22:21:51+05:30,status_change,STU24128,Waiting on Student,In Progress,Library,student replied
EV007775,TKT-101176,2026-09-19T08:15:36+05:30,created,STU24194,,New,,channel=portal
EV004354,TKT-100644,2026-09-05T09:00:00+05:30,status_change,SYSTEM,Resolved,Closed,Academics & Exams,auto-closed 3 days after resolution
EV004080,TKT-100602,2026-08-24T13:27:06+05:30,first_response,AGT001,Assigned,In Progress,IT Support,
EV004978,TKT-100737,2026-09-01T09:34:25+05:30,first_response,AGT004,Assigned,In Progress,IT Support,
EV002926,TKT-100436,2026-08-15T13:39:43+05:30,first_response,AGT012,Assigned,In Progress,Library,
EV003715,TKT-100551,2026-08-24T10:00:00+05:30,escalated,AGT015,,,IT Support,open > 48h in daily review
EV005960,TKT-100887,2026-09-08T10:24:55+05:30,assigned,AGT014,New,Assigned,IT Support,assigned_to=AGT003
EV004595,TKT-100679,2026-08-31T10:00:00+05:30,escalated,AGT015,,,Academics & Exams,open > 48h in daily review
EV004913,TKT-100727,2026-08-31T14:30:48+05:30,assigned,SYSTEM,New,Assigned,Hostel & Maintenance,assigned_to=AGT006
EV003970,TKT-100588,2026-08-24T08:31:47+05:30,created,STU24629,,New,,channel=email
EV004784,TKT-100707,2026-09-02T10:00:00+05:30,escalated,AGT015,,,IT Support,open > 48h in daily review
EV004146,TKT-100613,2026-08-25T12:49:05+05:30,assigned,AGT013,New,Assigned,IT Support,assigned_to=AGT002
EV002316,TKT-100347,2026-08-11T10:23:43+05:30,created,STU24100,,New,,channel=portal
EV002748,TKT-100410,2026-08-21T09:00:00+05:30,status_change,SYSTEM,Resolved,Closed,Academics & Exams,auto-closed 3 days after resolution
EV002305,TKT-100344,2026-08-14T13:52:39+05:30,status_change,SYSTEM,Resolved,Closed,IT Support,auto-closed 3 days after resolution
EV001734,TKT-100261,2026-08-07T15:04:27+05:30,assigned,SYSTEM,New,Assigned,Hostel & Maintenance,assigned_to=AGT005
EV004210,TKT-100622,2026-08-31T13:09:57+05:30,status_change,SYSTEM,Resolved,Closed,Hostel & Maintenance,auto-closed 3 days after resolution
EV001007,TKT-100150,2026-08-04T15:14:56+05:30,status_change,AGT007,In Progress,Resolved,Hostel & Maintenance,resolution provided
EV000875,TKT-100131,2026-08-01T12:42:26+05:30,assigned,SYSTEM,New,Assigned,IT Support,assigned_to=AGT003
EV004451,TKT-100659,2026-08-31T16:16:22+05:30,status_change,AGT010,In Progress,Waiting on Student,Academics & Exams,asked student for details
EV000710,TKT-100108,2026-08-07T08:00:00+05:30,status_change,SYSTEM,Resolved,Closed,Hostel & Maintenance,auto-closed 3 days after resolution
EV008006,TKT-9000001,2026-08-21T10:00:00+05:30,escalated,AGT015,,,Fees & Finance,open > 48h in daily review
EV003853,TKT-100572,2026-09-01T10:54:44+05:30,status_change,AGT008,In Progress,Waiting on Student,Fees & Finance,asked student for details
EV005267,TKT-100781,2026-09-03T13:48:52+05:30,created,STU25717,,New,,channel=email
EV007672,TKT-101159,2026-09-19T15:24:24+05:30,status_change,AGT012,In Progress,Resolved,Library,resolution provided
EV006098,TKT-100908,2026-09-14T09:50:17+05:30,status_change,AGT005,In Progress,Resolved,Hostel & Maintenance,resolution provided
EV007582,TKT-101145,2026-09-18T14:33:22+05:30,created,STU25527,,New,,channel=email
EV006689,TKT-100998,2026-09-14T13:13:40+05:30,status_change,AGT007,In Progress,Resolved,Hostel & Maintenance,resolution provided
EV002052,TKT-100307,2026-08-09T13:00:43+05:30,assigned,SYSTEM,New,Assigned,Hostel & Maintenance,assigned_to=AGT007
EV001341,TKT-100204,2026-08-05T17:01:39+05:30,assigned,SYSTEM,New,Assigned,IT Support,assigned_to=AGT002
EV001165,TKT-100176,2026-08-04T20:51:17+05:30,created,STU25169,,New,,channel=portal
EV001287,TKT-100195,2026-08-05T10:54:10+05:30,status_change,AGT007,In Progress,Resolved,Hostel & Maintenance,resolution provided
EV005175,TKT-100766,2026-09-11T15:16:57+05:30,status_change,SYSTEM,Resolved,Closed,Academics & Exams,auto-closed 3 days after resolution
EV006147,TKT-100917,2026-09-09T11:54:04+05:30,created,STU24130,,New,,channel=portal
EV003495,TKT-100516,2026-08-23T15:51:42+05:30,status_change,SYSTEM,Resolved,Closed,IT Support,auto-closed 3 days after resolution
EV000274,TKT-100043,2026-07-30T01:10:46+05:30,status_change,STU24161,Waiting on Student,In Progress,Hostel & Maintenance,student replied
EV001715,TKT-100258,2026-08-10T10:00:00+05:30,escalated,AGT015,,,Hostel & Maintenance,open > 48h in daily review
EV006200,TKT-100925,2026-09-09T14:03:36+05:30,created,STU25507,,New,,channel=email
EV005905,TKT-100878,2026-09-08T15:23:31+05:30,status_change,AGT010,In Progress,Resolved,Academics & Exams,resolution provided
EV004159,TKT-100614,2026-08-28T19:14:52+05:30,status_change,SYSTEM,Waiting on Student,Closed - No Response,IT Support,auto-closed after 72h without student reply
EV001318,TKT-100201,2026-08-06T16:23:37+05:30,assigned,AGT013,New,Assigned,Hostel & Maintenance,assigned_to=AGT005
EV000224,TKT-100035,2026-07-29T17:42:09+05:30,first_response,AGT005,Assigned,In Progress,Hostel & Maintenance,
EV006376,TKT-100953,2026-09-17T11:52:29+05:30,status_change,SYSTEM,Resolved,Closed,Academics & Exams,auto-closed 3 days after resolution
EV003105,TKT-100460,2026-08-17T10:44:43+05:30,assigned,AGT014,New,Assigned,Academics & Exams,assigned_to=AGT011
EV002896,TKT-100431,2026-08-15T17:35:15+05:30,status_change,AGT012,In Progress,Resolved,Library,resolution provided
EV003365,TKT-100498,2026-08-19T09:18:44+05:30,status_change,AGT002,In Progress,Resolved,IT Support,resolution provided
EV006015,TKT-100896,2026-09-11T11:43:47+05:30,status_change,AGT010,In Progress,Resolved,Academics & Exams,resolution provided
EV006415,TKT-100960,2026-09-11T15:05:22+05:30,created,STU24201,,New,,channel=portal
EV001123,TKT-100168,2026-08-03T20:19:08+05:30,created,STU24411,,New,,channel=portal
EV001528,TKT-100233,2026-08-06T09:52:59+05:30,created,STU25650,,New,,channel=email
EV002800,TKT-100418,2026-08-14T16:52:05+05:30,assigned,SYSTEM,New,Assigned,IT Support,assigned_to=AGT003
EV004602,TKT-100680,2026-09-01T16:55:35+05:30,status_change,AGT009,In Progress,Waiting on Student,Fees & Finance,asked student for details
EV002360,TKT-100353,2026-08-11T13:53:05+05:30,created,STU25191,,New,,channel=email
EV005638,TKT-100837,2026-09-09T11:25:20+05:30,status_change,AGT001,In Progress,Resolved,IT Support,resolution provided
EV006585,TKT-100984,2026-09-14T14:45:43+05:30,status_change,AGT007,In Progress,Resolved,Hostel & Maintenance,resolution provided
EV001935,TKT-100289,2026-08-08T20:34:31+05:30,created,STU25254,,New,,channel=portal
EV005060,TKT-100749,2026-09-02T05:50:50+05:30,status_change,STU25462,Waiting on Student,In Progress,IT Support,student replied
EV007738,TKT-101169,2026-09-19T10:42:52+05:30,first_response,AGT004,Assigned,In Progress,IT Support,
EV000950,TKT-100142,2026-08-02T11:03:32+05:30,created,STU24838,,New,,channel=email
EV002796,TKT-100417,2026-08-14T14:12:51+05:30,status_change,STU25040,Waiting on Student,In Progress,Library,student replied
EV002854,TKT-100426,2026-08-14T12:32:17+05:30,first_response,AGT004,Assigned,In Progress,IT Support,
EV002126,TKT-100319,2026-08-12T10:00:00+05:30,escalated,AGT015,,,Academics & Exams,open > 48h in daily review
EV003871,TKT-100574,2026-08-24T14:06:22+05:30,reassigned,AGT014,In Progress,Assigned,Library,from=Hostel & Maintenance; assigned_to=AGT012
EV000687,TKT-100105,2026-08-06T12:28:42+05:30,status_change,AGT008,Reopened,Resolved,Fees & Finance,resolved after reopen
EV005085,TKT-100753,2026-09-02T10:47:05+05:30,reminder_sent,SYSTEM,,,Academics & Exams,auto-reminder: no response in 24h
EV007073,TKT-101058,2026-09-17T06:32:51+05:30,first_response,AGT010,Assigned,In Progress,Academics & Exams,
EV006382,TKT-100954,2026-09-15T16:17:21+05:30,status_change,AGT011,In Progress,Resolved,Academics & Exams,resolution provided
EV003342,TKT-100495,2026-08-19T11:01:46+05:30,status_change,AGT007,In Progress,Waiting on Student,Hostel & Maintenance,asked student for details
EV006133,TKT-100914,2026-09-09T16:16:38+05:30,first_response,AGT011,Assigned,In Progress,Academics & Exams,
EV000541,TKT-100084,2026-08-01T18:42:24+05:30,status_change,AGT006,In Progress,Waiting on Student,Hostel & Maintenance,asked student for details
EV006253,TKT-100933,2026-09-11T08:12:05+05:30,reminder_sent,SYSTEM,,,Hostel & Maintenance,auto-reminder: no response in 24h
EV000010,TKT-100002,2026-08-03T11:10:28+05:30,reassigned,AGT014,In Progress,Assigned,Academics & Exams,from=Fees & Finance; assigned_to=AGT010
EV004571,TKT-100676,2026-08-28T14:23:33+05:30,first_response,AGT007,Assigned,In Progress,Hostel & Maintenance,
EV007497,TKT-101129,2026-09-18T10:12:39+05:30,assigned,AGT013,New,Assigned,Fees & Finance,assigned_to=AGT009
EV002329,TKT-100348,2026-08-12T22:45:53+05:30,status_change,STU25066,Resolved,Reopened,IT Support,student: issue not fixed
EV001926,TKT-100287,2026-08-10T10:00:00+05:30,escalated,AGT015,,,Hostel & Maintenance,open > 48h in daily review
EV000054,TKT-100008,2026-07-27T17:21:45+05:30,assigned,SYSTEM,New,Assigned,IT Support,assigned_to=AGT004
EV004436,TKT-100657,2026-08-27T08:10:18+05:30,created,STU24299,,New,,channel=email
EV001163,TKT-100175,2026-08-05T14:09:59+05:30,status_change,AGT004,In Progress,Resolved,IT Support,resolution provided
EV008010,TKT-9000005,2026-09-10T09:55:26+05:30,first_response,AGT006,Assigned,In Progress,Hostel & Maintenance,
EV001240,TKT-100187,2026-08-07T10:00:00+05:30,escalated,AGT015,,,Hostel & Maintenance,open > 48h in daily review
EV003427,TKT-100507,2026-08-19T09:01:03+05:30,status_change,AGT004,In Progress,Resolved,IT Support,resolution provided
EV003364,TKT-100498,2026-08-18T21:04:51+05:30,status_change,STU24331,Waiting on Student,In Progress,IT Support,student replied
EV002991,TKT-100444,2026-08-22T00:36:12+05:30,status_change,STU25480,Waiting on Student,In Progress,Academics & Exams,student replied
EV005490,TKT-100815,2026-09-07T13:18:51+05:30,first_response,AGT010,Assigned,In Progress,Academics & Exams,
EV007802,TKT-101181,2026-09-19T10:54:33+05:30,created,STU25553,,New,,channel=portal
EV006901,TKT-101029,2026-09-16T23:35:33+05:30,status_change,STU24978,Waiting on Student,In Progress,Academics & Exams,student replied
EV003707,TKT-100550,2026-08-24T10:00:00+05:30,escalated,AGT015,,,Fees & Finance,open > 48h in daily review
EV003237,TKT-100480,2026-08-18T13:21:06+05:30,first_response,AGT001,Assigned,In Progress,IT Support,
EV004925,TKT-100728,2026-09-07T09:00:00+05:30,status_change,AGT009,In Progress,Resolved,Fees & Finance,resolution provided
EV007739,TKT-101169,2026-09-19T11:31:31+05:30,status_change,AGT004,In Progress,Waiting on Student,IT Support,asked student for details
EV005508,TKT-100818,2026-09-04T19:59:53+05:30,created,STU24112,,New,,channel=portal
EV005089,TKT-100753,2026-09-07T11:29:59+05:30,status_change,SYSTEM,Resolved,Closed,Academics & Exams,auto-closed 3 days after resolution
EV007507,TKT-101131,2026-09-17T21:11:03+05:30,assigned,SYSTEM,New,Assigned,Hostel & Maintenance,assigned_to=AGT007
EV006881,TKT-101026,2026-09-17T10:00:00+05:30,escalated,AGT015,,,Library,open > 48h in daily review
EV000657,TKT-100102,2026-07-31T10:13:44+05:30,created,STU24826,,New,,channel=email
EV004271,TKT-100632,2026-08-26T11:06:41+05:30,created,STU24582,,New,,channel=walk_in
EV006920,TKT-101033,2026-09-14T19:47:16+05:30,assigned,SYSTEM,New,Assigned,Academics & Exams,assigned_to=AGT011
EV002774,TKT-100414,2026-08-15T11:40:53+05:30,status_change,AGT012,In Progress,Resolved,Library,resolution provided
EV002253,TKT-100338,2026-08-10T14:47:14+05:30,created,STU25302,,New,,channel=portal
EV004826,TKT-100713,2026-09-07T09:00:00+05:30,status_change,AGT008,In Progress,Resolved,Fees & Finance,resolution provided
EV002629,TKT-100393,2026-08-13T10:17:50+05:30,created,STU24209,,New,,channel=portal
EV005718,TKT-100849,2026-09-07T21:23:14+05:30,assigned,SYSTEM,New,Assigned,Hostel & Maintenance,assigned_to=AGT006
EV004311,TKT-100637,2026-08-31T18:15:55+05:30,status_change,AGT002,In Progress,Resolved,IT Support,resolution provided
EV004953,TKT-100733,2026-09-01T13:58:43+05:30,first_response,AGT011,Assigned,In Progress,Academics & Exams,
EV000461,TKT-100072,2026-07-29T19:51:14+05:30,assigned,SYSTEM,New,Assigned,Library,assigned_to=AGT012
EV003978,TKT-100589,2026-08-25T13:08:43+05:30,reassigned,AGT014,In Progress,Assigned,Hostel & Maintenance,from=IT Support; assigned_to=AGT007
EV006443,TKT-100964,2026-09-11T16:26:11+05:30,created,STU25054,,New,,channel=portal
EV007082,TKT-101059,2026-09-17T14:09:03+05:30,reassigned,AGT014,In Progress,Assigned,Academics & Exams,from=IT Support; assigned_to=AGT010
EV001579,TKT-100239,2026-08-08T09:02:00+05:30,reminder_sent,SYSTEM,,,Hostel & Maintenance,auto-reminder: no response in 24h
EV004472,TKT-100662,2026-09-01T15:43:47+05:30,status_change,AGT010,In Progress,Resolved,Academics & Exams,resolution provided
EV005152,TKT-100763,2026-09-01T12:01:27+05:30,created,STU25791,,New,,channel=walk_in
EV007850,TKT-101190,2026-09-20T17:10:40+05:30,created,STU24929,,New,,channel=portal
EV007932,TKT-101203,2026-09-20T21:51:51+05:30,created,STU25015,,New,,channel=email
EV003399,TKT-100503,2026-08-22T14:19:03+05:30,status_change,STU25665,Resolved,Reopened,IT Support,student: issue not fixed
EV003463,TKT-100512,2026-08-24T10:00:00+05:30,escalated,AGT015,,,Hostel & Maintenance,open > 48h in daily review
EV005702,TKT-100846,2026-09-11T16:23:39+05:30,status_change,SYSTEM,Resolved,Closed,Fees & Finance,auto-closed 3 days after resolution
EV002205,TKT-100331,2026-08-10T19:10:43+05:30,created,STU25727,,New,,channel=portal
EV005560,TKT-100825,2026-09-08T09:06:54+05:30,status_change,AGT011,In Progress,Resolved,Academics & Exams,resolution provided
EV003507,TKT-100518,2026-08-19T09:18:03+05:30,first_response,AGT003,Assigned,In Progress,IT Support,
EV000427,TKT-100068,2026-07-29T11:17:37+05:30,created,STU24074,,New,,channel=portal
EV007005,TKT-101046,2026-09-17T10:00:00+05:30,escalated,AGT015,,,Hostel & Maintenance,open > 48h in daily review
EV001219,TKT-100184,2026-08-04T12:31:02+05:30,first_response,AGT004,Assigned,In Progress,IT Support,
EV005551,TKT-100824,2026-09-05T22:02:34+05:30,assigned,SYSTEM,New,Assigned,IT Support,assigned_to=AGT003
EV003580,TKT-100529,2026-08-25T09:22:32+05:30,status_change,SYSTEM,Resolved,Closed,IT Support,auto-closed 3 days after resolution
EV000757,TKT-100115,2026-07-31T11:01:41+05:30,assigned,SYSTEM,New,Assigned,Fees & Finance,assigned_to=AGT009
EV005126,TKT-100758,2026-09-04T11:59:35+05:30,status_change,AGT002,Reopened,Resolved,IT Support,resolved after reopen
EV006066,TKT-100904,2026-09-09T18:05:16+05:30,created,STU25372,,New,,channel=portal
EV000344,TKT-100054,2026-07-30T14:54:37+05:30,first_response,AGT012,Assigned,In Progress,Library,
EV001066,TKT-100160,2026-08-04T09:43:16+05:30,assigned,AGT013,New,Assigned,IT Support,assigned_to=AGT004
EV005027,TKT-100745,2026-09-01T08:20:04+05:30,created,STU24979,,New,,channel=portal
EV002673,TKT-100399,2026-08-18T13:22:15+05:30,status_change,AGT008,In Progress,Resolved,Fees & Finance,resolution provided
EV003991,TKT-100590,2026-08-27T17:14:50+05:30,agent_response,AGT001,Assigned,In Progress,IT Support,
EV006630,TKT-100991,2026-09-12T15:11:28+05:30,assigned,AGT013,New,Assigned,Hostel & Maintenance,assigned_to=AGT005
EV005523,TKT-100819,2026-09-07T10:00:00+05:30,escalated,AGT015,,,Academics & Exams,open > 48h in daily review
EV001867,TKT-100280,2026-08-08T18:31:35+05:30,created,STU25784,,New,,channel=email
EV004295,TKT-100635,2026-08-31T16:05:43+05:30,status_change,SYSTEM,Resolved,Closed,Fees & Finance,auto-closed 3 days after resolution
EV000817,TKT-100122,2026-08-03T10:00:00+05:30,escalated,AGT015,,,Fees & Finance,open > 48h in daily review
EV006458,TKT-100965,2026-09-13T02:25:44+05:30,status_change,STU24505,Waiting on Student,In Progress,Hostel & Maintenance,student replied
EV002454,TKT-100367,2026-08-17T12:59:31+05:30,status_change,AGT002,Reopened,Resolved,IT Support,resolved after reopen
EV005955,TKT-100886,2026-09-09T11:23:16+05:30,assigned,AGT013,New,Assigned,IT Support,assigned_to=AGT004
EV003182,TKT-100472,2026-08-18T10:06:52+05:30,assigned,AGT014,New,Assigned,Hostel & Maintenance,assigned_to=AGT006
EV001143,TKT-100172,2026-08-04T16:00:57+05:30,created,STU24720,,New,,channel=portal
EV000173,TKT-100028,2026-07-27T11:10:25+05:30,first_response,AGT008,Assigned,In Progress,Fees & Finance,
EV006019,TKT-100897,2026-09-08T17:38:23+05:30,first_response,AGT007,Assigned,In Progress,Hostel & Maintenance,
EV003536,TKT-100523,2026-08-19T08:04:43+05:30,created,STU24211,,New,,channel=portal
EV004468,TKT-100662,2026-08-28T09:17:15+05:30,assigned,AGT014,New,Assigned,Academics & Exams,assigned_to=AGT010
EV003295,TKT-100488,2026-08-18T16:05:34+05:30,status_change,AGT006,In Progress,Waiting on Student,Hostel & Maintenance,asked student for details
EV007929,TKT-101202,2026-09-20T14:51:00+05:30,assigned,SYSTEM,New,Assigned,IT Support,assigned_to=AGT003
EV006265,TKT-100935,2026-09-13T19:56:40+05:30,first_response,AGT011,Assigned,In Progress,Academics & Exams,
EV000053,TKT-100008,2026-07-27T17:08:27+05:30,created,STU24865,,New,,channel=portal
EV006749,TKT-101007,2026-09-12T18:52:33+05:30,status_change,AGT001,In Progress,Resolved,IT Support,resolution provided
EV003151,TKT-100467,2026-08-19T12:23:34+05:30,status_change,AGT001,In Progress,Resolved,IT Support,resolution provided
EV004939,TKT-100731,2026-08-31T16:56:52+05:30,created,STU24529,,New,,channel=portal
EV001089,TKT-100162,2026-08-13T17:05:09+05:30,status_change,SYSTEM,Resolved,Closed,Hostel & Maintenance,auto-closed 3 days after resolution
EV005750,TKT-100853,2026-09-12T15:57:45+05:30,status_change,SYSTEM,Resolved,Closed,IT Support,auto-closed 3 days after resolution
EV002235,TKT-100335,2026-08-13T13:11:05+05:30,status_change,AGT010,In Progress,Resolved,Academics & Exams,resolution provided
EV002614,TKT-100390,2026-08-14T13:11:06+05:30,status_change,AGT008,In Progress,Waiting on Student,Fees & Finance,asked student for details
EV000318,TKT-100050,2026-07-31T09:43:41+05:30,status_change,AGT010,In Progress,Resolved,Academics & Exams,resolution provided
EV000308,TKT-100048,2026-08-03T09:00:00+05:30,status_change,AGT009,In Progress,Resolved,Fees & Finance,resolution provided
EV007042,TKT-101053,2026-09-14T13:35:24+05:30,first_response,AGT011,Assigned,In Progress,Academics & Exams,
EV005658,TKT-100840,2026-09-07T13:15:25+05:30,first_response,AGT003,Assigned,In Progress,IT Support,
EV005231,TKT-100775,2026-09-02T20:14:46+05:30,assigned,SYSTEM,New,Assigned,Fees & Finance,assigned_to=AGT009
EV000040,TKT-100006,2026-07-27T09:27:37+05:30,created,STU24556,,New,,channel=portal
EV000260,TKT-100041,2026-07-28T11:01:44+05:30,assigned,SYSTEM,New,Assigned,Hostel & Maintenance,assigned_to=AGT006
EV003468,TKT-100513,2026-08-19T17:33:39+05:30,created,STU24704,,New,,channel=portal
EV001620,TKT-100245,2026-08-07T12:37:51+05:30,assigned,AGT013,New,Assigned,IT Support,assigned_to=AGT004
EV005450,TKT-100808,2026-09-08T08:00:00+05:30,status_change,AGT006,In Progress,Resolved,Hostel & Maintenance,resolution provided
EV004775,TKT-100706,2026-08-30T15:37:07+05:30,created,STU24445,,New,,channel=email
EV005150,TKT-100762,2026-09-04T14:04:36+05:30,status_change,AGT010,In Progress,Resolved,Academics & Exams,resolution provided
EV003880,TKT-100574,2026-09-03T09:00:00+05:30,status_change,AGT008,In Progress,Resolved,Fees & Finance,resolution provided
EV001463,TKT-100223,2026-08-06T17:03:43+05:30,created,STU25300,,New,,channel=email
EV006812,TKT-101016,2026-09-13T20:23:25+05:30,created,STU25378,,New,,channel=portal
EV001760,TKT-100265,2026-08-07T11:45:52+05:30,created,STU24683,,New,,channel=portal
EV002591,TKT-100387,2026-08-13T10:10:05+05:30,assigned,SYSTEM,New,Assigned,IT Support,assigned_to=AGT002
EV007479,TKT-101126,2026-09-17T22:01:30+05:30,status_change,STU24592,Waiting on Student,In Progress,IT Support,student replied
EV005565,TKT-100826,2026-09-07T15:49:52+05:30,status_change,AGT002,In Progress,Resolved,IT Support,resolution provided
EV006394,TKT-100956,2026-09-12T15:23:59+05:30,first_response,AGT012,Assigned,In Progress,Library,
EV007171,TKT-101072,2026-09-15T18:06:57+05:30,status_change,AGT003,In Progress,Waiting on Student,IT Support,asked student for details
EV005251,TKT-100778,2026-09-03T11:36:24+05:30,assigned,AGT014,New,Assigned,Hostel & Maintenance,assigned_to=AGT005
EV003486,TKT-100515,2026-08-21T18:37:40+05:30,status_change,STU24589,Resolved,Reopened,Hostel & Maintenance,student: issue not fixed
EV006233,TKT-100929,2026-09-11T10:35:08+05:30,status_change,AGT010,In Progress,Resolved,Academics & Exams,resolution provided
EV002833,TKT-100423,2026-08-15T09:57:05+05:30,assigned,AGT014,New,Assigned,Academics & Exams,assigned_to=AGT011
EV003786,TKT-100561,2026-08-29T09:00:00+05:30,status_change,SYSTEM,Resolved,Closed,Academics & Exams,auto-closed 3 days after resolution
EV000988,TKT-100147,2026-08-06T15:12:14+05:30,status_change,AGT008,In Progress,Resolved,Fees & Finance,resolution provided
EV000613,TKT-100095,2026-07-31T12:05:41+05:30,status_change,AGT001,In Progress,Waiting on Student,IT Support,asked student for details
EV000999,TKT-100149,2026-08-05T14:03:27+05:30,status_change,AGT008,In Progress,Waiting on Student,Fees & Finance,asked student for details
EV002306,TKT-100345,2026-08-10T21:21:40+05:30,created,STU24837,,New,,channel=portal
EV000211,TKT-100033,2026-07-31T10:00:00+05:30,escalated,AGT015,,,Academics & Exams,open > 48h in daily review
EV000453,TKT-100071,2026-07-29T13:24:04+05:30,created,STU24305,,New,,channel=portal
EV006970,TKT-101040,2026-09-15T01:58:30+05:30,status_change,STU25016,Waiting on Student,In Progress,Library,student replied
EV004372,TKT-100647,2026-08-29T11:53:23+05:30,status_change,AGT005,In Progress,Resolved,Hostel & Maintenance,resolution provided
EV007033,TKT-101051,2026-09-16T12:26:50+05:30,status_change,AGT011,In Progress,Waiting on Student,Academics & Exams,asked student for details
EV003465,TKT-100512,2026-08-26T19:49:55+05:30,status_change,STU24203,Resolved,Reopened,Hostel & Maintenance,student: issue not fixed
EV001439,TKT-100219,2026-08-12T08:00:00+05:30,status_change,AGT006,In Progress,Resolved,Hostel & Maintenance,resolution provided
EV001162,TKT-100175,2026-08-05T10:26:30+05:30,first_response,AGT004,Assigned,In Progress,IT Support,
EV005855,TKT-100870,2026-09-11T12:26:11+05:30,status_change,SYSTEM,Resolved,Closed,Library,auto-closed 3 days after resolution
EV006718,TKT-101002,2026-09-14T08:52:55+05:30,status_change,AGT002,In Progress,Resolved,IT Support,resolution provided
EV003462,TKT-100512,2026-08-19T12:54:41+05:30,first_response,AGT006,Assigned,In Progress,Hostel & Maintenance,
EV004070,TKT-100601,2026-08-26T12:41:20+05:30,agent_response,AGT004,Assigned,In Progress,IT Support,
EV005327,TKT-100790,2026-09-03T11:24:47+05:30,created,STU24544,,New,,channel=portal
EV001939,TKT-100289,2026-08-11T10:00:00+05:30,escalated,AGT015,,,Hostel & Maintenance,open > 48h in daily review
EV007000,TKT-101045,2026-09-14T19:37:16+05:30,status_change,AGT001,In Progress,Resolved,IT Support,resolution provided
EV003073,TKT-100455,2026-08-18T10:06:46+05:30,status_change,AGT011,In Progress,Resolved,Academics & Exams,resolution provided
EV001575,TKT-100238,2026-08-07T17:54:15+05:30,status_change,AGT003,In Progress,Resolved,IT Support,resolution provided
EV001902,TKT-100285,2026-08-08T12:52:59+05:30,created,STU24917,,New,,channel=email
EV003832,TKT-100569,2026-08-22T15:17:02+05:30,assigned,SYSTEM,New,Assigned,Academics & Exams,assigned_to=AGT010
EV001866,TKT-100279,2026-08-13T12:04:22+05:30,status_change,SYSTEM,Resolved,Closed,IT Support,auto-closed 3 days after resolution
EV004633,TKT-100684,2026-08-31T10:27:02+05:30,status_change,AGT007,In Progress,Resolved,Hostel & Maintenance,resolution provided
EV001055,TKT-100158,2026-08-06T10:00:00+05:30,escalated,AGT015,,,Academics & Exams,open > 48h in daily review
EV004235,TKT-100626,2026-08-28T11:44:07+05:30,reassigned,AGT013,In Progress,Assigned,IT Support,from=Hostel & Maintenance; assigned_to=AGT004
EV002436,TKT-100365,2026-08-11T18:40:37+05:30,status_change,AGT002,In Progress,Resolved,IT Support,resolution provided
EV005614,TKT-100834,2026-09-06T18:18:06+05:30,created,STU24220,,New,,channel=email
EV001659,TKT-100250,2026-08-10T12:56:32+05:30,status_change,AGT003,Reopened,Resolved,IT Support,resolved after reopen
EV000551,TKT-100086,2026-07-30T15:14:47+05:30,created,STU25443,,New,,channel=portal
EV001410,TKT-100215,2026-08-09T14:59:19+05:30,status_change,SYSTEM,Resolved,Closed,IT Support,auto-closed 3 days after resolution
EV006313,TKT-100943,2026-09-11T22:19:25+05:30,status_change,STU25143,Waiting on Student,In Progress,Hostel & Maintenance,student replied
EV007514,TKT-101132,2026-09-17T19:39:48+05:30,first_response,AGT004,Assigned,In Progress,IT Support,
EV001168,TKT-100176,2026-08-06T13:35:41+05:30,first_response,AGT009,Assigned,In Progress,Fees & Finance,
EV004244,TKT-100627,2026-08-26T19:08:11+05:30,created,STU25679,,New,,channel=portal
EV000283,TKT-100044,2026-07-30T11:15:02+05:30,status_change,AGT004,In Progress,Resolved,IT Support,resolution provided
EV006991,TKT-101044,2026-09-14T17:26:33+05:30,assigned,SYSTEM,New,Assigned,Academics & Exams,assigned_to=AGT011
EV006761,TKT-101009,2026-09-17T09:00:00+05:30,status_change,AGT009,In Progress,Resolved,Fees & Finance,resolution provided
EV003519,TKT-100520,2026-08-20T16:19:32+05:30,reminder_sent,SYSTEM,,,Academics & Exams,auto-reminder: no response in 24h
EV001651,TKT-100249,2026-08-10T10:00:00+05:30,escalated,AGT015,,,Hostel & Maintenance,open > 48h in daily review
EV001119,TKT-100167,2026-08-04T11:17:11+05:30,assigned,AGT013,New,Assigned,IT Support,assigned_to=AGT004
EV004245,TKT-100627,2026-08-26T19:16:06+05:30,assigned,SYSTEM,New,Assigned,Hostel & Maintenance,assigned_to=AGT005
EV004255,TKT-100629,2026-08-26T13:58:18+05:30,assigned,SYSTEM,New,Assigned,Academics & Exams,assigned_to=AGT011
EV007166,TKT-101071,2026-09-18T10:00:00+05:30,escalated,AGT015,,,Academics & Exams,open > 48h in daily review
EV004006,TKT-100593,2026-08-24T21:32:24+05:30,assigned,SYSTEM,New,Assigned,Library,assigned_to=AGT012
EV008013,TKT-9000008,2026-08-19T15:49:53+05:30,created,STU25054,,New,,channel=email
EV001951,TKT-100291,2026-08-08T18:50:45+05:30,assigned,SYSTEM,New,Assigned,Fees & Finance,assigned_to=AGT009
EV005530,TKT-100820,2026-09-07T10:43:40+05:30,status_change,AGT012,In Progress,Resolved,Library,resolution provided
EV006616,TKT-100989,2026-09-13T22:54:10+05:30,reminder_sent,SYSTEM,,,IT Support,auto-reminder: no response in 24h
EV004519,TKT-100669,2026-08-29T08:36:00+05:30,first_response,AGT001,Assigned,In Progress,IT Support,
EV002806,TKT-100419,2026-08-15T21:26:08+05:30,reminder_sent,SYSTEM,,,Academics & Exams,auto-reminder: no response in 24h
EV004874,TKT-100721,2026-09-02T15:46:14+05:30,agent_response,AGT012,Assigned,In Progress,Library,
EV006803,TKT-101014,2026-09-16T03:24:37+05:30,first_response,AGT006,Assigned,In Progress,Hostel & Maintenance,
EV004922,TKT-100728,2026-09-01T11:55:07+05:30,reminder_sent,SYSTEM,,,Fees & Finance,auto-reminder: no response in 24h
EV004822,TKT-100713,2026-09-02T10:55:19+05:30,first_response,AGT006,Assigned,In Progress,Hostel & Maintenance,
EV001705,TKT-100256,2026-08-15T08:00:00+05:30,status_change,SYSTEM,Resolved,Closed,Hostel & Maintenance,auto-closed 3 days after resolution
EV006706,TKT-101001,2026-09-16T04:14:00+05:30,first_response,AGT012,Assigned,In Progress,Library,
EV003744,TKT-100555,2026-08-22T08:24:03+05:30,status_change,AGT003,In Progress,Waiting on Student,IT Support,asked student for details
EV004251,TKT-100628,2026-08-27T08:41:24+05:30,first_response,AGT004,Assigned,In Progress,IT Support,
EV002831,TKT-100422,2026-08-18T14:19:40+05:30,status_change,SYSTEM,Resolved,Closed,Library,auto-closed 3 days after resolution
EV003892,TKT-100576,2026-08-23T17:14:21+05:30,reminder_sent,SYSTEM,,,Library,auto-reminder: no response in 24h
EV001034,TKT-100155,2026-08-03T02:03:59+05:30,assigned,SYSTEM,New,Assigned,Academics & Exams,assigned_to=AGT011
EV007617,TKT-101150,2026-09-19T16:08:34+05:30,agent_response,AGT002,Assigned,In Progress,IT Support,
EV005494,TKT-100816,2026-09-04T21:21:25+05:30,created,STU24715,,New,,channel=email
EV005663,TKT-100841,2026-09-06T17:31:28+05:30,created,STU25734,,New,,channel=email
EV006853,TKT-101022,2026-09-14T14:26:08+05:30,assigned,AGT013,New,Assigned,Hostel & Maintenance,assigned_to=AGT007
EV006202,TKT-100925,2026-09-09T15:50:50+05:30,first_response,AGT005,Assigned,In Progress,Hostel & Maintenance,
EV001842,TKT-100276,2026-08-09T12:14:56+05:30,reminder_sent,SYSTEM,,,Academics & Exams,auto-reminder: no response in 24h
EV001016,TKT-100152,2026-08-03T22:20:30+05:30,created,STU25482,,New,,channel=portal
EV001038,TKT-100155,2026-08-08T12:11:09+05:30,status_change,SYSTEM,Resolved,Closed,Academics & Exams,auto-closed 3 days after resolution
EV007641,TKT-101154,2026-09-18T16:36:48+05:30,reassigned,AGT013,In Progress,Assigned,IT Support,from=Academics & Exams; assigned_to=AGT002
EV003727,TKT-100553,2026-08-21T17:07:49+05:30,created,STU24578,,New,,channel=portal
EV005578,TKT-100829,2026-09-05T17:29:53+05:30,assigned,SYSTEM,New,Assigned,Library,assigned_to=AGT012
EV001660,TKT-100250,2026-08-13T12:56:32+05:30,status_change,SYSTEM,Resolved,Closed,IT Support,auto-closed 3 days after resolution
EV007512,TKT-101132,2026-09-17T15:44:32+05:30,created,STU24421,,New,,channel=portal
EV003216,TKT-100477,2026-08-17T09:45:46+05:30,created,STU25003,,New,,channel=portal
EV001901,TKT-100284,2026-08-13T12:14:23+05:30,status_change,SYSTEM,Resolved,Closed,IT Support,auto-closed 3 days after resolution
EV002542,TKT-100379,2026-08-15T13:59:12+05:30,agent_response,AGT004,Assigned,In Progress,IT Support,
EV002276,TKT-100340,2026-08-16T13:41:17+05:30,status_change,SYSTEM,Resolved,Closed,Academics & Exams,auto-closed 3 days after resolution
EV002027,TKT-100303,2026-08-10T12:42:21+05:30,assigned,AGT014,New,Assigned,Academics & Exams,assigned_to=AGT011
EV001719,TKT-100259,2026-08-07T21:13:13+05:30,assigned,SYSTEM,New,Assigned,Academics & Exams,assigned_to=AGT011
EV005956,TKT-100886,2026-09-09T11:26:21+05:30,first_response,AGT004,Assigned,In Progress,IT Support,
EV001551,TKT-100235,2026-08-11T14:50:02+05:30,reassigned,AGT014,In Progress,Assigned,IT Support,from=Hostel & Maintenance; assigned_to=AGT002
EV001871,TKT-100280,2026-08-11T14:21:28+05:30,status_change,STU25784,Resolved,Reopened,IT Support,student: issue not fixed
EV004852,TKT-100718,2026-09-01T09:12:31+05:30,first_response,AGT011,Assigned,In Progress,Academics & Exams,
EV004552,TKT-100673,2026-09-03T12:05:04+05:30,status_change,SYSTEM,Resolved,Closed,Library,auto-closed 3 days after resolution
EV001491,TKT-100226,2026-08-10T12:08:05+05:30,status_change,AGT007,In Progress,Resolved,Hostel & Maintenance,resolution provided
EV007399,TKT-101111,2026-09-17T09:20:00+05:30,first_response,AGT010,Assigned,In Progress,Academics & Exams,
EV006919,TKT-101033,2026-09-14T19:41:19+05:30,created,STU24073,,New,,channel=portal
EV002262,TKT-100339,2026-08-11T14:29:31+05:30,reminder_sent,SYSTEM,,,Fees & Finance,auto-reminder: no response in 24h
EV008040,TKT-9000035,2026-09-20T19:01:42+05:30,assigned,SYSTEM,New,Assigned,Academics & Exams,assigned_to=AGT011
EV002633,TKT-100393,2026-08-15T15:10:51+05:30,status_change,AGT006,In Progress,Resolved,Hostel & Maintenance,resolution provided
EV005941,TKT-100884,2026-09-08T10:23:50+05:30,created,STU25175,,New,,channel=portal
EV003823,TKT-100568,2026-08-22T19:42:29+05:30,created,STU25184,,New,,channel=email
EV001915,TKT-100286,2026-08-12T13:45:12+05:30,agent_response,AGT007,Assigned,In Progress,Hostel & Maintenance,
EV003333,TKT-100494,2026-08-19T16:25:19+05:30,first_response,AGT008,Assigned,In Progress,Fees & Finance,
EV004481,TKT-100664,2026-08-28T18:26:15+05:30,first_response,AGT004,Assigned,In Progress,IT Support,
EV007067,TKT-101057,2026-09-17T16:46:54+05:30,status_change,AGT009,In Progress,Resolved,Fees & Finance,resolution provided
EV005510,TKT-100818,2026-09-05T20:07:47+05:30,reminder_sent,SYSTEM,,,Academics & Exams,auto-reminder: no response in 24h
EV006619,TKT-100989,2026-09-14T21:24:47+05:30,status_change,STU25609,Waiting on Student,In Progress,IT Support,student replied
EV002269,TKT-100340,2026-08-10T19:06:40+05:30,first_response,AGT005,Assigned,In Progress,Hostel & Maintenance,
EV007472,TKT-101125,2026-09-18T09:21:19+05:30,assigned,AGT014,New,Assigned,IT Support,assigned_to=AGT001
EV007414,TKT-101114,2026-09-17T12:57:16+05:30,created,STU25099,,New,,channel=email
EV006148,TKT-100917,2026-09-09T12:04:45+05:30,assigned,SYSTEM,New,Assigned,Hostel & Maintenance,assigned_to=AGT007
EV004814,TKT-100712,2026-08-31T18:18:32+05:30,first_response,AGT002,Assigned,In Progress,IT Support,
EV005825,TKT-100865,2026-09-12T11:17:55+05:30,status_change,SYSTEM,Resolved,Closed,Academics & Exams,auto-closed 3 days after resolution
EV005196,TKT-100770,2026-09-02T16:12:23+05:30,assigned,SYSTEM,New,Assigned,IT Support,assigned_to=AGT004
EV000983,TKT-100147,2026-08-02T09:48:05+05:30,created,STU24396,,New,,channel=portal
EV000801,TKT-100120,2026-08-03T10:00:00+05:30,escalated,AGT015,,,Hostel & Maintenance,open > 48h in daily review
EV004204,TKT-100621,2026-08-31T13:58:51+05:30,status_change,SYSTEM,Resolved,Closed,Hostel & Maintenance,auto-closed 3 days after resolution
EV003177,TKT-100471,2026-08-17T13:45:36+05:30,status_change,AGT002,In Progress,Waiting on Student,IT Support,asked student for details
EV006182,TKT-100921,2026-09-14T11:15:49+05:30,status_change,SYSTEM,Resolved,Closed,Academics & Exams,auto-closed 3 days after resolution
EV000877,TKT-100131,2026-08-03T10:54:12+05:30,status_change,AGT003,In Progress,Resolved,IT Support,resolution provided
EV001838,TKT-100275,2026-08-10T11:26:31+05:30,status_change,AGT001,In Progress,Resolved,IT Support,resolution provided
EV001875,TKT-100281,2026-08-08T16:29:52+05:30,assigned,AGT013,New,Assigned,Hostel & Maintenance,assigned_to=AGT006
EV001348,TKT-100205,2026-08-07T19:28:13+05:30,status_change,AGT007,In Progress,Resolved,Hostel & Maintenance,resolution provided
EV005339,TKT-100792,2026-09-03T09:41:03+05:30,created,STU25015,,New,,channel=portal
EV000179,TKT-100029,2026-07-27T18:49:18+05:30,created,STU24550,,New,,channel=portal
EV000172,TKT-100028,2026-07-27T08:22:42+05:30,assigned,SYSTEM,New,Assigned,Fees & Finance,assigned_to=AGT008
EV002978,TKT-100443,2026-08-16T17:16:54+05:30,reminder_sent,SYSTEM,,,Hostel & Maintenance,auto-reminder: no response in 24h
EV007307,TKT-101096,2026-09-16T11:19:04+05:30,created,STU25748,,New,,channel=walk_in
EV001275,TKT-100193,2026-08-05T11:30:56+05:30,first_response,AGT009,Assigned,In Progress,Fees & Finance,
EV002601,TKT-100388,2026-08-24T09:00:00+05:30,status_change,AGT011,In Progress,Resolved,Academics & Exams,resolution provided
EV004097,TKT-100604,2026-08-25T10:00:02+05:30,status_change,AGT004,In Progress,Resolved,IT Support,resolution provided
EV004800,TKT-100709,2026-09-01T19:06:05+05:30,status_change,AGT003,In Progress,Resolved,IT Support,resolution provided
EV002252,TKT-100337,2026-08-15T14:09:18+05:30,status_change,SYSTEM,Resolved,Closed,IT Support,auto-closed 3 days after resolution
EV003547,TKT-100524,2026-08-24T09:04:27+05:30,status_change,SYSTEM,Resolved,Closed,Hostel & Maintenance,auto-closed 3 days after resolution
EV003762,TKT-100558,2026-08-21T22:53:48+05:30,created,STU25259,,New,,channel=email
EV006127,TKT-100913,2026-09-10T17:09:12+05:30,agent_response,AGT006,Assigned,In Progress,Hostel & Maintenance,
EV004940,TKT-100731,2026-08-31T17:02:43+05:30,assigned,SYSTEM,New,Assigned,Academics & Exams,assigned_to=AGT010
EV003125,TKT-100463,2026-08-17T17:14:54+05:30,agent_response,AGT005,Assigned,In Progress,Hostel & Maintenance,
EV004489,TKT-100665,2026-08-31T10:00:00+05:30,escalated,AGT015,,,IT Support,open > 48h in daily review
EV002298,TKT-100343,2026-08-13T22:58:23+05:30,status_change,STU24575,Resolved,Reopened,Academics & Exams,student: issue not fixed
EV003855,TKT-100572,2026-08-25T10:00:00+05:30,escalated,AGT015,,,Fees & Finance,open > 48h in daily review
EV000814,TKT-100122,2026-08-04T11:50:02+05:30,first_response,AGT009,Assigned,In Progress,Fees & Finance,
EV003229,TKT-100479,2026-08-17T20:38:28+05:30,created,STU24175,,New,,channel=email
EV002465,TKT-100369,2026-08-17T11:30:03+05:30,status_change,SYSTEM,Resolved,Closed,Academics & Exams,auto-closed 3 days after resolution
EV006757,TKT-101009,2026-09-14T09:29:36+05:30,assigned,AGT013,New,Assigned,Fees & Finance,assigned_to=AGT009
EV000692,TKT-100106,2026-08-01T14:53:36+05:30,status_change,AGT005,In Progress,Waiting on Student,Hostel & Maintenance,asked student for details
EV004422,TKT-100654,2026-08-31T12:51:04+05:30,status_change,AGT010,In Progress,Resolved,Academics & Exams,resolution provided
EV004314,TKT-100637,2026-09-04T11:53:42+05:30,status_change,SYSTEM,Resolved,Closed,IT Support,auto-closed 3 days after resolution
EV000322,TKT-100051,2026-07-29T14:21:08+05:30,first_response,AGT005,Assigned,In Progress,Hostel & Maintenance,
EV005270,TKT-100781,2026-09-03T17:16:53+05:30,status_change,AGT004,In Progress,Waiting on Student,IT Support,asked student for details
EV000775,TKT-100116,2026-08-03T14:01:58+05:30,status_change,AGT005,In Progress,Resolved,Hostel & Maintenance,resolution provided
EV005188,TKT-100768,2026-09-04T18:13:24+05:30,status_change,AGT006,In Progress,Resolved,Hostel & Maintenance,resolution provided
EV001272,TKT-100192,2026-08-13T09:00:00+05:30,status_change,SYSTEM,Resolved,Closed,Fees & Finance,auto-closed 3 days after resolution
EV000069,TKT-100010,2026-08-01T18:51:48+05:30,status_change,SYSTEM,Resolved,Closed,Hostel & Maintenance,auto-closed 3 days after resolution
EV006283,TKT-100938,2026-09-11T20:46:57+05:30,status_change,STU24109,Waiting on Student,In Progress,Hostel & Maintenance,student replied
EV004881,TKT-100722,2026-08-31T17:52:31+05:30,status_change,AGT002,In Progress,Resolved,IT Support,resolution provided
EV001305,TKT-100199,2026-08-04T21:33:20+05:30,created,STU24359,,New,,channel=portal
EV000897,TKT-100134,2026-08-06T08:48:27+05:30,status_change,SYSTEM,Resolved,Closed,IT Support,auto-closed 3 days after resolution
EV006747,TKT-101007,2026-09-12T15:24:24+05:30,assigned,SYSTEM,New,Assigned,IT Support,assigned_to=AGT001
EV000915,TKT-100137,2026-08-05T03:14:35+05:30,first_response,AGT010,Assigned,In Progress,Academics & Exams,
EV002544,TKT-100379,2026-08-18T19:24:02+05:30,status_change,SYSTEM,Resolved,Closed,IT Support,auto-closed 3 days after resolution
EV000138,TKT-100023,2026-07-27T20:31:22+05:30,created,STU24329,,New,,channel=portal
EV001879,TKT-100281,2026-08-10T18:49:31+05:30,status_change,STU24964,Waiting on Student,In Progress,Hostel & Maintenance,student replied
EV008015,TKT-9000010,2026-09-08T09:51:49+05:30,first_response,AGT001,Assigned,In Progress,IT Support,
EV006230,TKT-100929,2026-09-09T14:25:56+05:30,created,STU24878,,New,,channel=portal
EV007137,TKT-101067,2026-09-17T10:29:26+05:30,status_change,AGT008,In Progress,Resolved,Fees & Finance,resolution provided
EV000193,TKT-100030,2026-07-30T02:28:24+05:30,status_change,STU24815,Waiting on Student,In Progress,Hostel & Maintenance,student replied
EV007768,TKT-101174,2026-09-19T16:07:33+05:30,first_response,AGT005,Assigned,In Progress,Hostel & Maintenance,
EV001827,TKT-100274,2026-08-07T23:16:14+05:30,created,STU25778,,New,,channel=portal
EV004780,TKT-100706,2026-09-05T10:44:17+05:30,status_change,SYSTEM,Resolved,Closed,Academics & Exams,auto-closed 3 days after resolution
EV007791,TKT-101178,2026-09-19T18:45:27+05:30,status_change,AGT002,In Progress,Resolved,IT Support,resolution provided
EV003130,TKT-100464,2026-08-16T10:48:02+05:30,created,STU25291,,New,,channel=email
EV001266,TKT-100192,2026-08-06T09:13:34+05:30,reminder_sent,SYSTEM,,,Fees & Finance,auto-reminder: no response in 24h
EV006466,TKT-100966,2026-09-12T12:58:45+05:30,status_change,AGT006,In Progress,Waiting on Student,Hostel & Maintenance,asked student for details
EV005664,TKT-100841,2026-09-07T16:46:46+05:30,assigned,AGT013,New,Assigned,Hostel & Maintenance,assigned_to=AGT006
EV001744,TKT-100262,2026-08-08T13:05:44+05:30,first_response,AGT007,Assigned,In Progress,Hostel & Maintenance,
EV002280,TKT-100341,2026-08-11T10:33:02+05:30,reassigned,AGT014,In Progress,Assigned,IT Support,from=Hostel & Maintenance; assigned_to=AGT003
EV005887,TKT-100875,2026-09-13T12:18:15+05:30,status_change,SYSTEM,Resolved,Closed,Hostel & Maintenance,auto-closed 3 days after resolution
EV006198,TKT-100924,2026-09-11T11:30:22+05:30,status_change,AGT010,In Progress,Resolved,Academics & Exams,resolution provided
EV003896,TKT-100576,2026-08-25T10:00:00+05:30,escalated,AGT015,,,Library,open > 48h in daily review
EV006932,TKT-101035,2026-09-15T10:43:43+05:30,first_response,AGT011,Assigned,In Progress,Academics & Exams,
EV002046,TKT-100306,2026-08-09T19:27:59+05:30,assigned,SYSTEM,New,Assigned,Hostel & Maintenance,assigned_to=AGT006
EV002171,TKT-100326,2026-08-13T10:40:23+05:30,status_change,STU24934,Resolved,Reopened,Academics & Exams,student: issue not fixed
EV006743,TKT-101006,2026-09-15T10:00:00+05:30,escalated,AGT015,,,Academics & Exams,open > 48h in daily review
EV007112,TKT-101063,2026-09-17T09:57:57+05:30,status_change,AGT010,In Progress,Resolved,Academics & Exams,resolution provided
EV006306,TKT-100942,2026-09-10T13:04:49+05:30,first_response,AGT003,Assigned,In Progress,IT Support,
EV004963,TKT-100735,2026-08-31T18:29:44+05:30,created,STU24959,,New,,channel=portal
EV002743,TKT-100410,2026-08-14T15:07:30+05:30,assigned,AGT013,New,Assigned,Academics & Exams,assigned_to=AGT011
EV001886,TKT-100282,2026-08-12T03:30:00+05:30,first_response,AGT006,Assigned,In Progress,Hostel & Maintenance,
EV001903,TKT-100285,2026-08-10T09:14:08+05:30,assigned,AGT013,New,Assigned,Fees & Finance,assigned_to=AGT008
EV006716,TKT-101002,2026-09-12T18:44:19+05:30,assigned,SYSTEM,New,Assigned,IT Support,assigned_to=AGT002
EV005678,TKT-100843,2026-09-06T20:31:57+05:30,created,STU25204,,New,,channel=email
EV000582,TKT-100090,2026-08-10T16:27:59+05:30,status_change,SYSTEM,Resolved,Closed,Fees & Finance,auto-closed 3 days after resolution
EV000356,TKT-100056,2026-08-03T10:00:00+05:30,escalated,AGT015,,,Hostel & Maintenance,open > 48h in daily review
EV004299,TKT-100636,2026-08-27T13:42:14+05:30,status_change,AGT010,In Progress,Waiting on Student,Academics & Exams,asked student for details
EV002079,TKT-100312,2026-08-10T11:25:41+05:30,first_response,AGT003,Assigned,In Progress,IT Support,
EV006977,TKT-101041,2026-09-19T11:00:10+05:30,status_change,SYSTEM,Resolved,Closed,Library,auto-closed 3 days after resolution
EV007317,TKT-101098,2026-09-16T22:42:45+05:30,created,STU24422,,New,,channel=portal
EV003545,TKT-100524,2026-08-19T17:47:34+05:30,first_response,AGT007,Assigned,In Progress,Hostel & Maintenance,
EV003900,TKT-100577,2026-08-22T19:41:31+05:30,assigned,SYSTEM,New,Assigned,Library,assigned_to=AGT012
EV000766,TKT-100115,2026-08-03T10:00:00+05:30,escalated,AGT015,,,Fees & Finance,open > 48h in daily review
EV004415,TKT-100653,2026-08-28T08:05:15+05:30,first_response,AGT003,Assigned,In Progress,IT Support,
EV004761,TKT-100704,2026-08-30T08:03:50+05:30,created,STU25588,,New,,channel=email
EV003820,TKT-100567,2026-08-21T17:43:59+05:30,first_response,AGT005,Assigned,In Progress,Hostel & Maintenance,
EV005842,TKT-100868,2026-09-10T13:16:23+05:30,status_change,AGT004,In Progress,Resolved,IT Support,resolution provided
EV008043,TKT-9000038,2026-09-20T16:04:36+05:30,reminder_sent,SYSTEM,,,Hostel & Maintenance,auto-reminder: no response in 24h
EV002354,TKT-100352,2026-08-11T19:14:59+05:30,created,STU24371,,New,,channel=portal
EV006311,TKT-100943,2026-09-11T10:37:22+05:30,first_response,AGT006,Assigned,In Progress,Hostel & Maintenance,
EV002737,TKT-100409,2026-08-17T10:00:00+05:30,escalated,AGT015,,,Hostel & Maintenance,open > 48h in daily review
EV007157,TKT-101070,2026-09-16T16:49:26+05:30,reminder_sent,SYSTEM,,,Library,auto-reminder: no response in 24h
EV002279,TKT-100341,2026-08-10T17:04:02+05:30,first_response,AGT006,Assigned,In Progress,Hostel & Maintenance,
EV004671,TKT-100690,2026-08-30T17:48:14+05:30,reminder_sent,SYSTEM,,,IT Support,auto-reminder: no response in 24h
EV001346,TKT-100205,2026-08-05T16:01:30+05:30,assigned,SYSTEM,New,Assigned,Hostel & Maintenance,assigned_to=AGT007
EV000504,TKT-100078,2026-07-30T14:52:46+05:30,assigned,AGT013,New,Assigned,IT Support,assigned_to=AGT002
EV006208,TKT-100926,2026-09-10T09:55:26+05:30,first_response,AGT006,Assigned,In Progress,Hostel & Maintenance,
EV005217,TKT-100773,2026-09-03T14:15:28+05:30,first_response,AGT005,Assigned,In Progress,Hostel & Maintenance,
EV006912,TKT-101031,2026-09-17T10:00:00+05:30,escalated,AGT015,,,Hostel & Maintenance,open > 48h in daily review
EV002388,TKT-100357,2026-08-11T14:28:51+05:30,created,STU25513,,New,,channel=portal
EV002062,TKT-100309,2026-08-09T23:42:19+05:30,created,STU24731,,New,,channel=email
EV001690,TKT-100255,2026-08-07T06:16:32+05:30,created,STU25356,,New,,channel=email
EV006336,TKT-100947,2026-09-10T14:59:14+05:30,first_response,AGT001,Assigned,In Progress,IT Support,
EV006205,TKT-100925,2026-09-17T10:36:32+05:30,status_change,SYSTEM,Resolved,Closed,Hostel & Maintenance,auto-closed 3 days after resolution
EV000886,TKT-100133,2026-08-01T17:09:13+05:30,created,STU24782,,New,,channel=email
EV007189,TKT-101075,2026-09-15T17:29:01+05:30,created,STU25193,,New,,channel=portal
EV003665,TKT-100544,2026-08-20T15:40:26+05:30,assigned,SYSTEM,New,Assigned,IT Support,assigned_to=AGT001
EV007722,TKT-101167,2026-09-18T21:14:59+05:30,assigned,SYSTEM,New,Assigned,Hostel & Maintenance,assigned_to=AGT006
EV003058,TKT-100453,2026-08-18T10:00:00+05:30,escalated,AGT015,,,Academics & Exams,open > 48h in daily review
EV005601,TKT-100832,2026-09-07T09:19:02+05:30,status_change,AGT003,In Progress,Resolved,IT Support,resolution provided
EV006326,TKT-100945,2026-09-13T18:36:45+05:30,status_change,STU24869,Resolved,Reopened,Hostel & Maintenance,student: issue not fixed
EV002565,TKT-100382,2026-08-22T09:52:53+05:30,status_change,SYSTEM,Resolved,Closed,Hostel & Maintenance,auto-closed 3 days after resolution
EV003569,TKT-100528,2026-08-20T15:10:27+05:30,first_response,AGT009,Assigned,In Progress,Fees & Finance,
EV003225,TKT-100478,2026-08-21T01:16:51+05:30,status_change,STU25241,Waiting on Student,In Progress,Hostel & Maintenance,student replied
EV004608,TKT-100681,2026-08-28T20:55:32+05:30,assigned,SYSTEM,New,Assigned,Fees & Finance,assigned_to=AGT009
EV001953,TKT-100291,2026-08-10T23:11:36+05:30,first_response,AGT009,Assigned,In Progress,Fees & Finance,
EV000589,TKT-100091,2026-08-01T18:13:17+05:30,status_change,STU24118,Waiting on Student,In Progress,IT Support,student replied
EV000358,TKT-100056,2026-08-07T08:00:00+05:30,status_change,SYSTEM,Resolved,Closed,Hostel & Maintenance,auto-closed 3 days after resolution
EV000271,TKT-100043,2026-07-28T23:29:26+05:30,assigned,SYSTEM,New,Assigned,Hostel & Maintenance,assigned_to=AGT005
EV004830,TKT-100714,2026-09-01T12:37:46+05:30,first_response,AGT010,Assigned,In Progress,Academics & Exams,
EV002159,TKT-100324,2026-08-15T08:58:31+05:30,status_change,SYSTEM,Resolved,Closed,Hostel & Maintenance,auto-closed 3 days after resolution
EV004173,TKT-100617,2026-08-27T10:09:56+05:30,reassigned,AGT013,In Progress,Assigned,Hostel & Maintenance,from=Library; assigned_to=AGT007
EV005161,TKT-100764,2026-09-03T11:50:57+05:30,first_response,AGT009,Assigned,In Progress,Fees & Finance,
EV006962,TKT-101039,2026-09-17T10:26:53+05:30,status_change,AGT009,In Progress,Waiting on Student,Fees & Finance,asked student for details
EV007150,TKT-101069,2026-09-17T16:34:28+05:30,agent_response,AGT012,Assigned,In Progress,Library,
EV006892,TKT-101028,2026-09-14T15:10:05+05:30,assigned,SYSTEM,New,Assigned,Academics & Exams,assigned_to=AGT011
EV006556,TKT-100980,2026-09-12T14:37:45+05:30,first_response,AGT007,Assigned,In Progress,Hostel & Maintenance,
EV004484,TKT-100664,2026-08-29T11:35:35+05:30,status_change,AGT004,In Progress,Resolved,IT Support,resolution provided
EV001680,TKT-100253,2026-08-10T10:00:00+05:30,escalated,AGT015,,,Fees & Finance,open > 48h in daily review
EV002160,TKT-100325,2026-08-10T10:22:03+05:30,created,STU25257,,New,,channel=portal
EV001534,TKT-100233,2026-08-10T12:23:33+05:30,status_change,AGT005,In Progress,Resolved,Hostel & Maintenance,resolution provided
EV007454,TKT-101122,2026-09-18T09:50:33+05:30,assigned,AGT014,New,Assigned,Academics & Exams,assigned_to=AGT011
EV001976,TKT-100295,2026-08-08T11:50:38+05:30,created,STU24220,,New,,channel=portal
EV002422,TKT-100363,2026-08-11T18:24:38+05:30,created,STU25039,,New,,channel=portal
EV002731,TKT-100408,2026-08-21T09:00:00+05:30,status_change,SYSTEM,Resolved,Closed,Academics & Exams,auto-closed 3 days after resolution
EV005363,TKT-100796,2026-09-04T14:33:49+05:30,created,STU24171,,New,,channel=email
EV005561,TKT-100825,2026-09-11T09:06:54+05:30,status_change,SYSTEM,Resolved,Closed,Academics & Exams,auto-closed 3 days after resolution
EV000096,TKT-100015,2026-07-27T13:31:50+05:30,created,STU24768,,New,,channel=portal
EV004442,TKT-100657,2026-09-04T09:00:00+05:30,status_change,SYSTEM,Resolved,Closed,Academics & Exams,auto-closed 3 days after resolution
EV000280,TKT-100044,2026-07-29T11:55:42+05:30,first_response,AGT004,Assigned,In Progress,IT Support,
EV003513,TKT-100519,2026-08-23T07:16:45+05:30,first_response,AGT008,Assigned,In Progress,Fees & Finance,
EV000130,TKT-100021,2026-07-27T17:15:06+05:30,first_response,AGT001,Assigned,In Progress,IT Support,
EV003817,TKT-100566,2026-08-27T11:25:02+05:30,status_change,SYSTEM,Waiting on Student,Closed - No Response,Fees & Finance,auto-closed after 72h without student reply
EV007681,TKT-101161,2026-09-19T11:16:28+05:30,status_change,AGT002,In Progress,Resolved,IT Support,resolution provided
EV006467,TKT-100966,2026-09-13T13:43:45+05:30,status_change,STU24581,Waiting on Student,In Progress,Hostel & Maintenance,student replied
EV001788,TKT-100268,2026-08-11T08:00:00+05:30,status_change,AGT001,In Progress,Resolved,IT Support,resolution provided
EV000851,TKT-100127,2026-08-07T14:31:24+05:30,status_change,SYSTEM,Resolved,Closed,Hostel & Maintenance,auto-closed 3 days after resolution
EV007557,TKT-101140,2026-09-18T08:46:33+05:30,first_response,AGT002,Assigned,In Progress,IT Support,
EV004933,TKT-100729,2026-09-07T08:00:00+05:30,status_change,SYSTEM,Resolved,Closed,Hostel & Maintenance,auto-closed 3 days after resolution
EV000373,TKT-100059,2026-07-30T13:05:18+05:30,first_response,AGT011,Assigned,In Progress,Academics & Exams,
EV004170,TKT-100617,2026-08-25T06:53:03+05:30,created,STU25125,,New,,channel=portal
EV007391,TKT-101109,2026-09-20T14:56:13+05:30,status_change,SYSTEM,Resolved,Closed,IT Support,auto-closed 3 days after resolution
EV002117,TKT-100318,2026-08-09T12:27:43+05:30,created,STU24622,,New,,channel=portal
EV004803,TKT-100710,2026-08-31T19:25:22+05:30,assigned,SYSTEM,New,Assigned,Library,assigned_to=AGT012
EV002378,TKT-100355,2026-08-14T10:00:00+05:30,escalated,AGT015,,,Hostel & Maintenance,open > 48h in daily review
EV001056,TKT-100158,2026-08-18T09:00:00+05:30,status_change,AGT011,In Progress,Resolved,Academics & Exams,resolution provided
EV006055,TKT-100902,2026-09-09T19:14:02+05:30,status_change,AGT001,In Progress,Resolved,IT Support,resolution provided
EV004943,TKT-100731,2026-09-05T12:30:28+05:30,status_change,SYSTEM,Resolved,Closed,Academics & Exams,auto-closed 3 days after resolution
EV006138,TKT-100915,2026-09-09T16:37:03+05:30,first_response,AGT008,Assigned,In Progress,Fees & Finance,
EV000434,TKT-100069,2026-07-29T07:29:15+05:30,created,STU24787,,New,,channel=portal
EV005228,TKT-100774,2026-09-09T09:00:00+05:30,status_change,AGT009,In Progress,Resolved,Fees & Finance,resolution provided
EV001877,TKT-100281,2026-08-10T06:22:35+05:30,first_response,AGT006,Assigned,In Progress,Hostel & Maintenance,
EV002892,TKT-100430,2026-08-21T08:00:00+05:30,status_change,SYSTEM,Resolved,Closed,Hostel & Maintenance,auto-closed 3 days after resolution
EV003048,TKT-100452,2026-08-15T08:51:21+05:30,created,STU25069,,New,,channel=portal
EV000848,TKT-100127,2026-08-01T15:57:03+05:30,first_response,AGT005,Assigned,In Progress,Hostel & Maintenance,
EV001243,TKT-100188,2026-08-04T16:48:51+05:30,created,STU24115,,New,,channel=walk_in
EV006687,TKT-100998,2026-09-12T18:11:28+05:30,agent_response,AGT007,Assigned,In Progress,Hostel & Maintenance,
EV001771,TKT-100266,2026-08-10T10:00:00+05:30,escalated,AGT015,,,Fees & Finance,open > 48h in daily review
EV002877,TKT-100429,2026-08-15T13:45:25+05:30,reassigned,AGT013,In Progress,Assigned,Hostel & Maintenance,from=Library; assigned_to=AGT005
EV007244,TKT-101084,2026-09-16T15:30:54+05:30,first_response,AGT006,Assigned,In Progress,Hostel & Maintenance,
EV000824,TKT-100123,2026-08-04T17:10:40+05:30,status_change,SYSTEM,Resolved,Closed,IT Support,auto-closed 3 days after resolution
EV004391,TKT-100649,2026-09-05T08:00:00+05:30,status_change,AGT005,In Progress,Resolved,Hostel & Maintenance,resolution provided
EV002555,TKT-100382,2026-08-12T11:26:50+05:30,created,STU24676,,New,,channel=portal
EV005860,TKT-100871,2026-09-10T10:00:00+05:30,escalated,AGT015,,,Hostel & Maintenance,open > 48h in daily review
EV005154,TKT-100763,2026-09-01T15:18:37+05:30,first_response,AGT004,Assigned,In Progress,IT Support,
EV004920,TKT-100728,2026-08-31T11:41:30+05:30,created,STU25715,,New,,channel=portal
EV003000,TKT-100445,2026-08-17T15:36:25+05:30,agent_response,AGT001,Assigned,In Progress,IT Support,
EV008031,TKT-9000026,2026-08-03T10:00:00+05:30,escalated,AGT015,,,Academics & Exams,open > 48h in daily review
EV005074,TKT-100751,2026-09-04T22:52:39+05:30,status_change,STU24216,Waiting on Student,In Progress,Fees & Finance,student replied
EV001591,TKT-100240,2026-08-09T04:45:03+05:30,status_change,STU24293,Resolved,Reopened,IT Support,student: issue not fixed
EV007675,TKT-101160,2026-09-19T19:23:38+05:30,first_response,AGT007,Assigned,In Progress,Hostel & Maintenance,
EV006707,TKT-101001,2026-09-16T13:23:15+05:30,reassigned,AGT014,In Progress,Assigned,Fees & Finance,from=Library; assigned_to=AGT008
EV002111,TKT-100317,2026-08-10T19:50:02+05:30,status_change,AGT005,In Progress,Waiting on Student,Hostel & Maintenance,asked student for details
EV002232,TKT-100335,2026-08-12T12:07:16+05:30,status_change,AGT010,In Progress,Waiting on Student,Academics & Exams,asked student for details
EV004140,TKT-100612,2026-08-25T09:49:34+05:30,assigned,SYSTEM,New,Assigned,Hostel & Maintenance,assigned_to=AGT007
EV004091,TKT-100603,2026-08-25T13:17:01+05:30,status_change,STU25368,Waiting on Student,In Progress,Hostel & Maintenance,student replied
EV002075,TKT-100311,2026-08-11T09:15:47+05:30,status_change,AGT011,In Progress,Waiting on Student,Academics & Exams,asked student for details
EV006859,TKT-101023,2026-09-14T10:49:43+05:30,first_response,AGT010,Assigned,In Progress,Academics & Exams,
EV002074,TKT-100311,2026-08-10T12:45:54+05:30,first_response,AGT011,Assigned,In Progress,Academics & Exams,
EV003825,TKT-100568,2026-08-24T16:04:55+05:30,first_response,AGT004,Assigned,In Progress,IT Support,
EV005059,TKT-100749,2026-09-01T18:19:14+05:30,status_change,AGT002,In Progress,Waiting on Student,IT Support,asked student for details
EV003657,TKT-100542,2026-08-25T15:55:55+05:30,status_change,AGT005,In Progress,Waiting on Student,Hostel & Maintenance,asked student for details
EV003503,TKT-100517,2026-08-27T13:10:37+05:30,status_change,AGT008,Reopened,Resolved,Fees & Finance,resolved after reopen
EV003523,TKT-100520,2026-08-27T12:16:42+05:30,status_change,AGT010,Reopened,Resolved,Academics & Exams,resolved after reopen
EV007683,TKT-101162,2026-09-19T10:13:10+05:30,assigned,AGT014,New,Assigned,Academics & Exams,assigned_to=AGT011
EV003396,TKT-100503,2026-08-21T11:54:39+05:30,agent_response,AGT002,Assigned,In Progress,IT Support,
EV000323,TKT-100051,2026-07-30T17:26:12+05:30,status_change,AGT005,In Progress,Resolved,Hostel & Maintenance,resolution provided
EV003925,TKT-100580,2026-08-27T10:19:32+05:30,status_change,SYSTEM,Resolved,Closed,IT Support,auto-closed 3 days after resolution
EV000216,TKT-100034,2026-07-29T16:10:52+05:30,first_response,AGT010,Assigned,In Progress,Academics & Exams,
EV006508,TKT-100972,2026-09-12T11:00:04+05:30,first_response,AGT012,Assigned,In Progress,Library,
EV006136,TKT-100915,2026-09-09T12:32:55+05:30,created,STU24115,,New,,channel=portal
EV007638,TKT-101154,2026-09-18T11:46:30+05:30,created,STU25009,,New,,channel=portal
EV007967,TKT-101212,2026-08-10T21:24:40+05:30,created,STU24837,,New,,channel=portal
EV007017,TKT-101049,2026-09-14T00:11:13+05:30,created,STU24225,,New,,channel=portal
EV002382,TKT-100355,2026-08-20T11:58:57+05:30,status_change,SYSTEM,Resolved,Closed,Hostel & Maintenance,auto-closed 3 days after resolution
EV001372,TKT-100210,2026-08-05T07:49:30+05:30,created,STU24785,,New,,channel=portal
EV003717,TKT-100551,2026-08-27T11:50:22+05:30,status_change,SYSTEM,Resolved,Closed,IT Support,auto-closed 3 days after resolution
EV000201,TKT-100031,2026-07-31T12:24:23+05:30,status_change,SYSTEM,Resolved,Closed,Library,auto-closed 3 days after resolution
EV002612,TKT-100390,2026-08-13T17:11:53+05:30,assigned,AGT013,New,Assigned,Fees & Finance,assigned_to=AGT008
EV000974,TKT-100145,2026-08-04T03:41:47+05:30,first_response,AGT008,Assigned,In Progress,Fees & Finance,
EV000418,TKT-100066,2026-08-03T13:28:09+05:30,status_change,AGT005,In Progress,Resolved,Hostel & Maintenance,resolution provided
EV003774,TKT-100560,2026-08-21T16:12:14+05:30,created,STU24394,,New,,channel=email
EV002215,TKT-100333,2026-08-10T08:56:55+05:30,created,STU25567,,New,,channel=email
EV007978,TKT-101217,2026-09-11T17:12:22+05:30,status_change,AGT013,New,Cancelled,,duplicate of earlier ticket
EV006362,TKT-100951,2026-09-11T17:29:19+05:30,status_change,AGT001,In Progress,Resolved,IT Support,resolution provided
EV003987,TKT-100590,2026-08-25T12:05:59+05:30,first_response,AGT011,Assigned,In Progress,Academics & Exams,
EV001572,TKT-100238,2026-08-06T20:42:18+05:30,created,STU25262,,New,,channel=portal
EV000313,TKT-100049,2026-07-28T18:56:23+05:30,status_change,AGT004,In Progress,Resolved,IT Support,resolution provided
EV003372,TKT-100500,2026-08-18T12:59:40+05:30,created,STU24590,,New,,channel=email
EV002010,TKT-100300,2026-08-13T09:00:00+05:30,status_change,AGT011,In Progress,Resolved,Academics & Exams,resolution provided
EV003256,TKT-100483,2026-08-23T14:20:52+05:30,created,STU25298,,New,,channel=walk_in
EV002406,TKT-100359,2026-08-14T18:52:56+05:30,status_change,SYSTEM,Resolved,Closed,IT Support,auto-closed 3 days after resolution
EV005756,TKT-100855,2026-09-07T18:15:45+05:30,created,STU24515,,New,,channel=email
EV004381,TKT-100648,2026-09-05T18:08:16+05:30,status_change,SYSTEM,Resolved,Closed,Hostel & Maintenance,auto-closed 3 days after resolution
EV000336,TKT-100053,2026-07-29T14:30:51+05:30,agent_response,AGT005,Assigned,In Progress,Hostel & Maintenance,
EV004983,TKT-100738,2026-08-31T09:49:05+05:30,created,STU24984,,New,,channel=email
EV000837,TKT-100125,2026-08-03T15:23:57+05:30,status_change,AGT006,In Progress,Resolved,Hostel & Maintenance,resolution provided
EV000145,TKT-100024,2026-07-27T15:31:47+05:30,created,STU24822,,New,,channel=portal
EV000044,TKT-100006,2026-07-29T13:31:10+05:30,status_change,AGT010,In Progress,Resolved,Academics & Exams,resolution provided
EV005883,TKT-100875,2026-09-07T14:23:26+05:30,assigned,SYSTEM,New,Assigned,Hostel & Maintenance,assigned_to=AGT005
EV006231,TKT-100929,2026-09-09T14:37:27+05:30,assigned,SYSTEM,New,Assigned,Academics & Exams,assigned_to=AGT010
EV002150,TKT-100323,2026-08-11T10:34:58+05:30,assigned,AGT014,New,Assigned,Fees & Finance,assigned_to=AGT008
EV005576,TKT-100828,2026-09-08T17:45:39+05:30,status_change,SYSTEM,Waiting on Student,Closed - No Response,Library,auto-closed after 72h without student reply
EV001330,TKT-100202,2026-08-10T10:00:00+05:30,escalated,AGT015,,,Fees & Finance,open > 48h in daily review
EV006698,TKT-101000,2026-09-12T16:50:26+05:30,assigned,AGT014,New,Assigned,Academics & Exams,assigned_to=AGT011
EV005142,TKT-100761,2026-09-02T16:23:02+05:30,reminder_sent,SYSTEM,,,Library,auto-reminder: no response in 24h
EV005695,TKT-100845,2026-09-09T10:00:00+05:30,escalated,AGT015,,,Academics & Exams,open > 48h in daily review
EV003242,TKT-100480,2026-08-28T09:00:00+05:30,status_change,SYSTEM,Resolved,Closed,Academics & Exams,auto-closed 3 days after resolution
EV004863,TKT-100719,2026-09-05T19:36:47+05:30,status_change,SYSTEM,Resolved,Closed,IT Support,auto-closed 3 days after resolution
EV005026,TKT-100744,2026-09-05T14:37:27+05:30,status_change,SYSTEM,Resolved,Closed,IT Support,auto-closed 3 days after resolution
EV005559,TKT-100825,2026-09-07T03:15:04+05:30,first_response,AGT011,Assigned,In Progress,Academics & Exams,
EV000807,TKT-100121,2026-08-03T07:58:39+05:30,first_response,AGT009,Assigned,In Progress,Fees & Finance,
EV000188,TKT-100029,2026-08-03T08:00:00+05:30,status_change,SYSTEM,Resolved,Closed,Hostel & Maintenance,auto-closed 3 days after resolution
EV002138,TKT-100321,2026-08-10T07:19:09+05:30,first_response,AGT006,Assigned,In Progress,Hostel & Maintenance,
EV005776,TKT-100858,2026-09-08T12:53:02+05:30,first_response,AGT005,Assigned,In Progress,Hostel & Maintenance,
EV005820,TKT-100865,2026-09-07T08:28:10+05:30,assigned,SYSTEM,New,Assigned,Academics & Exams,assigned_to=AGT010
EV006724,TKT-101003,2026-09-15T15:54:11+05:30,status_change,STU24965,Waiting on Student,In Progress,Academics & Exams,student replied
EV001256,TKT-100190,2026-08-05T14:53:37+05:30,first_response,AGT001,Assigned,In Progress,IT Support,
EV005309,TKT-100787,2026-09-03T20:07:13+05:30,created,STU25085,,New,,channel=portal
EV004291,TKT-100635,2026-08-26T13:57:57+05:30,assigned,SYSTEM,New,Assigned,Fees & Finance,assigned_to=AGT008
EV005624,TKT-100835,2026-09-06T12:50:32+05:30,created,STU24042,,New,,channel=portal
EV000599,TKT-100093,2026-08-01T18:02:20+05:30,reminder_sent,SYSTEM,,,Academics & Exams,auto-reminder: no response in 24h
EV006297,TKT-100940,2026-09-15T09:00:00+05:30,status_change,AGT009,In Progress,Resolved,Fees & Finance,resolution provided
EV002992,TKT-100444,2026-08-18T10:00:00+05:30,escalated,AGT015,,,Fees & Finance,open > 48h in daily review
EV003187,TKT-100473,2026-08-17T08:29:40+05:30,created,STU24595,,New,,channel=portal
EV001474,TKT-100224,2026-08-07T13:16:10+05:30,agent_response,AGT005,Assigned,In Progress,Hostel & Maintenance,
EV004007,TKT-100593,2026-08-25T16:32:44+05:30,first_response,AGT012,Assigned,In Progress,Library,
EV001009,TKT-100151,2026-08-02T22:49:55+05:30,created,STU25655,,New,,channel=portal
EV005685,TKT-100843,2026-09-12T10:38:18+05:30,status_change,SYSTEM,Resolved,Closed,IT Support,auto-closed 3 days after resolution
EV005687,TKT-100844,2026-09-07T14:42:10+05:30,assigned,AGT014,New,Assigned,Academics & Exams,assigned_to=AGT010
EV007671,TKT-101159,2026-09-19T13:30:23+05:30,first_response,AGT012,Assigned,In Progress,Library,
EV002266,TKT-100339,2026-08-17T09:00:00+05:30,status_change,SYSTEM,Resolved,Closed,Fees & Finance,auto-closed 3 days after resolution
EV005703,TKT-100847,2026-09-06T13:04:40+05:30,created,STU24462,,New,,channel=portal
EV003349,TKT-100496,2026-08-18T09:31:43+05:30,created,STU25209,,New,,channel=walk_in
EV002928,TKT-100436,2026-08-17T18:08:34+05:30,agent_response,AGT004,Assigned,In Progress,IT Support,
EV006396,TKT-100956,2026-09-14T10:08:47+05:30,status_change,AGT012,In Progress,Resolved,Library,resolution provided
EV007393,TKT-101110,2026-09-17T09:20:30+05:30,assigned,AGT013,New,Assigned,Fees & Finance,assigned_to=AGT009
EV001281,TKT-100194,2026-08-04T16:26:01+05:30,first_response,AGT011,Assigned,In Progress,Academics & Exams,
EV004624,TKT-100683,2026-08-28T13:05:39+05:30,first_response,AGT001,Assigned,In Progress,IT Support,
EV002815,TKT-100420,2026-08-14T08:25:03+05:30,first_response,AGT002,Assigned,In Progress,IT Support,
EV005252,TKT-100778,2026-09-04T10:06:15+05:30,first_response,AGT005,Assigned,In Progress,Hostel & Maintenance,
EV001114,TKT-100166,2026-08-03T12:00:55+05:30,reassigned,AGT013,In Progress,Assigned,Hostel & Maintenance,from=Library; assigned_to=AGT006
EV005891,TKT-100876,2026-09-08T13:06:17+05:30,status_change,AGT011,In Progress,Waiting on Student,Academics & Exams,asked student for details
EV004537,TKT-100671,2026-08-31T12:49:23+05:30,status_change,AGT009,In Progress,Resolved,Fees & Finance,resolution provided
EV000618,TKT-100096,2026-07-31T09:57:21+05:30,assigned,SYSTEM,New,Assigned,IT Support,assigned_to=AGT003
EV001519,TKT-100231,2026-08-06T16:56:31+05:30,status_change,STU25393,Waiting on Student,In Progress,IT Support,student replied
EV007550,TKT-101139,2026-09-17T21:58:47+05:30,created,STU25470,,New,,channel=portal
EV003951,TKT-100584,2026-08-30T14:04:18+05:30,status_change,SYSTEM,Resolved,Closed,Academics & Exams,auto-closed 3 days after resolution
EV007813,TKT-101183,2026-09-19T16:24:07+05:30,created,STU25144,,New,,channel=portal
EV007822,TKT-101184,2026-09-19T19:55:10+05:30,assigned,SYSTEM,New,Assigned,IT Support,assigned_to=AGT002
EV007885,TKT-101195,2026-09-20T07:30:34+05:30,assigned,SYSTEM,New,Assigned,Academics & Exams,assigned_to=AGT010
EV000945,TKT-100141,2026-08-04T13:09:06+05:30,reminder_sent,SYSTEM,,,Fees & Finance,auto-reminder: no response in 24h
EV003770,TKT-100559,2026-08-21T09:56:30+05:30,assigned,AGT014,New,Assigned,Hostel & Maintenance,assigned_to=AGT006
EV007304,TKT-101095,2026-09-17T13:18:38+05:30,assigned,AGT014,New,Assigned,Academics & Exams,assigned_to=AGT011
EV000413,TKT-100066,2026-07-29T17:30:31+05:30,created,STU24009,,New,,channel=portal
EV000947,TKT-100141,2026-08-05T10:00:00+05:30,escalated,AGT015,,,Fees & Finance,open > 48h in daily review
EV004191,TKT-100619,2026-09-01T08:00:00+05:30,status_change,SYSTEM,Resolved,Closed,Hostel & Maintenance,auto-closed 3 days after resolution
EV004465,TKT-100661,2026-09-09T11:10:56+05:30,status_change,AGT009,Reopened,Resolved,Fees & Finance,resolved after reopen
EV006564,TKT-100981,2026-09-14T16:56:16+05:30,status_change,SYSTEM,Resolved,Closed,IT Support,auto-closed 3 days after resolution
EV001116,TKT-100166,2026-08-04T16:18:30+05:30,status_change,AGT006,In Progress,Resolved,Hostel & Maintenance,resolution provided
EV005954,TKT-100886,2026-09-08T22:30:11+05:30,created,STU25732,,New,,channel=email
EV003476,TKT-100514,2026-08-19T22:07:00+05:30,assigned,SYSTEM,New,Assigned,IT Support,assigned_to=AGT002
EV004088,TKT-100603,2026-08-24T17:55:23+05:30,assigned,SYSTEM,New,Assigned,Hostel & Maintenance,assigned_to=AGT006
EV007455,TKT-101122,2026-09-19T09:50:33+05:30,reminder_sent,SYSTEM,,,Academics & Exams,auto-reminder: no response in 24h
EV004164,TKT-100615,2026-08-29T19:57:33+05:30,status_change,SYSTEM,Resolved,Closed,IT Support,auto-closed 3 days after resolution
EV000916,TKT-100137,2026-08-05T10:00:00+05:30,escalated,AGT015,,,Academics & Exams,open > 48h in daily review
EV001303,TKT-100198,2026-08-10T13:23:51+05:30,status_change,AGT005,In Progress,Resolved,Hostel & Maintenance,resolution provided
EV001464,TKT-100223,2026-08-06T17:19:10+05:30,assigned,AGT014,New,Assigned,IT Support,assigned_to=AGT003
EV001298,TKT-100197,2026-08-09T11:31:43+05:30,status_change,SYSTEM,Resolved,Closed,Hostel & Maintenance,auto-closed 3 days after resolution
EV006838,TKT-101020,2026-09-14T16:53:50+05:30,agent_response,AGT004,Assigned,In Progress,IT Support,
EV005013,TKT-100742,2026-09-03T13:42:32+05:30,status_change,AGT008,In Progress,Resolved,Fees & Finance,resolution provided
EV004749,TKT-100702,2026-08-31T13:22:44+05:30,status_change,AGT012,In Progress,Waiting on Student,Library,asked student for details
EV006825,TKT-101018,2026-09-14T18:32:20+05:30,status_change,AGT001,In Progress,Resolved,IT Support,resolution provided
EV007180,TKT-101073,2026-09-15T17:30:03+05:30,reassigned,AGT014,In Progress,Assigned,Academics & Exams,from=IT Support; assigned_to=AGT010
EV006497,TKT-100970,2026-09-16T02:41:54+05:30,status_change,STU24347,Resolved,Reopened,Hostel & Maintenance,student: issue not fixed
EV003324,TKT-100493,2026-08-20T10:02:40+05:30,reminder_sent,SYSTEM,,,Academics & Exams,auto-reminder: no response in 24h
EV000689,TKT-100106,2026-07-31T14:39:15+05:30,created,STU24021,,New,,channel=email
EV000332,TKT-100053,2026-07-28T11:49:27+05:30,created,STU24874,,New,,channel=email
EV002054,TKT-100307,2026-08-10T17:10:22+05:30,first_response,AGT007,Assigned,In Progress,Hostel & Maintenance,
EV006905,TKT-101030,2026-09-14T10:43:23+05:30,assigned,AGT014,New,Assigned,IT Support,assigned_to=AGT003
EV003712,TKT-100551,2026-08-22T09:09:27+05:30,first_response,AGT002,Assigned,In Progress,IT Support,
EV006025,TKT-100898,2026-09-08T05:43:48+05:30,assigned,SYSTEM,New,Assigned,IT Support,assigned_to=AGT001
EV003083,TKT-100457,2026-08-18T22:13:44+05:30,first_response,AGT010,Assigned,In Progress,Academics & Exams,
EV007742,TKT-101170,2026-09-19T22:45:36+05:30,created,STU25292,,New,,channel=portal
EV007100,TKT-101062,2026-09-15T12:16:28+05:30,created,STU24714,,New,,channel=email
EV006192,TKT-100923,2026-09-10T15:29:33+05:30,status_change,STU24528,Waiting on Student,In Progress,IT Support,student replied
EV006592,TKT-100986,2026-09-11T09:59:33+05:30,created,STU25323,,New,,channel=email
EV003902,TKT-100577,2026-08-24T06:30:03+05:30,first_response,AGT012,Assigned,In Progress,Library,
EV002779,TKT-100415,2026-08-16T23:17:15+05:30,first_response,AGT009,Assigned,In Progress,Fees & Finance,
EV004621,TKT-100682,2026-09-10T09:33:03+05:30,status_change,SYSTEM,Resolved,Closed,Academics & Exams,auto-closed 3 days after resolution
EV004265,TKT-100630,2026-08-30T14:26:32+05:30,status_change,SYSTEM,Resolved,Closed,IT Support,auto-closed 3 days after resolution
EV005978,TKT-100890,2026-09-08T12:37:52+05:30,assigned,SYSTEM,New,Assigned,Hostel & Maintenance,assigned_to=AGT006
EV007196,TKT-101076,2026-09-15T16:40:38+05:30,first_response,AGT007,Assigned,In Progress,Hostel & Maintenance,
EV007436,TKT-101118,2026-09-17T15:43:16+05:30,first_response,AGT010,Assigned,In Progress,Academics & Exams,
EV005654,TKT-100839,2026-09-07T17:13:01+05:30,status_change,AGT002,In Progress,Resolved,IT Support,resolution provided
EV001895,TKT-100284,2026-08-08T13:34:45+05:30,created,STU25247,,New,,channel=email
EV003654,TKT-100542,2026-08-23T14:28:06+05:30,first_response,AGT009,Assigned,In Progress,Fees & Finance,
EV003330,TKT-100493,2026-08-28T12:40:11+05:30,status_change,SYSTEM,Resolved,Closed,Academics & Exams,auto-closed 3 days after resolution
EV001885,TKT-100282,2026-08-11T15:11:06+05:30,reminder_sent,SYSTEM,,,Hostel & Maintenance,auto-reminder: no response in 24h
EV003036,TKT-100450,2026-08-15T15:22:56+05:30,status_change,AGT004,In Progress,Resolved,IT Support,resolution provided
EV003017,TKT-100447,2026-08-16T15:11:54+05:30,reminder_sent,SYSTEM,,,Academics & Exams,auto-reminder: no response in 24h
EV002108,TKT-100317,2026-08-09T20:50:59+05:30,created,STU24837,,New,,channel=email
EV006040,TKT-100900,2026-09-09T14:21:05+05:30,assigned,AGT014,New,Assigned,IT Support,assigned_to=AGT003
EV001944,TKT-100290,2026-08-10T10:42:55+05:30,first_response,AGT002,Assigned,In Progress,IT Support,
EV003340,TKT-100495,2026-08-18T12:59:18+05:30,assigned,SYSTEM,New,Assigned,Hostel & Maintenance,assigned_to=AGT007
EV003201,TKT-100474,2026-08-19T13:37:59+05:30,status_change,AGT011,In Progress,Resolved,Academics & Exams,resolution provided
EV000008,TKT-100002,2026-07-28T13:22:25+05:30,reminder_sent,SYSTEM,,,Fees & Finance,auto-reminder: no response in 24h
EV006586,TKT-100984,2026-09-17T14:45:43+05:30,status_change,SYSTEM,Resolved,Closed,Hostel & Maintenance,auto-closed 3 days after resolution
EV000092,TKT-100014,2026-07-29T09:33:11+05:30,first_response,AGT008,Assigned,In Progress,Fees & Finance,
EV000758,TKT-100115,2026-08-01T11:01:41+05:30,reminder_sent,SYSTEM,,,Fees & Finance,auto-reminder: no response in 24h
EV005124,TKT-100758,2026-09-03T18:49:25+05:30,status_change,AGT002,In Progress,Resolved,IT Support,resolution provided
EV005680,TKT-100843,2026-09-07T19:08:04+05:30,first_response,AGT001,Assigned,In Progress,IT Support,
EV001501,TKT-100228,2026-08-07T10:48:16+05:30,assigned,AGT014,New,Assigned,Fees & Finance,assigned_to=AGT008
EV000066,TKT-100010,2026-07-28T10:27:02+05:30,assigned,AGT014,New,Assigned,Hostel & Maintenance,assigned_to=AGT005
EV005278,TKT-100782,2026-09-03T17:30:42+05:30,first_response,AGT007,Assigned,In Progress,Hostel & Maintenance,
EV003020,TKT-100447,2026-08-20T13:52:16+05:30,status_change,SYSTEM,Resolved,Closed,Academics & Exams,auto-closed 3 days after resolution
EV006342,TKT-100948,2026-09-14T10:00:00+05:30,escalated,AGT015,,,Fees & Finance,open > 48h in daily review
EV003389,TKT-100502,2026-08-21T10:35:12+05:30,status_change,AGT009,In Progress,Resolved,Fees & Finance,resolution provided
EV002457,TKT-100368,2026-08-12T13:01:04+05:30,assigned,SYSTEM,New,Assigned,IT Support,assigned_to=AGT003
EV002627,TKT-100392,2026-08-14T13:29:16+05:30,status_change,AGT002,In Progress,Resolved,IT Support,resolution provided
EV005220,TKT-100773,2026-09-07T10:00:00+05:30,escalated,AGT015,,,Hostel & Maintenance,open > 48h in daily review
EV000991,TKT-100148,2026-08-03T12:44:22+05:30,assigned,AGT014,New,Assigned,Hostel & Maintenance,assigned_to=AGT006
EV000081,TKT-100012,2026-08-03T09:12:49+05:30,status_change,SYSTEM,Resolved,Closed,IT Support,auto-closed 3 days after resolution
EV002037,TKT-100305,2026-08-09T23:23:55+05:30,created,STU24769,,New,,channel=portal
EV002582,TKT-100385,2026-08-13T17:35:40+05:30,status_change,STU25743,Waiting on Student,In Progress,Academics & Exams,student replied
EV001201,TKT-100181,2026-08-05T14:25:16+05:30,first_response,AGT009,Assigned,In Progress,Fees & Finance,
EV006934,TKT-101035,2026-09-17T14:25:41+05:30,agent_response,AGT008,Assigned,In Progress,Fees & Finance,
EV004243,TKT-100626,2026-09-06T09:00:00+05:30,status_change,SYSTEM,Resolved,Closed,Academics & Exams,auto-closed 3 days after resolution
EV003043,TKT-100451,2026-08-21T11:08:39+05:30,status_change,AGT006,In Progress,Waiting on Student,Hostel & Maintenance,asked student for details
EV003710,TKT-100551,2026-08-21T19:53:44+05:30,created,STU24663,,New,,channel=portal
EV000786,TKT-100118,2026-08-03T10:00:00+05:30,escalated,AGT015,,,Academics & Exams,open > 48h in daily review
EV005023,TKT-100744,2026-09-02T12:21:04+05:30,assigned,AGT014,New,Assigned,IT Support,assigned_to=AGT003
EV000516,TKT-100080,2026-07-30T21:52:11+05:30,assigned,SYSTEM,New,Assigned,IT Support,assigned_to=AGT001
EV006520,TKT-100974,2026-09-11T18:30:27+05:30,created,STU24510,,New,,channel=email
EV003022,TKT-100448,2026-08-15T21:37:53+05:30,assigned,SYSTEM,New,Assigned,Hostel & Maintenance,assigned_to=AGT006
EV007463,TKT-101123,2026-09-18T16:11:38+05:30,agent_response,AGT011,Assigned,In Progress,Academics & Exams,
EV007059,TKT-101056,2026-09-16T16:45:26+05:30,first_response,AGT004,Assigned,In Progress,IT Support,
EV005847,TKT-100869,2026-09-07T09:04:07+05:30,assigned,SYSTEM,New,Assigned,IT Support,assigned_to=AGT001
EV003821,TKT-100567,2026-08-22T13:07:57+05:30,status_change,AGT005,In Progress,Resolved,Hostel & Maintenance,resolution provided
EV006685,TKT-100998,2026-09-12T11:10:12+05:30,first_response,AGT012,Assigned,In Progress,Library,
EV003197,TKT-100474,2026-08-17T13:52:08+05:30,assigned,SYSTEM,New,Assigned,Academics & Exams,assigned_to=AGT011
EV004437,TKT-100657,2026-08-27T09:56:44+05:30,assigned,AGT013,New,Assigned,Academics & Exams,assigned_to=AGT010
EV000530,TKT-100082,2026-08-03T10:00:00+05:30,escalated,AGT015,,,Fees & Finance,open > 48h in daily review
EV003162,TKT-100469,2026-08-18T09:45:12+05:30,assigned,AGT014,New,Assigned,IT Support,assigned_to=AGT003
EV004110,TKT-100606,2026-08-24T19:00:01+05:30,status_change,STU24959,Waiting on Student,In Progress,Hostel & Maintenance,student replied
EV002318,TKT-100347,2026-08-11T11:29:03+05:30,first_response,AGT002,Assigned,In Progress,IT Support,
EV007989,TKT-101223,2026-09-03T09:42:03+05:30,created,STU25015,,New,,channel=portal
EV002632,TKT-100393,2026-08-15T02:36:48+05:30,first_response,AGT006,Assigned,In Progress,Hostel & Maintenance,
EV001107,TKT-100165,2026-08-04T17:45:18+05:30,status_change,AGT007,In Progress,Resolved,Hostel & Maintenance,resolution provided
EV007044,TKT-101053,2026-09-18T10:25:07+05:30,status_change,SYSTEM,Resolved,Closed,Academics & Exams,auto-closed 3 days after resolution
EV006817,TKT-101017,2026-09-13T09:23:43+05:30,created,STU24227,,New,,channel=portal
EV004078,TKT-100602,2026-08-24T08:44:32+05:30,created,STU25491,,New,,channel=email
EV004430,TKT-100655,2026-08-31T10:01:40+05:30,status_change,SYSTEM,Resolved,Closed,Library,auto-closed 3 days after resolution
EV005650,TKT-100839,2026-09-06T11:09:33+05:30,created,STU25188,,New,,channel=portal
EV006506,TKT-100972,2026-09-11T10:01:54+05:30,assigned,SYSTEM,New,Assigned,Library,assigned_to=AGT012
EV007400,TKT-101111,2026-09-17T09:33:34+05:30,reassigned,AGT014,In Progress,Assigned,Hostel & Maintenance,from=Academics & Exams; assigned_to=AGT005
EV006559,TKT-100980,2026-09-17T15:39:08+05:30,status_change,SYSTEM,Resolved,Closed,Hostel & Maintenance,auto-closed 3 days after resolution
EV000231,TKT-100036,2026-07-30T10:36:09+05:30,status_change,AGT009,In Progress,Waiting on Student,Fees & Finance,asked student for details
EV005131,TKT-100759,2026-09-01T11:01:07+05:30,status_change,AGT001,In Progress,Waiting on Student,IT Support,asked student for details
EV003244,TKT-100481,2026-08-18T13:10:59+05:30,assigned,AGT014,New,Assigned,Hostel & Maintenance,assigned_to=AGT005
EV003711,TKT-100551,2026-08-21T20:02:13+05:30,assigned,SYSTEM,New,Assigned,IT Support,assigned_to=AGT002
EV003607,TKT-100534,2026-08-21T19:10:56+05:30,status_change,AGT006,In Progress,Waiting on Student,Hostel & Maintenance,asked student for details
EV002025,TKT-100302,2026-08-16T18:59:45+05:30,status_change,SYSTEM,Resolved,Closed,Hostel & Maintenance,auto-closed 3 days after resolution
EV000246,TKT-100039,2026-07-28T13:52:58+05:30,created,STU24516,,New,,channel=portal
EV004720,TKT-100697,2026-09-01T09:08:30+05:30,status_change,AGT012,In Progress,Resolved,Library,resolution provided
EV002727,TKT-100408,2026-08-14T12:45:14+05:30,reminder_sent,SYSTEM,,,Academics & Exams,auto-reminder: no response in 24h
EV006196,TKT-100924,2026-09-09T23:25:59+05:30,assigned,SYSTEM,New,Assigned,Academics & Exams,assigned_to=AGT010
EV001524,TKT-100232,2026-08-06T14:09:20+05:30,first_response,AGT011,Assigned,In Progress,Academics & Exams,
EV006906,TKT-101030,2026-09-14T16:49:01+05:30,first_response,AGT003,Assigned,In Progress,IT Support,
EV005831,TKT-100867,2026-09-07T10:15:28+05:30,created,STU24818,,New,,channel=portal
EV003641,TKT-100540,2026-08-20T21:10:48+05:30,created,STU24221,,New,,channel=portal
EV002444,TKT-100366,2026-08-20T13:48:17+05:30,status_change,SYSTEM,Resolved,Closed,Academics & Exams,auto-closed 3 days after resolution
EV007900,TKT-101198,2026-09-20T08:10:36+05:30,created,STU24314,,New,,channel=email
EV007155,TKT-101070,2026-09-15T16:44:34+05:30,created,STU25030,,New,,channel=portal
EV002657,TKT-100397,2026-08-20T10:56:12+05:30,status_change,SYSTEM,Resolved,Closed,Fees & Finance,auto-closed 3 days after resolution
EV002907,TKT-100433,2026-08-15T09:13:05+05:30,reminder_sent,SYSTEM,,,Academics & Exams,auto-reminder: no response in 24h
EV002245,TKT-100336,2026-08-13T11:16:55+05:30,status_change,AGT007,In Progress,Resolved,Hostel & Maintenance,resolution provided
EV002742,TKT-100410,2026-08-13T23:54:11+05:30,created,STU24111,,New,,channel=email
EV006787,TKT-101012,2026-09-16T10:00:00+05:30,escalated,AGT015,,,Library,open > 48h in daily review
EV003138,TKT-100465,2026-08-16T21:41:07+05:30,assigned,SYSTEM,New,Assigned,Hostel & Maintenance,assigned_to=AGT007
EV002449,TKT-100367,2026-08-14T10:26:29+05:30,reassigned,AGT014,In Progress,Assigned,IT Support,from=Academics & Exams; assigned_to=AGT002
EV000043,TKT-100006,2026-07-29T10:00:00+05:30,escalated,AGT015,,,Academics & Exams,open > 48h in daily review
EV004530,TKT-100670,2026-09-02T15:13:22+05:30,status_change,AGT005,Reopened,Resolved,Hostel & Maintenance,resolved after reopen
EV003963,TKT-100586,2026-08-28T13:23:00+05:30,status_change,SYSTEM,Resolved,Closed,Hostel & Maintenance,auto-closed 3 days after resolution
EV006399,TKT-100957,2026-09-11T15:59:04+05:30,assigned,SYSTEM,New,Assigned,Hostel & Maintenance,assigned_to=AGT005
EV006255,TKT-100933,2026-09-12T14:49:53+05:30,status_change,AGT005,In Progress,Resolved,Hostel & Maintenance,resolution provided
EV006599,TKT-100986,2026-09-16T17:24:15+05:30,status_change,AGT005,In Progress,Resolved,Hostel & Maintenance,resolution provided
EV006165,TKT-100919,2026-09-13T14:46:57+05:30,status_change,SYSTEM,Resolved,Closed,Academics & Exams,auto-closed 3 days after resolution
EV003755,TKT-100556,2026-08-25T09:00:00+05:30,status_change,AGT008,In Progress,Resolved,Fees & Finance,resolution provided
EV002086,TKT-100313,2026-08-10T13:43:39+05:30,status_change,STU24606,Waiting on Student,In Progress,IT Support,student replied
EV006188,TKT-100923,2026-09-09T09:25:35+05:30,created,STU24528,,New,,channel=portal
EV000918,TKT-100137,2026-08-08T11:39:56+05:30,status_change,SYSTEM,Resolved,Closed,Academics & Exams,auto-closed 3 days after resolution
EV000962,TKT-100143,2026-08-06T18:45:00+05:30,status_change,SYSTEM,Resolved,Closed,IT Support,auto-closed 3 days after resolution
EV001533,TKT-100233,2026-08-10T10:00:00+05:30,escalated,AGT015,,,Hostel & Maintenance,open > 48h in daily review
EV004337,TKT-100642,2026-08-27T06:22:25+05:30,assigned,SYSTEM,New,Assigned,IT Support,assigned_to=AGT001
EV005893,TKT-100876,2026-09-10T10:00:00+05:30,escalated,AGT015,,,Academics & Exams,open > 48h in daily review
EV000292,TKT-100046,2026-07-28T17:12:10+05:30,first_response,AGT007,Assigned,In Progress,Hostel & Maintenance,
EV003964,TKT-100587,2026-08-23T17:47:11+05:30,created,STU25464,,New,,channel=email
EV003313,TKT-100491,2026-08-18T08:21:14+05:30,assigned,SYSTEM,New,Assigned,IT Support,assigned_to=AGT001
EV005938,TKT-100883,2026-09-09T14:59:48+05:30,first_response,AGT011,Assigned,In Progress,Academics & Exams,
EV005805,TKT-100862,2026-09-10T14:35:05+05:30,first_response,AGT009,Assigned,In Progress,Fees & Finance,
EV002415,TKT-100361,2026-08-12T18:16:35+05:30,status_change,AGT007,In Progress,Resolved,Hostel & Maintenance,resolution provided
EV007540,TKT-101137,2026-09-17T12:19:31+05:30,created,STU25205,,New,,channel=email
EV002258,TKT-100338,2026-08-11T19:41:46+05:30,status_change,AGT002,In Progress,Resolved,IT Support,resolution provided
EV000609,TKT-100094,2026-08-09T10:17:02+05:30,status_change,SYSTEM,Resolved,Closed,Hostel & Maintenance,auto-closed 3 days after resolution
EV006509,TKT-100972,2026-09-12T12:27:18+05:30,reassigned,AGT014,In Progress,Assigned,Hostel & Maintenance,from=Library; assigned_to=AGT006
EV001844,TKT-100276,2026-08-10T10:00:00+05:30,escalated,AGT015,,,Academics & Exams,open > 48h in daily review
EV002425,TKT-100363,2026-08-12T13:20:00+05:30,status_change,AGT004,In Progress,Resolved,IT Support,resolution provided
EV000852,TKT-100128,2026-08-01T10:43:21+05:30,created,STU24973,,New,,channel=portal
EV001998,TKT-100299,2026-08-08T13:27:49+05:30,created,STU25601,,New,,channel=email
EV002471,TKT-100370,2026-08-19T09:00:00+05:30,status_change,AGT009,In Progress,Resolved,Fees & Finance,resolution provided
EV008018,TKT-9000013,2026-08-13T23:54:11+05:30,created,STU24111,,New,,channel=email
EV000998,TKT-100149,2026-08-05T07:54:48+05:30,first_response,AGT008,Assigned,In Progress,Fees & Finance,
EV006068,TKT-100904,2026-09-10T18:11:32+05:30,reminder_sent,SYSTEM,,,Academics & Exams,auto-reminder: no response in 24h
EV002302,TKT-100344,2026-08-10T18:44:18+05:30,assigned,SYSTEM,New,Assigned,IT Support,assigned_to=AGT004
EV001603,TKT-100242,2026-08-07T12:30:33+05:30,first_response,AGT011,Assigned,In Progress,Academics & Exams,
EV004616,TKT-100682,2026-08-28T16:01:17+05:30,first_response,AGT011,Assigned,In Progress,Academics & Exams,
EV002336,TKT-100349,2026-08-14T10:00:00+05:30,escalated,AGT015,,,Fees & Finance,open > 48h in daily review
EV001507,TKT-100229,2026-08-07T12:00:51+05:30,first_response,AGT008,Assigned,In Progress,Fees & Finance,
EV006697,TKT-101000,2026-09-12T14:12:37+05:30,created,STU24874,,New,,channel=email
EV000972,TKT-100145,2026-08-02T14:20:46+05:30,assigned,SYSTEM,New,Assigned,Fees & Finance,assigned_to=AGT008
EV002622,TKT-100391,2026-08-13T18:36:45+05:30,status_change,AGT003,In Progress,Resolved,IT Support,resolution provided
EV007737,TKT-101169,2026-09-19T10:32:35+05:30,assigned,AGT013,New,Assigned,IT Support,assigned_to=AGT004
EV000777,TKT-100117,2026-07-31T13:54:07+05:30,created,STU24790,,New,,channel=email
EV006671,TKT-100996,2026-09-15T10:00:00+05:30,escalated,AGT015,,,Hostel & Maintenance,open > 48h in daily review
EV005328,TKT-100790,2026-09-03T11:39:12+05:30,assigned,SYSTEM,New,Assigned,Academics & Exams,assigned_to=AGT011
EV001960,TKT-100292,2026-08-11T10:00:00+05:30,escalated,AGT015,,,Hostel & Maintenance,open > 48h in daily review
EV002600,TKT-100388,2026-08-17T10:00:00+05:30,escalated,AGT015,,,Academics & Exams,open > 48h in daily review
EV000982,TKT-100146,2026-08-06T18:11:39+05:30,status_change,SYSTEM,Resolved,Closed,IT Support,auto-closed 3 days after resolution
EV004228,TKT-100625,2026-08-28T09:06:26+05:30,first_response,AGT008,Assigned,In Progress,Fees & Finance,
EV007604,TKT-101149,2026-09-18T10:17:27+05:30,assigned,SYSTEM,New,Assigned,Fees & Finance,assigned_to=AGT009
EV001253,TKT-100189,2026-08-07T14:30:29+05:30,status_change,SYSTEM,Resolved,Closed,IT Support,auto-closed 3 days after resolution
EV002902,TKT-100432,2026-08-17T10:00:00+05:30,escalated,AGT015,,,Academics & Exams,open > 48h in daily review
EV006532,TKT-100976,2026-09-12T20:13:40+05:30,reminder_sent,SYSTEM,,,Fees & Finance,auto-reminder: no response in 24h
EV000097,TKT-100015,2026-07-27T13:33:02+05:30,assigned,SYSTEM,New,Assigned,Hostel & Maintenance,assigned_to=AGT006
EV001858,TKT-100278,2026-08-10T09:19:02+05:30,status_change,AGT002,In Progress,Resolved,IT Support,resolution provided
EV003224,TKT-100478,2026-08-18T14:11:26+05:30,status_change,AGT007,In Progress,Waiting on Student,Hostel & Maintenance,asked student for details
EV005031,TKT-100745,2026-09-03T10:00:00+05:30,escalated,AGT015,,,Fees & Finance,open > 48h in daily review
EV002726,TKT-100408,2026-08-13T12:45:14+05:30,assigned,SYSTEM,New,Assigned,Academics & Exams,assigned_to=AGT010
EV006113,TKT-100911,2026-09-10T15:26:58+05:30,first_response,AGT004,Assigned,In Progress,IT Support,
EV000843,TKT-100126,2026-08-04T10:00:00+05:30,escalated,AGT015,,,Fees & Finance,open > 48h in daily review
EV005918,TKT-100880,2026-09-10T17:05:28+05:30,status_change,STU24789,Waiting on Student,In Progress,Academics & Exams,student replied
EV004454,TKT-100660,2026-08-27T12:52:21+05:30,assigned,SYSTEM,New,Assigned,IT Support,assigned_to=AGT003
EV000129,TKT-100021,2026-07-27T15:26:07+05:30,assigned,SYSTEM,New,Assigned,IT Support,assigned_to=AGT001
EV007276,TKT-101090,2026-09-18T16:59:02+05:30,status_change,AGT010,In Progress,Waiting on Student,Academics & Exams,asked student for details
EV002529,TKT-100377,2026-08-14T10:00:00+05:30,escalated,AGT015,,,Academics & Exams,open > 48h in daily review
EV006176,TKT-100921,2026-09-09T12:29:17+05:30,first_response,AGT004,Assigned,In Progress,IT Support,
EV006860,TKT-101023,2026-09-14T14:49:29+05:30,status_change,AGT010,In Progress,Waiting on Student,Academics & Exams,asked student for details
EV001022,TKT-100153,2026-08-03T17:06:54+05:30,assigned,AGT014,New,Assigned,Hostel & Maintenance,assigned_to=AGT006
EV002189,TKT-100328,2026-08-13T10:00:00+05:30,escalated,AGT015,,,Hostel & Maintenance,open > 48h in daily review
EV004591,TKT-100678,2026-09-01T18:04:48+05:30,status_change,SYSTEM,Resolved,Closed,IT Support,auto-closed 3 days after resolution
EV007057,TKT-101056,2026-09-15T23:34:25+05:30,created,STU25711,,New,,channel=email
EV005897,TKT-100877,2026-09-07T19:56:46+05:30,assigned,SYSTEM,New,Assigned,Fees & Finance,assigned_to=AGT008
EV002438,TKT-100366,2026-08-12T17:46:41+05:30,created,STU24306,,New,,channel=portal
EV004123,TKT-100609,2026-08-25T13:18:28+05:30,created,STU24618,,New,,channel=email
EV004854,TKT-100718,2026-09-03T13:10:25+05:30,status_change,STU24681,Resolved,Reopened,Academics & Exams,student: issue not fixed
EV003245,TKT-100481,2026-08-19T08:13:58+05:30,first_response,AGT005,Assigned,In Progress,Hostel & Maintenance,
EV004851,TKT-100718,2026-08-31T20:49:49+05:30,assigned,SYSTEM,New,Assigned,Academics & Exams,assigned_to=AGT011
EV006323,TKT-100945,2026-09-10T09:56:56+05:30,assigned,SYSTEM,New,Assigned,Hostel & Maintenance,assigned_to=AGT005
EV001484,TKT-100225,2026-08-11T11:39:21+05:30,status_change,SYSTEM,Resolved,Closed,IT Support,auto-closed 3 days after resolution
EV000996,TKT-100149,2026-08-03T12:43:57+05:30,assigned,AGT013,New,Assigned,Fees & Finance,assigned_to=AGT008
EV006258,TKT-100934,2026-09-11T09:17:18+05:30,assigned,AGT014,New,Assigned,IT Support,assigned_to=AGT003
EV005532,TKT-100821,2026-09-04T20:26:19+05:30,created,STU25702,,New,,channel=portal
EV002667,TKT-100399,2026-08-14T08:50:47+05:30,first_response,AGT004,Assigned,In Progress,IT Support,
EV003749,TKT-100556,2026-08-21T21:42:43+05:30,assigned,SYSTEM,New,Assigned,Fees & Finance,assigned_to=AGT008
EV000424,TKT-100067,2026-08-03T10:00:00+05:30,escalated,AGT015,,,Academics & Exams,open > 48h in daily review
EV004076,TKT-100601,2026-08-28T08:00:00+05:30,status_change,AGT005,In Progress,Resolved,Hostel & Maintenance,resolution provided
EV000654,TKT-100101,2026-07-31T17:42:14+05:30,first_response,AGT006,Assigned,In Progress,Hostel & Maintenance,
EV001234,TKT-100186,2026-08-10T09:00:00+05:30,status_change,AGT011,In Progress,Resolved,Academics & Exams,resolution provided
EV006075,TKT-100905,2026-09-10T10:13:35+05:30,reassigned,AGT013,In Progress,Assigned,IT Support,from=Academics & Exams; assigned_to=AGT002
EV001406,TKT-100215,2026-08-05T16:55:43+05:30,created,STU25049,,New,,channel=email
EV001906,TKT-100285,2026-08-11T10:00:00+05:30,escalated,AGT015,,,Fees & Finance,open > 48h in daily review
EV000753,TKT-100114,2026-08-03T10:00:00+05:30,escalated,AGT015,,,Academics & Exams,open > 48h in daily review
EV000075,TKT-100012,2026-07-27T20:58:36+05:30,created,STU25315,,New,,channel=portal
EV005668,TKT-100841,2026-09-09T10:00:00+05:30,escalated,AGT015,,,Academics & Exams,open > 48h in daily review
EV007126,TKT-101065,2026-09-18T10:00:00+05:30,escalated,AGT015,,,Academics & Exams,open > 48h in daily review
EV000031,TKT-100005,2026-07-27T23:58:20+05:30,assigned,SYSTEM,New,Assigned,Library,assigned_to=AGT012
EV006333,TKT-100946,2026-09-17T09:49:15+05:30,status_change,SYSTEM,Resolved,Closed,Academics & Exams,auto-closed 3 days after resolution
EV006588,TKT-100985,2026-09-11T11:25:08+05:30,assigned,SYSTEM,New,Assigned,IT Support,assigned_to=AGT001
EV001485,TKT-100226,2026-08-06T16:12:20+05:30,created,STU24606,,New,,channel=portal
EV005441,TKT-100807,2026-09-06T20:18:01+05:30,first_response,AGT009,Assigned,In Progress,Fees & Finance,
EV008008,TKT-9000003,2026-09-09T15:56:09+05:30,first_response,AGT010,Assigned,In Progress,Academics & Exams,
EV007425,TKT-101116,2026-09-17T10:44:54+05:30,assigned,SYSTEM,New,Assigned,Academics & Exams,assigned_to=AGT011
EV003056,TKT-100453,2026-08-16T18:19:47+05:30,reminder_sent,SYSTEM,,,Academics & Exams,auto-reminder: no response in 24h
EV006720,TKT-101003,2026-09-12T10:31:00+05:30,created,STU24965,,New,,channel=email
EV001273,TKT-100193,2026-08-04T13:15:14+05:30,created,STU25792,,New,,channel=walk_in
EV002019,TKT-100302,2026-08-10T09:50:04+05:30,assigned,AGT013,New,Assigned,Hostel & Maintenance,assigned_to=AGT006
EV001033,TKT-100155,2026-08-03T01:55:01+05:30,created,STU25464,,New,,channel=portal
EV001291,TKT-100196,2026-08-04T16:03:38+05:30,first_response,AGT012,Assigned,In Progress,Library,
EV004276,TKT-100633,2026-08-26T15:21:16+05:30,created,STU24345,,New,,channel=portal
EV001359,TKT-100207,2026-08-05T11:16:08+05:30,first_response,AGT004,Assigned,In Progress,IT Support,
EV004620,TKT-100682,2026-09-07T09:33:03+05:30,status_change,AGT011,Reopened,Resolved,Academics & Exams,resolved after reopen
EV004221,TKT-100624,2026-08-28T21:16:48+05:30,status_change,STU25272,Waiting on Student,In Progress,Hostel & Maintenance,student replied
EV006070,TKT-100904,2026-09-14T10:00:00+05:30,escalated,AGT015,,,Academics & Exams,open > 48h in daily review
EV001317,TKT-100201,2026-08-05T16:00:34+05:30,created,STU25793,,New,,channel=email
EV002823,TKT-100421,2026-08-14T16:58:02+05:30,status_change,AGT002,In Progress,Waiting on Student,IT Support,asked student for details
EV005895,TKT-100876,2026-09-13T10:49:19+05:30,status_change,SYSTEM,Resolved,Closed,Academics & Exams,auto-closed 3 days after resolution
EV002534,TKT-100378,2026-08-14T13:28:29+05:30,first_response,AGT004,Assigned,In Progress,IT Support,
EV006693,TKT-100999,2026-09-13T16:33:09+05:30,reminder_sent,SYSTEM,,,Academics & Exams,auto-reminder: no response in 24h
EV001631,TKT-100247,2026-08-08T09:43:37+05:30,assigned,AGT013,New,Assigned,Fees & Finance,assigned_to=AGT008
EV007374,TKT-101107,2026-09-16T18:04:27+05:30,assigned,SYSTEM,New,Assigned,Fees & Finance,assigned_to=AGT008
EV000088,TKT-100013,2026-08-01T09:49:42+05:30,status_change,SYSTEM,Resolved,Closed,Hostel & Maintenance,auto-closed 3 days after resolution
EV001525,TKT-100232,2026-08-10T10:00:00+05:30,escalated,AGT015,,,Academics & Exams,open > 48h in daily review
EV006603,TKT-100987,2026-09-11T18:38:41+05:30,assigned,SYSTEM,New,Assigned,Hostel & Maintenance,assigned_to=AGT006
EV005310,TKT-100787,2026-09-03T20:11:36+05:30,assigned,SYSTEM,New,Assigned,Library,assigned_to=AGT012
EV006347,TKT-100949,2026-09-14T10:00:00+05:30,escalated,AGT015,,,Academics & Exams,open > 48h in daily review
EV000237,TKT-100037,2026-07-28T15:51:38+05:30,assigned,SYSTEM,New,Assigned,Hostel & Maintenance,assigned_to=AGT007
EV007054,TKT-101055,2026-09-15T14:59:41+05:30,first_response,AGT005,Assigned,In Progress,Hostel & Maintenance,
EV007618,TKT-101150,2026-09-19T18:42:44+05:30,status_change,AGT002,In Progress,Resolved,IT Support,resolution provided
EV002112,TKT-100317,2026-08-11T02:57:59+05:30,status_change,STU24837,Waiting on Student,In Progress,Hostel & Maintenance,student replied
EV005673,TKT-100842,2026-09-07T11:40:08+05:30,first_response,AGT010,Assigned,In Progress,Academics & Exams,
EV002383,TKT-100356,2026-08-11T11:41:15+05:30,created,STU24752,,New,,channel=portal
EV005912,TKT-100880,2026-09-07T09:57:01+05:30,created,STU24789,,New,,channel=email
EV005245,TKT-100777,2026-09-04T09:11:47+05:30,assigned,AGT013,New,Assigned,Hostel & Maintenance,assigned_to=AGT005
EV006799,TKT-101013,2026-09-20T13:47:12+05:30,status_change,SYSTEM,Resolved,Closed,Academics & Exams,auto-closed 3 days after resolution
EV003549,TKT-100525,2026-08-19T09:38:36+05:30,assigned,SYSTEM,New,Assigned,IT Support,assigned_to=AGT003
EV003864,TKT-100573,2026-08-27T13:35:05+05:30,status_change,STU25112,Resolved,Reopened,Hostel & Maintenance,student: issue not fixed
EV005210,TKT-100772,2026-09-07T20:07:07+05:30,status_change,STU25126,Waiting on Student,In Progress,Fees & Finance,student replied
EV007678,TKT-101161,2026-09-18T14:27:07+05:30,created,STU24137,,New,,channel=portal
EV007342,TKT-101102,2026-09-16T08:21:42+05:30,created,STU24332,,New,,channel=portal
EV003272,TKT-100485,2026-08-20T03:34:41+05:30,first_response,AGT006,Assigned,In Progress,Hostel & Maintenance,
EV001292,TKT-100196,2026-08-05T11:22:03+05:30,status_change,AGT012,In Progress,Resolved,Library,resolution provided
EV006675,TKT-100996,2026-09-20T12:28:01+05:30,status_change,SYSTEM,Resolved,Closed,Hostel & Maintenance,auto-closed 3 days after resolution
EV005139,TKT-100760,2026-09-06T15:55:19+05:30,status_change,SYSTEM,Resolved,Closed,Hostel & Maintenance,auto-closed 3 days after resolution
EV002141,TKT-100321,2026-08-18T08:00:00+05:30,status_change,SYSTEM,Resolved,Closed,Hostel & Maintenance,auto-closed 3 days after resolution
EV003959,TKT-100586,2026-08-24T10:56:40+05:30,assigned,AGT014,New,Assigned,Hostel & Maintenance,assigned_to=AGT006
EV006269,TKT-100936,2026-09-10T12:13:53+05:30,created,STU24868,,New,,channel=portal
EV000407,TKT-100064,2026-08-03T14:53:33+05:30,status_change,SYSTEM,Resolved,Closed,IT Support,auto-closed 3 days after resolution
EV005826,TKT-100866,2026-09-07T20:15:10+05:30,created,STU25256,,New,,channel=portal
EV001047,TKT-100157,2026-08-05T12:11:01+05:30,status_change,AGT003,In Progress,Resolved,IT Support,resolution provided
EV000164,TKT-100026,2026-08-02T13:53:37+05:30,status_change,SYSTEM,Resolved,Closed,Fees & Finance,auto-closed 3 days after resolution
EV000019,TKT-100003,2026-07-30T10:00:00+05:30,escalated,AGT015,,,Hostel & Maintenance,open > 48h in daily review
EV007106,TKT-101062,2026-09-17T23:16:51+05:30,status_change,STU24714,Waiting on Student,In Progress,Hostel & Maintenance,student replied
EV002069,TKT-100310,2026-08-10T15:37:58+05:30,first_response,AGT002,Assigned,In Progress,IT Support,
EV003893,TKT-100576,2026-08-24T04:32:59+05:30,first_response,AGT012,Assigned,In Progress,Library,
EV006986,TKT-101043,2026-09-14T15:34:03+05:30,assigned,AGT013,New,Assigned,IT Support,assigned_to=AGT004
EV004648,TKT-100686,2026-09-05T08:00:00+05:30,status_change,SYSTEM,Resolved,Closed,Hostel & Maintenance,auto-closed 3 days after resolution
EV001653,TKT-100249,2026-08-24T10:59:15+05:30,status_change,SYSTEM,Resolved,Closed,Hostel & Maintenance,auto-closed 3 days after resolution
EV007241,TKT-101083,2026-09-18T10:20:00+05:30,status_change,AGT011,In Progress,Resolved,Academics & Exams,resolution provided
EV001617,TKT-100244,2026-08-07T18:59:12+05:30,status_change,AGT001,In Progress,Resolved,IT Support,resolution provided
EV005712,TKT-100848,2026-09-08T10:53:15+05:30,reminder_sent,SYSTEM,,,Academics & Exams,auto-reminder: no response in 24h
EV006380,TKT-100954,2026-09-14T01:02:00+05:30,first_response,AGT011,Assigned,In Progress,Academics & Exams,
EV003870,TKT-100574,2026-08-24T05:37:30+05:30,first_response,AGT005,Assigned,In Progress,Hostel & Maintenance,
EV003841,TKT-100570,2026-08-24T08:05:15+05:30,first_response,AGT004,Assigned,In Progress,IT Support,
EV002688,TKT-100402,2026-08-14T14:28:12+05:30,status_change,AGT004,In Progress,Waiting on Student,IT Support,asked student for details
EV000127,TKT-100020,2026-07-31T16:26:11+05:30,status_change,SYSTEM,Resolved,Closed,Hostel & Maintenance,auto-closed 3 days after resolution
EV000431,TKT-100068,2026-07-30T15:20:44+05:30,status_change,STU24074,Waiting on Student,In Progress,Library,student replied
EV000016,TKT-100003,2026-07-27T12:58:34+05:30,assigned,SYSTEM,New,Assigned,Hostel & Maintenance,assigned_to=AGT005
EV003454,TKT-100510,2026-08-25T08:00:00+05:30,status_change,SYSTEM,Resolved,Closed,IT Support,auto-closed 3 days after resolution
EV006536,TKT-100976,2026-09-18T13:44:23+05:30,status_change,SYSTEM,Resolved,Closed,Fees & Finance,auto-closed 3 days after resolution
EV004653,TKT-100687,2026-09-01T10:00:00+05:30,escalated,AGT015,,,Academics & Exams,open > 48h in daily review
EV003578,TKT-100529,2026-08-22T05:09:18+05:30,status_change,STU24119,Resolved,Reopened,IT Support,student: issue not fixed
EV004232,TKT-100626,2026-08-26T19:32:42+05:30,created,STU25617,,New,,channel=portal
EV002146,TKT-100322,2026-08-13T10:00:00+05:30,escalated,AGT015,,,Fees & Finance,open > 48h in daily review
EV006502,TKT-100971,2026-09-12T13:37:47+05:30,first_response,AGT012,Assigned,In Progress,Library,
EV004908,TKT-100726,2026-09-02T10:37:04+05:30,status_change,AGT012,In Progress,Waiting on Student,Library,asked student for details
EV001958,TKT-100292,2026-08-08T11:57:21+05:30,assigned,SYSTEM,New,Assigned,Hostel & Maintenance,assigned_to=AGT007
EV002979,TKT-100443,2026-08-17T09:27:52+05:30,first_response,AGT005,Assigned,In Progress,Hostel & Maintenance,
EV007303,TKT-101095,2026-09-16T20:12:52+05:30,created,STU24841,,New,,channel=email
EV005947,TKT-100884,2026-09-17T08:00:00+05:30,status_change,SYSTEM,Resolved,Closed,Hostel & Maintenance,auto-closed 3 days after resolution
EV001613,TKT-100243,2026-08-13T13:20:38+05:30,status_change,SYSTEM,Resolved,Closed,Hostel & Maintenance,auto-closed 3 days after resolution
EV005603,TKT-100833,2026-09-05T17:20:44+05:30,created,STU24730,,New,,channel=portal
EV006638,TKT-100992,2026-09-13T18:42:48+05:30,reminder_sent,SYSTEM,,,Library,auto-reminder: no response in 24h
EV003433,TKT-100508,2026-08-20T10:18:10+05:30,reassigned,AGT013,In Progress,Assigned,IT Support,from=Library; assigned_to=AGT002
EV001115,TKT-100166,2026-08-03T14:25:15+05:30,agent_response,AGT006,Assigned,In Progress,Hostel & Maintenance,
EV002822,TKT-100421,2026-08-14T15:49:09+05:30,first_response,AGT002,Assigned,In Progress,IT Support,
EV004416,TKT-100653,2026-08-28T13:48:52+05:30,status_change,AGT003,In Progress,Resolved,IT Support,resolution provided
EV003243,TKT-100481,2026-08-17T18:38:58+05:30,created,STU24602,,New,,channel=email
EV001922,TKT-100287,2026-08-08T11:05:17+05:30,assigned,AGT013,New,Assigned,Hostel & Maintenance,assigned_to=AGT006
EV006751,TKT-101008,2026-09-13T14:13:27+05:30,created,STU25645,,New,,channel=email
EV003296,TKT-100488,2026-08-19T00:08:15+05:30,status_change,STU24122,Waiting on Student,In Progress,Hostel & Maintenance,student replied
EV005925,TKT-100881,2026-09-11T10:00:00+05:30,escalated,AGT015,,,Hostel & Maintenance,open > 48h in daily review
EV002328,TKT-100348,2026-08-12T12:39:12+05:30,status_change,AGT003,In Progress,Resolved,IT Support,resolution provided
EV000299,TKT-100047,2026-07-31T06:25:57+05:30,first_response,AGT006,Assigned,In Progress,Hostel & Maintenance,
EV004460,TKT-100661,2026-08-28T09:01:30+05:30,reminder_sent,SYSTEM,,,Fees & Finance,auto-reminder: no response in 24h
EV005208,TKT-100772,2026-09-04T13:14:53+05:30,first_response,AGT008,Assigned,In Progress,Fees & Finance,
EV005649,TKT-100838,2026-09-13T09:00:00+05:30,status_change,SYSTEM,Resolved,Closed,Fees & Finance,auto-closed 3 days after resolution
EV004219,TKT-100624,2026-08-27T12:42:10+05:30,first_response,AGT006,Assigned,In Progress,Hostel & Maintenance,
EV004237,TKT-100626,2026-08-28T16:34:58+05:30,reassigned,AGT013,In Progress,Assigned,Academics & Exams,from=IT Support; assigned_to=AGT010
EV002096,TKT-100315,2026-08-10T19:14:51+05:30,reminder_sent,SYSTEM,,,Hostel & Maintenance,auto-reminder: no response in 24h
EV001686,TKT-100254,2026-08-11T08:26:12+05:30,first_response,AGT011,Assigned,In Progress,Academics & Exams,
EV007261,TKT-101087,2026-09-17T17:28:20+05:30,status_change,AGT001,In Progress,Resolved,IT Support,resolution provided
EV000125,TKT-100020,2026-07-28T13:41:23+05:30,first_response,AGT006,Assigned,In Progress,Hostel & Maintenance,
EV005444,TKT-100807,2026-09-17T09:00:00+05:30,status_change,SYSTEM,Resolved,Closed,Fees & Finance,auto-closed 3 days after resolution
EV004402,TKT-100651,2026-08-27T17:00:59+05:30,assigned,AGT014,New,Assigned,Hostel & Maintenance,assigned_to=AGT007
EV000666,TKT-100103,2026-07-31T14:30:40+05:30,assigned,SYSTEM,New,Assigned,IT Support,assigned_to=AGT004
EV002917,TKT-100434,2026-08-15T17:42:06+05:30,status_change,AGT012,In Progress,Resolved,Library,resolution provided
EV005097,TKT-100755,2026-09-01T18:57:43+05:30,created,STU24758,,New,,channel=portal
EV005529,TKT-100820,2026-09-07T10:00:00+05:30,escalated,AGT015,,,Library,open > 48h in daily review
EV006379,TKT-100954,2026-09-12T17:20:01+05:30,reminder_sent,SYSTEM,,,Academics & Exams,auto-reminder: no response in 24h
EV002933,TKT-100437,2026-08-14T17:15:27+05:30,assigned,SYSTEM,New,Assigned,Fees & Finance,assigned_to=AGT009
EV005033,TKT-100745,2026-09-07T09:00:00+05:30,status_change,SYSTEM,Resolved,Closed,Fees & Finance,auto-closed 3 days after resolution
EV001083,TKT-100162,2026-08-03T08:21:20+05:30,assigned,SYSTEM,New,Assigned,Hostel & Maintenance,assigned_to=AGT005
EV004075,TKT-100601,2026-08-27T10:00:00+05:30,escalated,AGT015,,,Hostel & Maintenance,open > 48h in daily review
EV004050,TKT-100598,2026-09-07T09:00:00+05:30,status_change,AGT010,In Progress,Resolved,Academics & Exams,resolution provided
EV001554,TKT-100235,2026-08-13T02:10:26+05:30,status_change,STU24694,Waiting on Student,In Progress,IT Support,student replied
EV005104,TKT-100755,2026-09-08T08:00:00+05:30,status_change,SYSTEM,Resolved,Closed,IT Support,auto-closed 3 days after resolution
EV007961,TKT-101209,2026-08-13T15:37:00+05:30,created,STU25334,,New,,channel=email
EV000114,TKT-100018,2026-07-27T17:52:12+05:30,assigned,SYSTEM,New,Assigned,IT Support,assigned_to=AGT003
EV004501,TKT-100667,2026-08-28T12:23:03+05:30,created,STU24877,,New,,channel=portal
EV005827,TKT-100866,2026-09-07T20:16:15+05:30,assigned,SYSTEM,New,Assigned,Hostel & Maintenance,assigned_to=AGT007
EV006606,TKT-100987,2026-09-15T13:14:33+05:30,status_change,SYSTEM,Resolved,Closed,Hostel & Maintenance,auto-closed 3 days after resolution
EV005487,TKT-100815,2026-09-04T10:13:34+05:30,created,STU24937,,New,,channel=email
EV004946,TKT-100732,2026-08-31T15:14:03+05:30,first_response,AGT003,Assigned,In Progress,IT Support,
EV001182,TKT-100178,2026-08-04T19:36:46+05:30,first_response,AGT007,Assigned,In Progress,Hostel & Maintenance,
EV003444,TKT-100509,2026-08-21T10:00:00+05:30,escalated,AGT015,,,Hostel & Maintenance,open > 48h in daily review
EV001593,TKT-100240,2026-08-13T14:17:13+05:30,status_change,SYSTEM,Resolved,Closed,IT Support,auto-closed 3 days after resolution
EV004064,TKT-100600,2026-08-30T11:50:24+05:30,status_change,SYSTEM,Resolved,Closed,Hostel & Maintenance,auto-closed 3 days after resolution
EV005512,TKT-100818,2026-09-07T11:02:49+05:30,reassigned,AGT014,In Progress,Assigned,IT Support,from=Academics & Exams; assigned_to=AGT001
EV004462,TKT-100661,2026-08-31T10:00:00+05:30,escalated,AGT015,,,Fees & Finance,open > 48h in daily review
EV003624,TKT-100537,2026-08-20T11:29:29+05:30,created,STU24811,,New,,channel=portal
EV007272,TKT-101089,2026-09-18T15:02:55+05:30,status_change,AGT009,In Progress,Resolved,Fees & Finance,resolution provided
EV005451,TKT-100808,2026-09-11T08:00:00+05:30,status_change,SYSTEM,Resolved,Closed,Hostel & Maintenance,auto-closed 3 days after resolution
EV005289,TKT-100784,2026-09-03T15:22:37+05:30,assigned,SYSTEM,New,Assigned,Library,assigned_to=AGT012
EV000350,TKT-100055,2026-07-29T18:37:37+05:30,status_change,AGT002,In Progress,Resolved,IT Support,resolution provided
EV006280,TKT-100938,2026-09-11T11:00:08+05:30,assigned,AGT013,New,Assigned,Hostel & Maintenance,assigned_to=AGT005
EV006203,TKT-100925,2026-09-14T10:00:00+05:30,escalated,AGT015,,,Hostel & Maintenance,open > 48h in daily review
EV006871,TKT-101025,2026-09-14T13:25:06+05:30,first_response,AGT004,Assigned,In Progress,IT Support,
EV007624,TKT-101151,2026-09-19T10:25:52+05:30,status_change,AGT001,In Progress,Resolved,IT Support,resolution provided
EV004970,TKT-100736,2026-08-31T10:18:15+05:30,assigned,SYSTEM,New,Assigned,IT Support,assigned_to=AGT004
EV000032,TKT-100005,2026-07-28T10:31:39+05:30,first_response,AGT012,Assigned,In Progress,Library,
EV005298,TKT-100785,2026-09-03T17:50:05+05:30,first_response,AGT004,Assigned,In Progress,IT Support,
EV001783,TKT-100268,2026-08-09T14:20:55+05:30,reminder_sent,SYSTEM,,,IT Support,auto-reminder: no response in 24h
EV006534,TKT-100976,2026-09-14T10:00:00+05:30,escalated,AGT015,,,Fees & Finance,open > 48h in daily review
EV002006,TKT-100300,2026-08-09T19:47:37+05:30,created,STU25787,,New,,channel=portal
EV001276,TKT-100193,2026-08-07T10:00:00+05:30,escalated,AGT015,,,Fees & Finance,open > 48h in daily review
EV001673,TKT-100252,2026-08-10T10:00:00+05:30,escalated,AGT015,,,Hostel & Maintenance,open > 48h in daily review
EV003568,TKT-100528,2026-08-20T10:20:32+05:30,assigned,AGT013,New,Assigned,Fees & Finance,assigned_to=AGT009
EV004105,TKT-100605,2026-08-30T09:49:58+05:30,status_change,SYSTEM,Resolved,Closed,Academics & Exams,auto-closed 3 days after resolution
EV005359,TKT-100795,2026-09-07T00:05:50+05:30,first_response,AGT011,Assigned,In Progress,Academics & Exams,
EV003847,TKT-100571,2026-08-24T19:48:54+05:30,status_change,AGT006,In Progress,Resolved,Hostel & Maintenance,resolution provided
EV002424,TKT-100363,2026-08-12T09:47:24+05:30,first_response,AGT004,Assigned,In Progress,IT Support,
EV006428,TKT-100962,2026-09-11T14:11:39+05:30,assigned,SYSTEM,New,Assigned,Fees & Finance,assigned_to=AGT009
EV004855,TKT-100718,2026-09-03T16:47:17+05:30,status_change,AGT011,Reopened,Resolved,Academics & Exams,resolved after reopen
EV001313,TKT-100200,2026-08-05T16:27:37+05:30,assigned,SYSTEM,New,Assigned,IT Support,assigned_to=AGT001
EV001706,TKT-100257,2026-08-07T09:21:01+05:30,created,STU25444,,New,,channel=portal
EV007224,TKT-101080,2026-09-17T15:20:06+05:30,status_change,AGT002,In Progress,Resolved,IT Support,resolution provided
EV006263,TKT-100935,2026-09-11T13:17:50+05:30,assigned,AGT013,New,Assigned,Academics & Exams,assigned_to=AGT011
EV004418,TKT-100654,2026-08-27T14:25:29+05:30,created,STU25261,,New,,channel=portal
EV002966,TKT-100441,2026-08-17T15:14:27+05:30,status_change,AGT001,In Progress,Resolved,IT Support,resolution provided
EV004327,TKT-100640,2026-08-28T11:42:09+05:30,assigned,AGT013,New,Assigned,IT Support,assigned_to=AGT004
EV002900,TKT-100432,2026-08-15T12:09:08+05:30,reminder_sent,SYSTEM,,,Academics & Exams,auto-reminder: no response in 24h
EV006661,TKT-100994,2026-09-20T08:00:00+05:30,status_change,SYSTEM,Resolved,Closed,Hostel & Maintenance,auto-closed 3 days after resolution
EV004060,TKT-100600,2026-08-24T16:53:29+05:30,assigned,SYSTEM,New,Assigned,Hostel & Maintenance,assigned_to=AGT005
EV004259,TKT-100629,2026-08-31T10:23:14+05:30,status_change,AGT011,In Progress,Resolved,Academics & Exams,resolution provided
EV002863,TKT-100427,2026-08-18T11:08:28+05:30,agent_response,AGT005,Assigned,In Progress,Hostel & Maintenance,
EV001200,TKT-100181,2026-08-04T16:04:52+05:30,assigned,AGT014,New,Assigned,Fees & Finance,assigned_to=AGT009
EV005857,TKT-100871,2026-09-08T10:35:43+05:30,assigned,AGT014,New,Assigned,Hostel & Maintenance,assigned_to=AGT006
EV004126,TKT-100609,2026-08-25T17:03:17+05:30,status_change,AGT003,In Progress,Resolved,IT Support,resolution provided
EV005086,TKT-100753,2026-09-02T12:25:10+05:30,first_response,AGT010,Assigned,In Progress,Academics & Exams,
EV003681,TKT-100546,2026-08-22T17:36:40+05:30,status_change,AGT012,In Progress,Resolved,Library,resolution provided
EV006225,TKT-100928,2026-09-10T20:06:51+05:30,reminder_sent,SYSTEM,,,Academics & Exams,auto-reminder: no response in 24h
EV003112,TKT-100461,2026-08-17T11:06:53+05:30,reminder_sent,SYSTEM,,,IT Support,auto-reminder: no response in 24h
EV003729,TKT-100553,2026-08-22T17:13:25+05:30,reminder_sent,SYSTEM,,,Fees & Finance,auto-reminder: no response in 24h
EV001380,TKT-100211,2026-08-06T17:27:50+05:30,reassigned,AGT014,In Progress,Assigned,Fees & Finance,from=Hostel & Maintenance; assigned_to=AGT008
EV005681,TKT-100843,2026-09-08T08:07:40+05:30,status_change,AGT001,In Progress,Waiting on Student,IT Support,asked student for details
EV005696,TKT-100845,2026-09-09T13:42:01+05:30,status_change,AGT010,In Progress,Resolved,Academics & Exams,resolution provided
EV004325,TKT-100639,2026-09-04T09:00:00+05:30,status_change,SYSTEM,Resolved,Closed,Academics & Exams,auto-closed 3 days after resolution
EV000940,TKT-100140,2026-08-04T10:00:00+05:30,escalated,AGT015,,,Academics & Exams,open > 48h in daily review
EV005034,TKT-100746,2026-09-01T09:20:56+05:30,created,STU25071,,New,,channel=portal
EV001492,TKT-100226,2026-08-13T12:08:05+05:30,status_change,SYSTEM,Resolved,Closed,Hostel & Maintenance,auto-closed 3 days after resolution
EV006318,TKT-100944,2026-09-12T09:03:33+05:30,reminder_sent,SYSTEM,,,Academics & Exams,auto-reminder: no response in 24h
EV001307,TKT-100199,2026-08-05T21:36:44+05:30,reminder_sent,SYSTEM,,,Fees & Finance,auto-reminder: no response in 24h
EV000049,TKT-100007,2026-07-30T13:55:16+05:30,first_response,AGT009,Assigned,In Progress,Fees & Finance,
EV000495,TKT-100076,2026-08-03T10:00:00+05:30,escalated,AGT015,,,Fees & Finance,open > 48h in daily review
EV006474,TKT-100967,2026-09-12T08:42:10+05:30,status_change,AGT001,In Progress,Resolved,IT Support,resolution provided
EV002409,TKT-100360,2026-08-11T16:59:09+05:30,first_response,AGT001,Assigned,In Progress,IT Support,
EV006088,TKT-100907,2026-09-10T17:59:12+05:30,reminder_sent,SYSTEM,,,Hostel & Maintenance,auto-reminder: no response in 24h
EV003306,TKT-100489,2026-08-27T10:08:17+05:30,status_change,SYSTEM,Resolved,Closed,Library,auto-closed 3 days after resolution
EV004727,TKT-100699,2026-08-30T19:49:32+05:30,created,STU25271,,New,,channel=email
EV005965,TKT-100888,2026-09-08T14:31:07+05:30,assigned,AGT014,New,Assigned,Library,assigned_to=AGT012
EV000118,TKT-100019,2026-07-27T22:40:02+05:30,created,STU24383,,New,,channel=portal
EV002284,TKT-100342,2026-08-10T13:13:18+05:30,created,STU24774,,New,,channel=walk_in
EV005232,TKT-100775,2026-09-03T20:14:46+05:30,reminder_sent,SYSTEM,,,Fees & Finance,auto-reminder: no response in 24h
EV002083,TKT-100313,2026-08-09T15:25:59+05:30,assigned,SYSTEM,New,Assigned,IT Support,assigned_to=AGT001
EV006804,TKT-101014,2026-09-15T10:00:00+05:30,escalated,AGT015,,,Hostel & Maintenance,open > 48h in daily review
EV005037,TKT-100746,2026-09-02T09:45:37+05:30,first_response,AGT009,Assigned,In Progress,Fees & Finance,
EV003856,TKT-100572,2026-09-03T09:00:00+05:30,status_change,AGT008,In Progress,Resolved,Fees & Finance,resolution provided
EV003890,TKT-100576,2026-08-22T17:12:27+05:30,created,STU25445,,New,,channel=email
EV003236,TKT-100480,2026-08-17T15:18:20+05:30,assigned,SYSTEM,New,Assigned,IT Support,assigned_to=AGT001
EV007062,TKT-101056,2026-09-18T10:00:00+05:30,escalated,AGT015,,,IT Support,open > 48h in daily review
EV006904,TKT-101030,2026-09-14T08:42:21+05:30,created,STU24892,,New,,channel=email
EV006460,TKT-100965,2026-09-14T15:03:51+05:30,status_change,AGT005,In Progress,Resolved,Hostel & Maintenance,resolution provided
EV002452,TKT-100367,2026-08-14T16:30:48+05:30,status_change,AGT002,In Progress,Resolved,IT Support,resolution provided
EV003721,TKT-100552,2026-08-22T14:30:57+05:30,first_response,AGT006,Assigned,In Progress,Hostel & Maintenance,
EV005361,TKT-100795,2026-09-10T09:00:00+05:30,status_change,AGT011,In Progress,Resolved,Academics & Exams,resolution provided
EV001647,TKT-100249,2026-08-07T13:36:11+05:30,created,STU24363,,New,,channel=email
EV001124,TKT-100168,2026-08-03T20:28:28+05:30,assigned,SYSTEM,New,Assigned,IT Support,assigned_to=AGT001
EV001401,TKT-100214,2026-08-05T10:45:46+05:30,assigned,SYSTEM,New,Assigned,Hostel & Maintenance,assigned_to=AGT005
EV006074,TKT-100905,2026-09-09T14:54:34+05:30,first_response,AGT010,Assigned,In Progress,Academics & Exams,
EV003635,TKT-100539,2026-08-20T14:27:50+05:30,assigned,AGT013,New,Assigned,Hostel & Maintenance,assigned_to=AGT006
EV002671,TKT-100399,2026-08-18T09:18:38+05:30,agent_response,AGT008,Assigned,In Progress,Fees & Finance,
EV003994,TKT-100590,2026-08-31T08:00:00+05:30,status_change,SYSTEM,Resolved,Closed,IT Support,auto-closed 3 days after resolution
EV000556,TKT-100086,2026-08-03T10:00:00+05:30,escalated,AGT015,,,Hostel & Maintenance,open > 48h in daily review
EV000284,TKT-100044,2026-08-02T11:15:02+05:30,status_change,SYSTEM,Resolved,Closed,IT Support,auto-closed 3 days after resolution
EV003493,TKT-100516,2026-08-20T13:06:47+05:30,status_change,STU25613,Waiting on Student,In Progress,IT Support,student replied
EV000326,TKT-100052,2026-07-28T22:59:54+05:30,assigned,SYSTEM,New,Assigned,Hostel & Maintenance,assigned_to=AGT005
EV002795,TKT-100417,2026-08-14T11:43:25+05:30,status_change,AGT012,In Progress,Waiting on Student,Library,asked student for details
EV003789,TKT-100562,2026-08-22T08:33:35+05:30,first_response,AGT004,Assigned,In Progress,IT Support,
EV006545,TKT-100978,2026-09-12T18:18:51+05:30,status_change,AGT007,In Progress,Resolved,Hostel & Maintenance,resolution provided
EV003044,TKT-100451,2026-08-21T19:16:56+05:30,status_change,STU24807,Waiting on Student,In Progress,Hostel & Maintenance,student replied
EV006830,TKT-101019,2026-09-14T12:28:21+05:30,status_change,AGT004,In Progress,Waiting on Student,IT Support,asked student for details
EV003805,TKT-100564,2026-08-22T19:42:44+05:30,status_change,AGT006,In Progress,Resolved,Hostel & Maintenance,resolution provided
EV002843,TKT-100424,2026-08-15T09:18:34+05:30,first_response,AGT007,Assigned,In Progress,Hostel & Maintenance,
EV001153,TKT-100173,2026-08-06T13:19:24+05:30,status_change,AGT004,In Progress,Resolved,IT Support,resolution provided
EV003674,TKT-100545,2026-08-24T10:00:00+05:30,escalated,AGT015,,,IT Support,open > 48h in daily review
EV007258,TKT-101087,2026-09-16T19:01:31+05:30,created,STU24052,,New,,channel=portal
EV004471,TKT-100662,2026-08-31T10:00:00+05:30,escalated,AGT015,,,Academics & Exams,open > 48h in daily review
EV005248,TKT-100777,2026-09-07T14:27:51+05:30,status_change,AGT005,In Progress,Resolved,Hostel & Maintenance,resolution provided
EV000497,TKT-100076,2026-08-13T09:00:00+05:30,status_change,SYSTEM,Resolved,Closed,Fees & Finance,auto-closed 3 days after resolution
EV002809,TKT-100419,2026-08-24T15:02:10+05:30,status_change,STU24911,Waiting on Student,In Progress,Academics & Exams,student replied
EV001130,TKT-100169,2026-08-04T13:14:24+05:30,first_response,AGT001,Assigned,In Progress,IT Support,
EV005771,TKT-100857,2026-09-08T01:33:28+05:30,status_change,STU24464,Waiting on Student,In Progress,IT Support,student replied
EV004778,TKT-100706,2026-09-02T10:00:00+05:30,escalated,AGT015,,,Academics & Exams,open > 48h in daily review
EV003950,TKT-100584,2026-08-27T14:04:18+05:30,status_change,AGT010,In Progress,Resolved,Academics & Exams,resolution provided
EV008016,TKT-9000011,2026-08-18T09:33:49+05:30,assigned,SYSTEM,New,Assigned,Hostel & Maintenance,assigned_to=AGT006
EV007020,TKT-101049,2026-09-14T17:30:50+05:30,status_change,AGT004,In Progress,Waiting on Student,IT Support,asked student for details
EV000771,TKT-100116,2026-07-31T14:48:18+05:30,first_response,AGT005,Assigned,In Progress,Hostel & Maintenance,
EV006777,TKT-101011,2026-09-19T10:55:31+05:30,status_change,SYSTEM,Resolved,Closed,Fees & Finance,auto-closed 3 days after resolution
EV002429,TKT-100364,2026-08-12T16:56:09+05:30,first_response,AGT005,Assigned,In Progress,Hostel & Maintenance,
EV005392,TKT-100800,2026-09-14T08:00:00+05:30,status_change,AGT007,In Progress,Resolved,Hostel & Maintenance,resolution provided
EV003392,TKT-100503,2026-08-18T21:27:42+05:30,assigned,SYSTEM,New,Assigned,Academics & Exams,assigned_to=AGT011
EV003352,TKT-100496,2026-08-20T10:00:00+05:30,escalated,AGT015,,,Hostel & Maintenance,open > 48h in daily review
EV001865,TKT-100279,2026-08-10T12:04:22+05:30,status_change,AGT002,In Progress,Resolved,IT Support,resolution provided
EV000218,TKT-100034,2026-08-01T04:42:14+05:30,status_change,STU24981,Waiting on Student,In Progress,Academics & Exams,student replied
EV000343,TKT-100054,2026-07-29T18:16:21+05:30,assigned,SYSTEM,New,Assigned,Library,assigned_to=AGT012
EV006327,TKT-100945,2026-09-15T09:58:17+05:30,status_change,AGT005,Reopened,Resolved,Hostel & Maintenance,resolved after reopen
EV003475,TKT-100514,2026-08-19T22:01:47+05:30,created,STU24071,,New,,channel=portal
EV003240,TKT-100480,2026-08-20T10:00:00+05:30,escalated,AGT015,,,Academics & Exams,open > 48h in daily review
EV001498,TKT-100227,2026-08-07T16:22:05+05:30,status_change,AGT002,In Progress,Resolved,IT Support,resolution provided
EV005213,TKT-100772,2026-09-12T09:00:00+05:30,status_change,SYSTEM,Resolved,Closed,Fees & Finance,auto-closed 3 days after resolution
EV001137,TKT-100170,2026-08-08T17:17:37+05:30,status_change,SYSTEM,Resolved,Closed,Hostel & Maintenance,auto-closed 3 days after resolution
EV000809,TKT-100121,2026-08-04T12:42:44+05:30,status_change,AGT009,In Progress,Resolved,Fees & Finance,resolution provided
EV006060,TKT-100903,2026-09-11T06:02:48+05:30,first_response,AGT008,Assigned,In Progress,Fees & Finance,
EV003865,TKT-100573,2026-08-27T16:13:04+05:30,status_change,AGT006,Reopened,Resolved,Hostel & Maintenance,resolved after reopen
EV007001,TKT-101045,2026-09-17T19:37:16+05:30,status_change,SYSTEM,Resolved,Closed,IT Support,auto-closed 3 days after resolution
EV000039,TKT-100005,2026-08-03T10:32:19+05:30,status_change,SYSTEM,Resolved,Closed,IT Support,auto-closed 3 days after resolution
EV000949,TKT-100141,2026-08-09T09:00:00+05:30,status_change,SYSTEM,Resolved,Closed,Fees & Finance,auto-closed 3 days after resolution
EV002256,TKT-100338,2026-08-11T11:33:54+05:30,status_change,AGT002,In Progress,Waiting on Student,IT Support,asked student for details
EV004455,TKT-100660,2026-08-27T14:27:26+05:30,first_response,AGT003,Assigned,In Progress,IT Support,
EV007315,TKT-101097,2026-09-17T18:08:21+05:30,status_change,AGT002,In Progress,Resolved,IT Support,resolution provided
EV003309,TKT-100490,2026-08-18T15:01:10+05:30,first_response,AGT001,Assigned,In Progress,IT Support,
EV000440,TKT-100069,2026-08-03T22:03:25+05:30,status_change,STU24787,Resolved,Reopened,Fees & Finance,student: issue not fixed
EV005293,TKT-100784,2026-09-07T10:00:00+05:30,escalated,AGT015,,,Library,open > 48h in daily review
EV001997,TKT-100298,2026-08-13T13:32:55+05:30,status_change,SYSTEM,Resolved,Closed,IT Support,auto-closed 3 days after resolution
EV006732,TKT-101004,2026-09-15T16:35:46+05:30,status_change,SYSTEM,Resolved,Closed,IT Support,auto-closed 3 days after resolution
EV006775,TKT-101011,2026-09-16T10:00:00+05:30,escalated,AGT015,,,Fees & Finance,open > 48h in daily review
EV007293,TKT-101093,2026-09-17T08:36:03+05:30,reminder_sent,SYSTEM,,,Academics & Exams,auto-reminder: no response in 24h
EV005063,TKT-100750,2026-09-01T11:39:53+05:30,created,STU24660,,New,,channel=portal
EV006078,TKT-100905,2026-09-13T18:14:09+05:30,status_change,SYSTEM,Resolved,Closed,IT Support,auto-closed 3 days after resolution
EV007519,TKT-101133,2026-09-18T14:09:53+05:30,first_response,AGT007,Assigned,In Progress,Hostel & Maintenance,
EV006840,TKT-101020,2026-09-17T19:16:38+05:30,status_change,SYSTEM,Resolved,Closed,IT Support,auto-closed 3 days after resolution
EV000724,TKT-100110,2026-08-01T19:47:41+05:30,status_change,STU25525,Waiting on Student,In Progress,Library,student replied
EV006963,TKT-101039,2026-09-18T06:51:10+05:30,status_change,STU24946,Waiting on Student,In Progress,Fees & Finance,student replied
EV001762,TKT-100265,2026-08-07T15:50:59+05:30,first_response,AGT002,Assigned,In Progress,IT Support,
EV003948,TKT-100584,2026-08-27T11:53:45+05:30,status_change,STU25097,Waiting on Student,In Progress,Academics & Exams,student replied
EV003535,TKT-100522,2026-08-23T09:49:47+05:30,status_change,SYSTEM,Resolved,Closed,IT Support,auto-closed 3 days after resolution
EV004252,TKT-100628,2026-08-28T09:26:21+05:30,status_change,AGT004,In Progress,Resolved,IT Support,resolution provided
EV003072,TKT-100455,2026-08-18T10:00:00+05:30,escalated,AGT015,,,Academics & Exams,open > 48h in daily review
EV004214,TKT-100623,2026-08-28T10:00:00+05:30,escalated,AGT015,,,Hostel & Maintenance,open > 48h in daily review
EV000131,TKT-100021,2026-07-28T10:25:53+05:30,status_change,AGT001,In Progress,Resolved,IT Support,resolution provided
EV001469,TKT-100223,2026-08-11T09:57:49+05:30,status_change,SYSTEM,Resolved,Closed,IT Support,auto-closed 3 days after resolution
EV006560,TKT-100981,2026-09-11T13:47:52+05:30,created,STU24555,,New,,channel=portal
EV007390,TKT-101109,2026-09-17T14:56:13+05:30,status_change,AGT003,In Progress,Resolved,IT Support,resolution provided
EV002003,TKT-100299,2026-08-11T10:00:00+05:30,escalated,AGT015,,,Fees & Finance,open > 48h in daily review
EV003195,TKT-100473,2026-08-27T12:42:01+05:30,status_change,SYSTEM,Resolved,Closed,Fees & Finance,auto-closed 3 days after resolution
EV006760,TKT-101009,2026-09-15T10:00:00+05:30,escalated,AGT015,,,Fees & Finance,open > 48h in daily review
EV003483,TKT-100515,2026-08-19T15:45:38+05:30,reassigned,AGT014,In Progress,Assigned,Hostel & Maintenance,from=Library; assigned_to=AGT007
EV008019,TKT-9000014,2026-09-15T16:49:26+05:30,assigned,SYSTEM,New,Assigned,Library,assigned_to=AGT012
EV002338,TKT-100349,2026-09-03T09:00:00+05:30,status_change,SYSTEM,Resolved,Closed,Fees & Finance,auto-closed 3 days after resolution
EV004192,TKT-100620,2026-08-25T11:53:41+05:30,created,STU25084,,New,,channel=portal
EV003517,TKT-100520,2026-08-19T15:49:53+05:30,created,STU25054,,New,,channel=email
EV007123,TKT-101065,2026-09-17T10:05:42+05:30,agent_response,AGT008,Assigned,In Progress,Fees & Finance,
EV000912,TKT-100137,2026-08-02T17:55:54+05:30,created,STU25342,,New,,channel=email
EV004601,TKT-100680,2026-08-31T18:11:23+05:30,first_response,AGT009,Assigned,In Progress,Fees & Finance,
EV006435,TKT-100962,2026-09-18T15:15:36+05:30,status_change,SYSTEM,Resolved,Closed,Fees & Finance,auto-closed 3 days after resolution
EV003660,TKT-100543,2026-08-21T14:43:12+05:30,assigned,AGT014,New,Assigned,IT Support,assigned_to=AGT001
EV007583,TKT-101145,2026-09-18T17:17:46+05:30,assigned,AGT013,New,Assigned,Hostel & Maintenance,assigned_to=AGT005
EV007968,TKT-101212,2026-08-10T23:24:40+05:30,status_change,AGT013,New,Cancelled,,duplicate of earlier ticket
EV006051,TKT-100901,2026-09-14T10:25:40+05:30,status_change,SYSTEM,Resolved,Closed,Hostel & Maintenance,auto-closed 3 days after resolution
EV003898,TKT-100576,2026-08-28T12:21:48+05:30,status_change,SYSTEM,Resolved,Closed,Library,auto-closed 3 days after resolution
EV001566,TKT-100236,2026-08-16T09:00:00+05:30,status_change,SYSTEM,Resolved,Closed,Fees & Finance,auto-closed 3 days after resolution
EV005029,TKT-100745,2026-09-02T08:32:44+05:30,reminder_sent,SYSTEM,,,Fees & Finance,auto-reminder: no response in 24h
EV002131,TKT-100320,2026-08-10T19:42:01+05:30,first_response,AGT005,Assigned,In Progress,Hostel & Maintenance,
EV007292,TKT-101093,2026-09-16T08:36:03+05:30,assigned,SYSTEM,New,Assigned,Academics & Exams,assigned_to=AGT010
EV002580,TKT-100385,2026-08-12T15:38:58+05:30,first_response,AGT010,Assigned,In Progress,Academics & Exams,
EV003559,TKT-100526,2026-08-24T10:00:00+05:30,escalated,AGT015,,,Library,open > 48h in daily review
EV005631,TKT-100836,2026-09-07T09:08:13+05:30,first_response,AGT004,Assigned,In Progress,IT Support,
EV004383,TKT-100649,2026-08-27T16:13:16+05:30,assigned,SYSTEM,New,Assigned,Fees & Finance,assigned_to=AGT008
EV001681,TKT-100253,2026-08-10T13:57:01+05:30,status_change,AGT008,In Progress,Resolved,Fees & Finance,resolution provided
EV006552,TKT-100979,2026-09-15T09:00:00+05:30,status_change,AGT008,In Progress,Resolved,Fees & Finance,resolution provided
EV006429,TKT-100962,2026-09-12T14:11:39+05:30,reminder_sent,SYSTEM,,,Fees & Finance,auto-reminder: no response in 24h
EV001011,TKT-100151,2026-08-03T11:21:02+05:30,first_response,AGT004,Assigned,In Progress,IT Support,
EV002664,TKT-100398,2026-08-18T13:14:22+05:30,status_change,SYSTEM,Resolved,Closed,Hostel & Maintenance,auto-closed 3 days after resolution
EV001664,TKT-100251,2026-08-11T16:04:55+05:30,first_response,AGT009,Assigned,In Progress,Fees & Finance,
EV001883,TKT-100282,2026-08-08T20:17:15+05:30,created,STU25057,,New,,channel=portal
EV006011,TKT-100896,2026-09-08T17:02:48+05:30,assigned,AGT014,New,Assigned,Academics & Exams,assigned_to=AGT010
EV004124,TKT-100609,2026-08-25T13:18:51+05:30,assigned,AGT014,New,Assigned,IT Support,assigned_to=AGT003
EV003751,TKT-100556,2026-08-24T02:02:24+05:30,first_response,AGT008,Assigned,In Progress,Fees & Finance,
EV002143,TKT-100322,2026-08-11T09:00:45+05:30,assigned,AGT013,New,Assigned,Fees & Finance,assigned_to=AGT008
EV003122,TKT-100463,2026-08-16T21:45:18+05:30,assigned,SYSTEM,New,Assigned,Library,assigned_to=AGT012
EV002724,TKT-100407,2026-08-17T10:01:31+05:30,status_change,SYSTEM,Resolved,Closed,IT Support,auto-closed 3 days after resolution
EV000421,TKT-100067,2026-07-29T15:46:09+05:30,assigned,AGT014,New,Assigned,Academics & Exams,assigned_to=AGT011
EV000071,TKT-100011,2026-07-28T11:23:15+05:30,assigned,AGT013,New,Assigned,IT Support,assigned_to=AGT003
EV006064,TKT-100903,2026-09-14T14:43:01+05:30,status_change,AGT008,In Progress,Resolved,Fees & Finance,resolution provided
EV005566,TKT-100826,2026-09-10T15:49:52+05:30,status_change,SYSTEM,Resolved,Closed,IT Support,auto-closed 3 days after resolution
EV004444,TKT-100658,2026-08-28T12:45:22+05:30,assigned,AGT013,New,Assigned,IT Support,assigned_to=AGT001
EV001836,TKT-100275,2026-08-09T00:31:03+05:30,status_change,STU25220,Waiting on Student,In Progress,IT Support,student replied
EV003886,TKT-100575,2026-08-25T13:52:53+05:30,status_change,STU25022,Waiting on Student,In Progress,IT Support,student replied
EV006041,TKT-100900,2026-09-09T16:41:00+05:30,first_response,AGT003,Assigned,In Progress,IT Support,
EV003733,TKT-100553,2026-08-24T10:00:00+05:30,escalated,AGT015,,,Fees & Finance,open > 48h in daily review
EV002740,TKT-100409,2026-08-19T13:46:45+05:30,status_change,AGT007,Reopened,Resolved,Hostel & Maintenance,resolved after reopen
EV004945,TKT-100732,2026-08-31T13:00:29+05:30,assigned,SYSTEM,New,Assigned,IT Support,assigned_to=AGT003
EV002506,TKT-100374,2026-08-20T10:05:47+05:30,status_change,SYSTEM,Resolved,Closed,Hostel & Maintenance,auto-closed 3 days after resolution
EV004051,TKT-100598,2026-09-08T00:36:09+05:30,status_change,STU24232,Resolved,Reopened,Academics & Exams,student: issue not fixed
EV006167,TKT-100920,2026-09-09T12:23:14+05:30,assigned,AGT013,New,Assigned,Hostel & Maintenance,assigned_to=AGT007
EV006252,TKT-100933,2026-09-10T08:12:05+05:30,assigned,SYSTEM,New,Assigned,Hostel & Maintenance,assigned_to=AGT005
EV003316,TKT-100491,2026-08-21T13:06:41+05:30,status_change,SYSTEM,Resolved,Closed,IT Support,auto-closed 3 days after resolution
EV003573,TKT-100528,2026-08-24T11:39:17+05:30,status_change,SYSTEM,Resolved,Closed,Fees & Finance,auto-closed 3 days after resolution
EV001284,TKT-100195,2026-08-04T07:45:15+05:30,created,STU25163,,New,,channel=email
EV001975,TKT-100294,2026-08-15T09:00:00+05:30,status_change,SYSTEM,Resolved,Closed,Library,auto-closed 3 days after resolution
EV001880,TKT-100281,2026-08-11T10:00:00+05:30,escalated,AGT015,,,Hostel & Maintenance,open > 48h in daily review
EV001693,TKT-100255,2026-08-07T11:12:29+05:30,status_change,AGT003,In Progress,Resolved,IT Support,resolution provided
EV006550,TKT-100979,2026-09-13T22:33:33+05:30,first_response,AGT008,Assigned,In Progress,Fees & Finance,
EV002882,TKT-100429,2026-08-18T12:33:48+05:30,status_change,AGT004,In Progress,Resolved,IT Support,resolution provided
EV005506,TKT-100817,2026-09-04T15:23:00+05:30,status_change,AGT003,In Progress,Waiting on Student,IT Support,asked student for details
EV002187,TKT-100328,2026-08-11T13:28:15+05:30,reassigned,AGT014,In Progress,Assigned,Hostel & Maintenance,from=IT Support; assigned_to=AGT007
EV006807,TKT-101015,2026-09-13T11:46:33+05:30,created,STU25699,,New,,channel=email
EV007133,TKT-101067,2026-09-15T09:51:11+05:30,created,STU24286,,New,,channel=portal
EV005046,TKT-100747,2026-09-04T10:00:00+05:30,escalated,AGT015,,,Hostel & Maintenance,open > 48h in daily review
EV004329,TKT-100640,2026-08-28T15:37:11+05:30,status_change,AGT004,In Progress,Resolved,IT Support,resolution provided
EV001279,TKT-100194,2026-08-04T13:08:55+05:30,created,STU24388,,New,,channel=email
EV004193,TKT-100620,2026-08-25T11:57:55+05:30,assigned,AGT013,New,Assigned,Academics & Exams,assigned_to=AGT011
EV007034,TKT-101051,2026-09-19T12:26:50+05:30,status_change,SYSTEM,Waiting on Student,Closed - No Response,Academics & Exams,auto-closed after 72h without student reply
EV002435,TKT-100365,2026-08-11T16:58:55+05:30,first_response,AGT002,Assigned,In Progress,IT Support,
EV003258,TKT-100483,2026-08-18T16:01:54+05:30,first_response,AGT003,Assigned,In Progress,IT Support,
EV002543,TKT-100379,2026-08-15T19:24:02+05:30,status_change,AGT004,In Progress,Resolved,IT Support,resolution provided
EV002497,TKT-100373,2026-08-14T14:30:18+05:30,status_change,AGT007,In Progress,Resolved,Hostel & Maintenance,resolution provided
EV005815,TKT-100864,2026-09-07T16:07:54+05:30,assigned,SYSTEM,New,Assigned,IT Support,assigned_to=AGT003
EV004914,TKT-100727,2026-08-31T14:50:53+05:30,first_response,AGT006,Assigned,In Progress,Hostel & Maintenance,
EV006916,TKT-101032,2026-09-14T14:23:16+05:30,first_response,AGT001,Assigned,In Progress,IT Support,
EV005556,TKT-100825,2026-09-05T13:23:32+05:30,created,STU24181,,New,,channel=portal
EV007284,TKT-101092,2026-09-16T14:41:52+05:30,created,STU25164,,New,,channel=portal
EV004666,TKT-100689,2026-09-01T10:00:00+05:30,escalated,AGT015,,,IT Support,open > 48h in daily review
EV004053,TKT-100598,2026-09-11T15:15:51+05:30,status_change,SYSTEM,Resolved,Closed,Academics & Exams,auto-closed 3 days after resolution
EV006334,TKT-100947,2026-09-10T14:25:35+05:30,created,STU24596,,New,,channel=walk_in
EV005613,TKT-100833,2026-09-13T09:00:00+05:30,status_change,SYSTEM,Resolved,Closed,Fees & Finance,auto-closed 3 days after resolution
EV003128,TKT-100463,2026-08-18T19:06:37+05:30,status_change,AGT001,In Progress,Resolved,IT Support,resolution provided
EV002650,TKT-100397,2026-08-13T15:33:44+05:30,created,STU25334,,New,,channel=email
EV002725,TKT-100408,2026-08-13T12:40:07+05:30,created,STU25472,,New,,channel=portal
EV003196,TKT-100474,2026-08-17T13:46:33+05:30,created,STU25553,,New,,channel=portal
EV004095,TKT-100604,2026-08-24T12:03:58+05:30,assigned,AGT014,New,Assigned,IT Support,assigned_to=AGT004
EV004270,TKT-100631,2026-08-31T11:31:14+05:30,status_change,SYSTEM,Waiting on Student,Closed - No Response,Academics & Exams,auto-closed after 72h without student reply
EV007564,TKT-101142,2026-09-18T11:53:08+05:30,assigned,SYSTEM,New,Assigned,Academics & Exams,assigned_to=AGT010
EV003685,TKT-100547,2026-08-21T10:59:44+05:30,first_response,AGT011,Assigned,In Progress,Academics & Exams,
EV004231,TKT-100625,2026-09-10T09:00:00+05:30,status_change,SYSTEM,Resolved,Closed,Fees & Finance,auto-closed 3 days after resolution
EV007357,TKT-101104,2026-09-20T12:13:30+05:30,status_change,SYSTEM,Resolved,Closed,IT Support,auto-closed 3 days after resolution
EV005612,TKT-100833,2026-09-10T09:00:00+05:30,status_change,AGT009,In Progress,Resolved,Fees & Finance,resolution provided
EV004828,TKT-100714,2026-08-31T20:50:19+05:30,created,STU25610,,New,,channel=portal
EV003922,TKT-100580,2026-08-23T20:39:26+05:30,reminder_sent,SYSTEM,,,IT Support,auto-reminder: no response in 24h
EV006710,TKT-101001,2026-09-18T17:15:59+05:30,agent_response,AGT012,Assigned,In Progress,Library,
EV000050,TKT-100007,2026-07-30T10:00:00+05:30,escalated,AGT015,,,Fees & Finance,open > 48h in daily review
EV007355,TKT-101104,2026-09-17T10:21:09+05:30,first_response,AGT002,Assigned,In Progress,IT Support,
EV000414,TKT-100066,2026-07-30T09:13:34+05:30,assigned,AGT013,New,Assigned,Hostel & Maintenance,assigned_to=AGT005
EV003388,TKT-100502,2026-08-21T10:00:00+05:30,escalated,AGT015,,,Fees & Finance,open > 48h in daily review
EV002147,TKT-100322,2026-08-13T13:51:40+05:30,status_change,AGT008,In Progress,Resolved,Fees & Finance,resolution provided
EV007453,TKT-101122,2026-09-17T23:51:36+05:30,created,STU25221,,New,,channel=portal
EV000715,TKT-100109,2026-08-03T15:49:12+05:30,status_change,AGT006,In Progress,Waiting on Student,Hostel & Maintenance,asked student for details
EV000997,TKT-100149,2026-08-04T12:43:57+05:30,reminder_sent,SYSTEM,,,Fees & Finance,auto-reminder: no response in 24h
EV001270,TKT-100192,2026-08-07T10:00:00+05:30,escalated,AGT015,,,Fees & Finance,open > 48h in daily review
EV007260,TKT-101087,2026-09-16T19:15:06+05:30,first_response,AGT001,Assigned,In Progress,IT Support,
EV002032,TKT-100304,2026-08-09T17:50:21+05:30,created,STU25174,,New,,channel=portal
EV006829,TKT-101019,2026-09-14T08:32:57+05:30,first_response,AGT004,Assigned,In Progress,IT Support,
EV002087,TKT-100313,2026-08-10T14:57:03+05:30,status_change,AGT001,In Progress,Resolved,IT Support,resolution provided
EV004289,TKT-100634,2026-08-31T13:12:43+05:30,status_change,SYSTEM,Resolved,Closed,Fees & Finance,auto-closed 3 days after resolution
EV003054,TKT-100453,2026-08-15T18:13:55+05:30,created,STU24253,,New,,channel=portal
EV005440,TKT-100807,2026-09-05T11:16:29+05:30,reminder_sent,SYSTEM,,,Fees & Finance,auto-reminder: no response in 24h
EV003420,TKT-100506,2026-08-19T15:37:46+05:30,status_change,AGT003,In Progress,Resolved,IT Support,resolution provided
EV000192,TKT-100030,2026-07-29T13:50:24+05:30,status_change,AGT007,In Progress,Waiting on Student,Hostel & Maintenance,asked student for details
EV006629,TKT-100991,2026-09-12T11:14:02+05:30,created,STU24420,,New,,channel=email
EV001957,TKT-100292,2026-08-08T11:52:21+05:30,created,STU25373,,New,,channel=portal
EV005136,TKT-100760,2026-09-02T12:42:00+05:30,reassigned,AGT013,In Progress,Assigned,Hostel & Maintenance,from=Academics & Exams; assigned_to=AGT005
EV004267,TKT-100631,2026-08-26T12:20:27+05:30,assigned,SYSTEM,New,Assigned,Academics & Exams,assigned_to=AGT010
EV001251,TKT-100189,2026-08-04T13:50:34+05:30,first_response,AGT003,Assigned,In Progress,IT Support,
EV002623,TKT-100391,2026-08-16T18:36:45+05:30,status_change,SYSTEM,Resolved,Closed,IT Support,auto-closed 3 days after resolution
EV000922,TKT-100138,2026-08-04T19:23:31+05:30,first_response,AGT011,Assigned,In Progress,Academics & Exams,
EV007644,TKT-101154,2026-09-20T23:19:10+05:30,status_change,STU25009,Resolved,Reopened,IT Support,student: issue not fixed
EV006421,TKT-100961,2026-09-11T13:12:19+05:30,assigned,SYSTEM,New,Assigned,IT Support,assigned_to=AGT002
EV002344,TKT-100350,2026-08-13T12:21:57+05:30,status_change,AGT004,In Progress,Resolved,IT Support,resolution provided
EV003307,TKT-100490,2026-08-18T13:21:21+05:30,created,STU25494,,New,,channel=portal
EV003230,TKT-100479,2026-08-18T09:26:54+05:30,assigned,AGT013,New,Assigned,Hostel & Maintenance,assigned_to=AGT006
EV000932,TKT-100139,2026-08-04T19:42:33+05:30,status_change,AGT001,In Progress,Resolved,IT Support,resolution provided
EV005765,TKT-100856,2026-09-10T09:00:00+05:30,status_change,AGT008,In Progress,Resolved,Fees & Finance,resolution provided
EV000243,TKT-100038,2026-07-29T15:53:20+05:30,first_response,AGT004,Assigned,In Progress,IT Support,
EV000248,TKT-100039,2026-07-28T15:53:44+05:30,first_response,AGT012,Assigned,In Progress,Library,
EV006753,TKT-101008,2026-09-14T12:21:22+05:30,first_response,AGT001,Assigned,In Progress,IT Support,
EV007295,TKT-101093,2026-09-18T10:00:00+05:30,escalated,AGT015,,,Academics & Exams,open > 48h in daily review
EV001489,TKT-100226,2026-08-07T18:19:45+05:30,status_change,STU24606,Waiting on Student,In Progress,Hostel & Maintenance,student replied
EV005230,TKT-100775,2026-09-02T20:02:41+05:30,created,STU24602,,New,,channel=portal
EV001988,TKT-100297,2026-08-08T15:11:28+05:30,created,STU24318,,New,,channel=portal
EV003884,TKT-100575,2026-08-25T11:23:05+05:30,first_response,AGT001,Assigned,In Progress,IT Support,
EV004965,TKT-100735,2026-09-01T18:41:50+05:30,first_response,AGT005,Assigned,In Progress,Hostel & Maintenance,
EV005994,TKT-100893,2026-09-09T09:01:23+05:30,assigned,AGT013,New,Assigned,Hostel & Maintenance,assigned_to=AGT005
EV003405,TKT-100504,2026-08-19T13:17:16+05:30,first_response,AGT011,Assigned,In Progress,Academics & Exams,
EV004656,TKT-100688,2026-08-29T10:22:29+05:30,created,STU25157,,New,,channel=email
EV001113,TKT-100166,2026-08-03T10:32:02+05:30,first_response,AGT012,Assigned,In Progress,Library,
EV001834,TKT-100275,2026-08-08T18:04:27+05:30,first_response,AGT001,Assigned,In Progress,IT Support,
EV005527,TKT-100820,2026-09-04T17:44:15+05:30,assigned,AGT013,New,Assigned,Library,assigned_to=AGT012
EV003356,TKT-100497,2026-08-18T12:13:46+05:30,assigned,SYSTEM,New,Assigned,Hostel & Maintenance,assigned_to=AGT007
EV000150,TKT-100024,2026-07-30T10:45:59+05:30,status_change,AGT009,In Progress,Resolved,Fees & Finance,resolution provided
EV003331,TKT-100494,2026-08-18T16:37:22+05:30,created,STU24026,,New,,channel=email
EV001648,TKT-100249,2026-08-07T13:38:15+05:30,assigned,AGT014,New,Assigned,Hostel & Maintenance,assigned_to=AGT006
EV001666,TKT-100251,2026-08-17T09:00:00+05:30,status_change,AGT009,In Progress,Resolved,Fees & Finance,resolution provided
EV003719,TKT-100552,2026-08-21T13:35:47+05:30,assigned,SYSTEM,New,Assigned,Hostel & Maintenance,assigned_to=AGT006
EV004585,TKT-100678,2026-08-28T12:30:09+05:30,created,STU24360,,New,,channel=email
EV005314,TKT-100787,2026-09-05T14:52:12+05:30,status_change,AGT007,In Progress,Resolved,Hostel & Maintenance,resolution provided
EV006486,TKT-100969,2026-09-14T10:00:00+05:30,escalated,AGT015,,,IT Support,open > 48h in daily review
EV002637,TKT-100394,2026-08-13T13:01:21+05:30,first_response,AGT001,Assigned,In Progress,IT Support,
EV001685,TKT-100254,2026-08-08T15:54:34+05:30,reminder_sent,SYSTEM,,,Academics & Exams,auto-reminder: no response in 24h
EV000739,TKT-100112,2026-08-03T10:00:00+05:30,escalated,AGT015,,,Fees & Finance,open > 48h in daily review
EV001910,TKT-100285,2026-08-17T15:22:46+05:30,status_change,SYSTEM,Resolved,Closed,Fees & Finance,auto-closed 3 days after resolution
EV002047,TKT-100306,2026-08-10T11:31:39+05:30,first_response,AGT006,Assigned,In Progress,Hostel & Maintenance,
EV001636,TKT-100247,2026-08-10T10:00:00+05:30,escalated,AGT015,,,Fees & Finance,open > 48h in daily review
EV003691,TKT-100548,2026-08-21T23:27:02+05:30,created,STU25779,,New,,channel=portal
EV004115,TKT-100607,2026-08-24T16:46:40+05:30,first_response,AGT011,Assigned,In Progress,Academics & Exams,
EV002198,TKT-100329,2026-08-13T10:57:39+05:30,status_change,AGT008,In Progress,Resolved,Fees & Finance,resolution provided
EV006278,TKT-100937,2026-09-13T19:06:52+05:30,status_change,SYSTEM,Resolved,Closed,IT Support,auto-closed 3 days after resolution
EV006658,TKT-100994,2026-09-16T07:21:00+05:30,status_change,STU24104,Waiting on Student,In Progress,Hostel & Maintenance,student replied
EV006608,TKT-100988,2026-09-12T12:06:35+05:30,assigned,SYSTEM,New,Assigned,Hostel & Maintenance,assigned_to=AGT007
EV001590,TKT-100240,2026-08-08T09:26:21+05:30,status_change,AGT003,In Progress,Resolved,IT Support,resolution provided
EV006679,TKT-100997,2026-09-15T00:04:26+05:30,first_response,AGT010,Assigned,In Progress,Academics & Exams,
EV004547,TKT-100673,2026-08-29T09:52:54+05:30,assigned,AGT014,New,Assigned,Library,assigned_to=AGT012
EV003570,TKT-100528,2026-08-20T16:18:43+05:30,status_change,AGT009,In Progress,Waiting on Student,Fees & Finance,asked student for details
EV006315,TKT-100943,2026-09-17T09:39:45+05:30,status_change,SYSTEM,Resolved,Closed,Hostel & Maintenance,auto-closed 3 days after resolution
EV005157,TKT-100763,2026-09-03T10:16:53+05:30,status_change,AGT004,Reopened,Resolved,IT Support,resolved after reopen
EV005688,TKT-100844,2026-09-08T11:08:18+05:30,first_response,AGT010,Assigned,In Progress,Academics & Exams,
EV003001,TKT-100445,2026-08-18T10:00:00+05:30,escalated,AGT015,,,IT Support,open > 48h in daily review
EV004374,TKT-100648,2026-08-27T17:58:48+05:30,created,STU24836,,New,,channel=portal
EV005575,TKT-100828,2026-09-05T17:45:39+05:30,status_change,AGT012,In Progress,Waiting on Student,Library,asked student for details
EV000723,TKT-100110,2026-08-01T11:41:17+05:30,status_change,AGT012,In Progress,Waiting on Student,Library,asked student for details
EV005950,TKT-100885,2026-09-08T10:46:41+05:30,first_response,AGT011,Assigned,In Progress,Academics & Exams,
EV003452,TKT-100510,2026-08-21T10:00:00+05:30,escalated,AGT015,,,IT Support,open > 48h in daily review
EV003790,TKT-100562,2026-08-22T12:52:05+05:30,status_change,AGT004,In Progress,Resolved,IT Support,resolution provided
EV005670,TKT-100841,2026-09-13T09:00:00+05:30,status_change,SYSTEM,Resolved,Closed,Academics & Exams,auto-closed 3 days after resolution
EV000505,TKT-100078,2026-07-31T09:59:13+05:30,first_response,AGT002,Assigned,In Progress,IT Support,
EV006169,TKT-100920,2026-09-10T09:49:32+05:30,reassigned,AGT014,In Progress,Assigned,Library,from=Hostel & Maintenance; assigned_to=AGT012
EV003957,TKT-100585,2026-08-28T11:58:15+05:30,status_change,SYSTEM,Resolved,Closed,IT Support,auto-closed 3 days after resolution
EV006990,TKT-101044,2026-09-14T17:14:07+05:30,created,STU24324,,New,,channel=portal
EV003487,TKT-100515,2026-08-22T16:28:05+05:30,status_change,AGT007,Reopened,Resolved,Hostel & Maintenance,resolved after reopen
EV007762,TKT-101173,2026-09-21T04:21:48+05:30,first_response,AGT012,Assigned,In Progress,Library,
EV005219,TKT-100773,2026-09-05T04:43:08+05:30,status_change,STU25792,Waiting on Student,In Progress,Hostel & Maintenance,student replied
EV004569,TKT-100676,2026-08-28T09:42:26+05:30,created,STU24352,,New,,channel=portal
EV005748,TKT-100853,2026-09-09T10:13:42+05:30,first_response,AGT001,Assigned,In Progress,IT Support,
EV000522,TKT-100081,2026-07-30T18:06:15+05:30,first_response,AGT004,Assigned,In Progress,IT Support,
EV007434,TKT-101118,2026-09-17T12:28:11+05:30,created,STU24772,,New,,channel=portal
EV001126,TKT-100168,2026-08-04T13:02:03+05:30,status_change,AGT001,In Progress,Resolved,IT Support,resolution provided
EV003247,TKT-100481,2026-08-19T15:07:56+05:30,status_change,STU24602,Waiting on Student,In Progress,Hostel & Maintenance,student replied
EV002894,TKT-100431,2026-08-14T15:48:02+05:30,assigned,SYSTEM,New,Assigned,Library,assigned_to=AGT012
EV006424,TKT-100961,2026-09-11T23:35:18+05:30,status_change,STU24906,Waiting on Student,In Progress,IT Support,student replied
EV000279,TKT-100044,2026-07-29T11:02:18+05:30,assigned,AGT013,New,Assigned,IT Support,assigned_to=AGT004
EV004791,TKT-100708,2026-09-02T12:11:31+05:30,status_change,AGT004,In Progress,Resolved,IT Support,resolution provided
EV003911,TKT-100578,2026-08-25T09:46:28+05:30,status_change,AGT003,In Progress,Resolved,IT Support,resolution provided
EV005591,TKT-100830,2026-09-11T15:08:38+05:30,status_change,SYSTEM,Resolved,Closed,Academics & Exams,auto-closed 3 days after resolution
EV006437,TKT-100963,2026-09-11T17:40:26+05:30,assigned,AGT013,New,Assigned,Hostel & Maintenance,assigned_to=AGT007
EV004117,TKT-100607,2026-08-29T09:06:26+05:30,status_change,SYSTEM,Resolved,Closed,Academics & Exams,auto-closed 3 days after resolution
EV000199,TKT-100031,2026-07-28T10:00:28+05:30,first_response,AGT012,Assigned,In Progress,Library,
EV004382,TKT-100649,2026-08-27T16:11:48+05:30,created,STU24052,,New,,channel=portal
EV001325,TKT-100202,2026-08-06T12:54:10+05:30,first_response,AGT012,Assigned,In Progress,Library,
EV001408,TKT-100215,2026-08-06T13:31:05+05:30,first_response,AGT003,Assigned,In Progress,IT Support,
EV001385,TKT-100211,2026-08-17T09:00:00+05:30,status_change,AGT008,In Progress,Resolved,Fees & Finance,resolution provided
EV003533,TKT-100522,2026-08-19T15:59:19+05:30,first_response,AGT001,Assigned,In Progress,IT Support,
EV004084,TKT-100602,2026-08-25T10:11:37+05:30,status_change,STU25491,Waiting on Student,In Progress,Hostel & Maintenance,student replied
EV006018,TKT-100897,2026-09-08T13:47:23+05:30,assigned,SYSTEM,New,Assigned,Hostel & Maintenance,assigned_to=AGT007
EV005439,TKT-100807,2026-09-04T11:16:29+05:30,assigned,AGT014,New,Assigned,Fees & Finance,assigned_to=AGT009
EV005499,TKT-100816,2026-09-07T13:35:40+05:30,status_change,AGT011,In Progress,Resolved,Academics & Exams,resolution provided
EV003934,TKT-100582,2026-08-24T11:37:01+05:30,assigned,AGT014,New,Assigned,Library,assigned_to=AGT012
EV000378,TKT-100060,2026-07-29T08:56:23+05:30,assigned,SYSTEM,New,Assigned,Hostel & Maintenance,assigned_to=AGT005
EV001929,TKT-100288,2026-08-08T19:39:04+05:30,created,STU25130,,New,,channel=email
EV004127,TKT-100609,2026-08-28T17:03:17+05:30,status_change,SYSTEM,Resolved,Closed,IT Support,auto-closed 3 days after resolution
EV006650,TKT-100993,2026-09-15T10:00:00+05:30,escalated,AGT015,,,Academics & Exams,open > 48h in daily review
EV002067,TKT-100310,2026-08-09T22:20:36+05:30,created,STU24305,,New,,channel=portal
EV005413,TKT-100803,2026-09-06T21:47:24+05:30,first_response,AGT010,Assigned,In Progress,Academics & Exams,
EV007955,TKT-101208,2026-09-20T19:07:57+05:30,created,STU25142,,New,,channel=portal
EV004534,TKT-100671,2026-08-29T17:28:32+05:30,reminder_sent,SYSTEM,,,Fees & Finance,auto-reminder: no response in 24h
EV001376,TKT-100210,2026-08-08T13:39:38+05:30,status_change,SYSTEM,Resolved,Closed,IT Support,auto-closed 3 days after resolution
EV006730,TKT-101004,2026-09-12T13:50:30+05:30,first_response,AGT004,Assigned,In Progress,IT Support,
EV000149,TKT-100024,2026-07-30T10:00:00+05:30,escalated,AGT015,,,Fees & Finance,open > 48h in daily review
EV000796,TKT-100119,2026-08-09T09:00:00+05:30,status_change,SYSTEM,Resolved,Closed,Fees & Finance,auto-closed 3 days after resolution
EV003006,TKT-100446,2026-08-16T15:56:11+05:30,reminder_sent,SYSTEM,,,Fees & Finance,auto-reminder: no response in 24h
EV006821,TKT-101017,2026-09-17T16:34:05+05:30,status_change,SYSTEM,Resolved,Closed,IT Support,auto-closed 3 days after resolution
EV002709,TKT-100405,2026-08-14T10:14:57+05:30,first_response,AGT007,Assigned,In Progress,Hostel & Maintenance,
EV007063,TKT-101056,2026-09-18T17:05:19+05:30,status_change,AGT004,In Progress,Resolved,IT Support,resolution provided
EV003369,TKT-100499,2026-08-18T12:03:43+05:30,first_response,AGT012,Assigned,In Progress,Library,
EV004710,TKT-100696,2026-08-30T19:18:44+05:30,created,STU24008,,New,,channel=portal
EV006163,TKT-100919,2026-09-09T11:40:16+05:30,first_response,AGT011,Assigned,In Progress,Academics & Exams,
EV007528,TKT-101135,2026-09-17T15:32:29+05:30,first_response,AGT003,Assigned,In Progress,IT Support,
EV002617,TKT-100390,2026-08-17T10:43:00+05:30,status_change,AGT008,In Progress,Resolved,Fees & Finance,resolution provided
EV002989,TKT-100444,2026-08-21T12:50:52+05:30,agent_response,AGT010,Assigned,In Progress,Academics & Exams,
EV007767,TKT-101174,2026-09-19T15:10:08+05:30,assigned,SYSTEM,New,Assigned,Hostel & Maintenance,assigned_to=AGT005
EV001403,TKT-100214,2026-08-06T12:45:59+05:30,first_response,AGT005,Assigned,In Progress,Hostel & Maintenance,
EV000207,TKT-100033,2026-07-28T20:57:03+05:30,created,STU25200,,New,,channel=portal
EV001382,TKT-100211,2026-08-14T09:31:29+05:30,status_change,AGT008,In Progress,Waiting on Student,Fees & Finance,asked student for details
EV004590,TKT-100678,2026-08-29T18:04:48+05:30,status_change,AGT001,In Progress,Resolved,IT Support,resolution provided
EV006837,TKT-101020,2026-09-14T15:03:49+05:30,reassigned,AGT013,In Progress,Assigned,IT Support,from=Hostel & Maintenance; assigned_to=AGT004
EV004538,TKT-100671,2026-09-01T06:15:54+05:30,status_change,STU24088,Resolved,Reopened,Fees & Finance,student: issue not fixed
EV001608,TKT-100243,2026-08-06T09:47:06+05:30,assigned,SYSTEM,New,Assigned,Hostel & Maintenance,assigned_to=AGT007
EV002962,TKT-100441,2026-08-16T17:49:31+05:30,reminder_sent,SYSTEM,,,Hostel & Maintenance,auto-reminder: no response in 24h
EV004352,TKT-100644,2026-08-31T10:00:00+05:30,escalated,AGT015,,,Academics & Exams,open > 48h in daily review
EV002682,TKT-100401,2026-08-13T10:16:46+05:30,first_response,AGT001,Assigned,In Progress,IT Support,
EV001417,TKT-100217,2026-08-06T18:30:56+05:30,assigned,SYSTEM,New,Assigned,Hostel & Maintenance,assigned_to=AGT005
EV003406,TKT-100504,2026-08-20T10:00:00+05:30,escalated,AGT015,,,Academics & Exams,open > 48h in daily review
EV006338,TKT-100947,2026-09-14T10:21:25+05:30,status_change,SYSTEM,Resolved,Closed,IT Support,auto-closed 3 days after resolution
EV006759,TKT-101009,2026-09-15T12:57:21+05:30,first_response,AGT009,Assigned,In Progress,Fees & Finance,
EV000570,TKT-100088,2026-08-03T16:20:40+05:30,status_change,SYSTEM,Resolved,Closed,Library,auto-closed 3 days after resolution
EV007409,TKT-101113,2026-09-17T16:04:18+05:30,first_response,AGT009,Assigned,In Progress,Fees & Finance,
EV005767,TKT-100857,2026-09-07T14:55:22+05:30,created,STU24464,,New,,channel=portal
EV004046,TKT-100598,2026-08-26T14:51:23+05:30,agent_response,AGT010,Assigned,In Progress,Academics & Exams,
EV006728,TKT-101004,2026-09-12T13:33:16+05:30,created,STU24707,,New,,channel=portal
EV003668,TKT-100544,2026-08-23T18:24:23+05:30,status_change,SYSTEM,Resolved,Closed,IT Support,auto-closed 3 days after resolution
EV000581,TKT-100090,2026-08-07T16:27:59+05:30,status_change,AGT008,In Progress,Resolved,Fees & Finance,resolution provided
EV005463,TKT-100811,2026-09-04T12:03:27+05:30,assigned,AGT014,New,Assigned,Hostel & Maintenance,assigned_to=AGT006
EV002186,TKT-100328,2026-08-10T19:42:39+05:30,first_response,AGT004,Assigned,In Progress,IT Support,
EV004241,TKT-100626,2026-08-31T10:00:00+05:30,escalated,AGT015,,,Academics & Exams,open > 48h in daily review
EV004632,TKT-100684,2026-08-31T10:00:00+05:30,escalated,AGT015,,,Hostel & Maintenance,open > 48h in daily review
EV000135,TKT-100022,2026-07-28T17:58:53+05:30,first_response,AGT001,Assigned,In Progress,IT Support,
EV001179,TKT-100177,2026-08-10T09:00:00+05:30,status_change,SYSTEM,Resolved,Closed,Fees & Finance,auto-closed 3 days after resolution
EV004298,TKT-100636,2026-08-26T15:36:46+05:30,first_response,AGT010,Assigned,In Progress,Academics & Exams,
EV002870,TKT-100428,2026-08-17T03:39:15+05:30,first_response,AGT010,Assigned,In Progress,Academics & Exams,
EV002594,TKT-100387,2026-08-16T15:33:43+05:30,status_change,SYSTEM,Resolved,Closed,IT Support,auto-closed 3 days after resolution
EV003188,TKT-100473,2026-08-17T08:30:45+05:30,assigned,SYSTEM,New,Assigned,Fees & Finance,assigned_to=AGT009
EV007397,TKT-101111,2026-09-16T18:35:46+05:30,created,STU24359,,New,,channel=portal
EV002341,TKT-100350,2026-08-12T08:55:57+05:30,first_response,AGT004,Assigned,In Progress,IT Support,
EV002957,TKT-100440,2026-08-17T09:03:13+05:30,agent_response,AGT001,Assigned,In Progress,IT Support,
EV005567,TKT-100827,2026-09-05T10:59:37+05:30,created,STU25622,,New,,channel=portal
EV004016,TKT-100594,2026-08-25T16:49:38+05:30,status_change,AGT011,In Progress,Waiting on Student,Academics & Exams,asked student for details
EV000281,TKT-100044,2026-07-29T14:23:38+05:30,status_change,AGT004,In Progress,Waiting on Student,IT Support,asked student for details
EV004524,TKT-100670,2026-08-28T15:34:42+05:30,assigned,AGT014,New,Assigned,Hostel & Maintenance,assigned_to=AGT005
EV007117,TKT-101064,2026-09-15T18:46:59+05:30,status_change,AGT006,In Progress,Resolved,Hostel & Maintenance,resolution provided
EV001764,TKT-100265,2026-08-11T16:49:55+05:30,status_change,SYSTEM,Resolved,Closed,IT Support,auto-closed 3 days after resolution
EV006750,TKT-101007,2026-09-15T18:52:33+05:30,status_change,SYSTEM,Resolved,Closed,IT Support,auto-closed 3 days after resolution
EV001628,TKT-100246,2026-08-12T08:00:00+05:30,status_change,AGT007,In Progress,Resolved,Hostel & Maintenance,resolution provided
EV003796,TKT-100563,2026-08-24T09:17:08+05:30,agent_response,AGT008,Assigned,In Progress,Fees & Finance,
EV000776,TKT-100116,2026-08-06T14:01:58+05:30,status_change,SYSTEM,Resolved,Closed,Hostel & Maintenance,auto-closed 3 days after resolution
EV002119,TKT-100318,2026-08-10T09:33:35+05:30,first_response,AGT007,Assigned,In Progress,Hostel & Maintenance,
EV003253,TKT-100482,2026-08-19T10:18:35+05:30,first_response,AGT010,Assigned,In Progress,Academics & Exams,
EV000989,TKT-100147,2026-08-09T15:12:14+05:30,status_change,SYSTEM,Resolved,Closed,Fees & Finance,auto-closed 3 days after resolution
EV005727,TKT-100850,2026-09-07T11:41:14+05:30,created,STU24670,,New,,channel=portal
EV008012,TKT-9000007,2026-08-09T13:09:29+05:30,status_change,SYSTEM,Resolved,Closed,Library,auto-closed 3 days after resolution
EV006128,TKT-100913,2026-09-11T10:00:00+05:30,escalated,AGT015,,,Hostel & Maintenance,open > 48h in daily review
EV001351,TKT-100206,2026-08-05T09:38:38+05:30,assigned,AGT013,New,Assigned,IT Support,assigned_to=AGT002
EV005726,TKT-100849,2026-09-14T09:00:00+05:30,status_change,SYSTEM,Resolved,Closed,Academics & Exams,auto-closed 3 days after resolution
EV003780,TKT-100561,2026-08-21T11:02:23+05:30,assigned,SYSTEM,New,Assigned,Hostel & Maintenance,assigned_to=AGT007
EV007571,TKT-101143,2026-09-19T09:47:22+05:30,reassigned,AGT013,In Progress,Assigned,Academics & Exams,from=Library; assigned_to=AGT011
EV000163,TKT-100026,2026-07-30T13:53:37+05:30,status_change,AGT009,In Progress,Resolved,Fees & Finance,resolution provided
EV002178,TKT-100327,2026-08-12T06:12:25+05:30,status_change,STU25307,Waiting on Student,In Progress,Hostel & Maintenance,student replied
EV003161,TKT-100469,2026-08-17T18:11:45+05:30,created,STU24704,,New,,channel=email
EV007154,TKT-101069,2026-09-19T14:26:30+05:30,status_change,AGT012,Reopened,Resolved,Library,resolved after reopen
EV001164,TKT-100175,2026-08-08T14:09:59+05:30,status_change,SYSTEM,Resolved,Closed,IT Support,auto-closed 3 days after resolution
EV003953,TKT-100585,2026-08-24T10:00:05+05:30,assigned,AGT014,New,Assigned,IT Support,assigned_to=AGT004
EV002040,TKT-100305,2026-08-11T09:48:23+05:30,first_response,AGT010,Assigned,In Progress,Academics & Exams,
EV001327,TKT-100202,2026-08-10T09:26:32+05:30,agent_response,AGT008,Assigned,In Progress,Fees & Finance,
EV001209,TKT-100182,2026-08-10T09:21:03+05:30,status_change,SYSTEM,Resolved,Closed,Fees & Finance,auto-closed 3 days after resolution
EV003845,TKT-100571,2026-08-22T11:25:21+05:30,assigned,SYSTEM,New,Assigned,Hostel & Maintenance,assigned_to=AGT006
EV002384,TKT-100356,2026-08-11T11:45:16+05:30,assigned,SYSTEM,New,Assigned,IT Support,assigned_to=AGT001
EV003200,TKT-100474,2026-08-18T17:23:30+05:30,status_change,STU25553,Waiting on Student,In Progress,Academics & Exams,student replied
EV001120,TKT-100167,2026-08-04T11:42:56+05:30,first_response,AGT004,Assigned,In Progress,IT Support,
EV007698,TKT-101164,2026-09-20T16:04:36+05:30,reminder_sent,SYSTEM,,,Hostel & Maintenance,auto-reminder: no response in 24h
EV000507,TKT-100078,2026-08-03T13:45:16+05:30,status_change,SYSTEM,Resolved,Closed,IT Support,auto-closed 3 days after resolution
EV000978,TKT-100146,2026-08-02T22:29:52+05:30,created,STU25016,,New,,channel=email
EV000036,TKT-100005,2026-07-31T07:43:01+05:30,status_change,STU24648,Waiting on Student,In Progress,IT Support,student replied
EV004098,TKT-100604,2026-08-28T10:00:02+05:30,status_change,SYSTEM,Resolved,Closed,IT Support,auto-closed 3 days after resolution
EV006704,TKT-101001,2026-09-14T09:53:42+05:30,assigned,AGT014,New,Assigned,Library,assigned_to=AGT012
EV006335,TKT-100947,2026-09-10T14:37:41+05:30,assigned,SYSTEM,New,Assigned,IT Support,assigned_to=AGT001
EV007405,TKT-101112,2026-09-18T10:48:02+05:30,first_response,AGT012,Assigned,In Progress,Library,
EV006325,TKT-100945,2026-09-11T09:46:43+05:30,status_change,AGT005,In Progress,Resolved,Hostel & Maintenance,resolution provided
EV003115,TKT-100461,2026-08-20T15:17:22+05:30,status_change,SYSTEM,Resolved,Closed,IT Support,auto-closed 3 days after resolution
EV006446,TKT-100964,2026-09-13T23:03:21+05:30,first_response,AGT010,Assigned,In Progress,Academics & Exams,
EV005932,TKT-100882,2026-09-10T01:22:33+05:30,status_change,STU24901,Waiting on Student,In Progress,IT Support,student replied
EV000017,TKT-100003,2026-07-28T12:58:34+05:30,reminder_sent,SYSTEM,,,Hostel & Maintenance,auto-reminder: no response in 24h
EV004247,TKT-100627,2026-08-28T09:37:05+05:30,status_change,AGT005,In Progress,Resolved,Hostel & Maintenance,resolution provided
EV004941,TKT-100731,2026-09-01T13:58:02+05:30,first_response,AGT010,Assigned,In Progress,Academics & Exams,
EV006371,TKT-100953,2026-09-11T11:29:24+05:30,first_response,AGT012,Assigned,In Progress,Library,
EV001810,TKT-100271,2026-08-08T19:08:47+05:30,status_change,STU25746,Waiting on Student,In Progress,Hostel & Maintenance,student replied
EV007669,TKT-101159,2026-09-18T16:55:29+05:30,created,STU25626,,New,,channel=email
EV006851,TKT-101021,2026-09-19T17:56:26+05:30,status_change,SYSTEM,Resolved,Closed,IT Support,auto-closed 3 days after resolution
EV001943,TKT-100290,2026-08-10T09:03:56+05:30,assigned,AGT014,New,Assigned,IT Support,assigned_to=AGT002
EV000559,TKT-100087,2026-07-30T20:29:46+05:30,created,STU24139,,New,,channel=portal
EV000937,TKT-100140,2026-08-04T21:07:15+05:30,first_response,AGT011,Assigned,In Progress,Academics & Exams,
EV004037,TKT-100597,2026-08-27T10:00:00+05:30,escalated,AGT015,,,Fees & Finance,open > 48h in daily review
EV006570,TKT-100982,2026-09-14T09:37:25+05:30,status_change,AGT001,In Progress,Resolved,IT Support,resolution provided
EV000795,TKT-100119,2026-08-06T09:00:00+05:30,status_change,AGT009,In Progress,Resolved,Fees & Finance,resolution provided
EV007951,TKT-101207,2026-09-20T21:48:46+05:30,created,STU25277,,New,,channel=portal
EV001562,TKT-100236,2026-08-07T15:40:46+05:30,status_change,AGT008,In Progress,Waiting on Student,Fees & Finance,asked student for details
EV000853,TKT-100128,2026-08-01T10:50:08+05:30,assigned,SYSTEM,New,Assigned,Hostel & Maintenance,assigned_to=AGT007
EV005807,TKT-100862,2026-09-14T09:00:00+05:30,status_change,AGT009,In Progress,Resolved,Fees & Finance,resolution provided
EV001105,TKT-100165,2026-08-04T10:30:28+05:30,status_change,AGT007,In Progress,Waiting on Student,Hostel & Maintenance,asked student for details
EV005738,TKT-100851,2026-09-10T11:47:26+05:30,status_change,AGT010,In Progress,Resolved,Academics & Exams,resolution provided
EV004330,TKT-100640,2026-08-31T15:37:11+05:30,status_change,SYSTEM,Resolved,Closed,IT Support,auto-closed 3 days after resolution
EV001398,TKT-100213,2026-08-10T09:46:55+05:30,status_change,AGT011,In Progress,Resolved,Academics & Exams,resolution provided
EV004293,TKT-100635,2026-08-27T14:28:04+05:30,first_response,AGT008,Assigned,In Progress,Fees & Finance,
EV004203,TKT-100621,2026-08-28T13:58:51+05:30,status_change,AGT006,In Progress,Resolved,Hostel & Maintenance,resolution provided
EV001235,TKT-100186,2026-08-13T09:00:00+05:30,status_change,SYSTEM,Resolved,Closed,Academics & Exams,auto-closed 3 days after resolution
EV000288,TKT-100045,2026-07-29T19:21:22+05:30,status_change,AGT006,In Progress,Resolved,Hostel & Maintenance,resolution provided
EV003903,TKT-100577,2026-08-24T09:17:01+05:30,status_change,AGT012,In Progress,Waiting on Student,Library,asked student for details
EV006457,TKT-100965,2026-09-12T15:27:36+05:30,status_change,AGT005,In Progress,Waiting on Student,Hostel & Maintenance,asked student for details
EV004865,TKT-100720,2026-08-31T16:54:18+05:30,assigned,AGT013,New,Assigned,Fees & Finance,assigned_to=AGT009
EV002941,TKT-100438,2026-08-18T13:04:27+05:30,reminder_sent,SYSTEM,,,Library,auto-reminder: no response in 24h
EV004543,TKT-100672,2026-08-29T12:50:12+05:30,first_response,AGT003,Assigned,In Progress,IT Support,
EV000487,TKT-100075,2026-08-04T14:14:09+05:30,status_change,SYSTEM,Resolved,Closed,Hostel & Maintenance,auto-closed 3 days after resolution
EV007727,TKT-101168,2026-09-18T11:31:05+05:30,assigned,SYSTEM,New,Assigned,Hostel & Maintenance,assigned_to=AGT007
EV000880,TKT-100132,2026-08-01T09:48:22+05:30,assigned,AGT013,New,Assigned,Hostel & Maintenance,assigned_to=AGT005
EV001100,TKT-100164,2026-08-05T10:00:28+05:30,status_change,AGT002,Reopened,Resolved,IT Support,resolved after reopen
EV001632,TKT-100247,2026-08-09T09:43:37+05:30,reminder_sent,SYSTEM,,,Fees & Finance,auto-reminder: no response in 24h
EV004535,TKT-100671,2026-08-31T02:16:10+05:30,first_response,AGT009,Assigned,In Progress,Fees & Finance,
EV003358,TKT-100497,2026-08-19T12:41:39+05:30,status_change,AGT007,In Progress,Resolved,Hostel & Maintenance,resolution provided
EV000846,TKT-100127,2026-08-01T10:57:17+05:30,created,STU24205,,New,,channel=portal
EV005574,TKT-100828,2026-09-05T16:59:14+05:30,first_response,AGT012,Assigned,In Progress,Library,
EV005340,TKT-100792,2026-09-03T09:43:24+05:30,assigned,SYSTEM,New,Assigned,Library,assigned_to=AGT012
EV002133,TKT-100320,2026-08-13T08:00:00+05:30,status_change,AGT005,In Progress,Resolved,Hostel & Maintenance,resolution provided
EV002938,TKT-100437,2026-08-27T09:00:00+05:30,status_change,SYSTEM,Resolved,Closed,Fees & Finance,auto-closed 3 days after resolution
EV005472,TKT-100812,2026-09-05T15:50:42+05:30,status_change,AGT012,In Progress,Resolved,Library,resolution provided
EV007242,TKT-101084,2026-09-16T07:46:44+05:30,created,STU24616,,New,,channel=email
EV002036,TKT-100304,2026-08-13T10:10:55+05:30,status_change,SYSTEM,Resolved,Closed,IT Support,auto-closed 3 days after resolution
EV003005,TKT-100446,2026-08-15T15:56:11+05:30,assigned,AGT014,New,Assigned,Fees & Finance,assigned_to=AGT009
EV001815,TKT-100272,2026-08-07T16:47:43+05:30,assigned,AGT013,New,Assigned,Hostel & Maintenance,assigned_to=AGT005
EV006290,TKT-100939,2026-09-15T09:00:00+05:30,status_change,AGT011,In Progress,Resolved,Academics & Exams,resolution provided
EV002114,TKT-100317,2026-08-13T16:22:15+05:30,status_change,STU24837,Resolved,Reopened,Hostel & Maintenance,student: issue not fixed
EV006195,TKT-100924,2026-09-09T23:17:41+05:30,created,STU24204,,New,,channel=portal
EV002879,TKT-100429,2026-08-18T10:14:44+05:30,reassigned,AGT013,In Progress,Assigned,IT Support,from=Hostel & Maintenance; assigned_to=AGT004
EV004907,TKT-100726,2026-09-02T06:55:26+05:30,first_response,AGT012,Assigned,In Progress,Library,
EV007103,TKT-101062,2026-09-15T16:08:56+05:30,reassigned,AGT013,In Progress,Assigned,Hostel & Maintenance,from=IT Support; assigned_to=AGT006
EV001217,TKT-100184,2026-08-04T12:17:02+05:30,created,STU24651,,New,,channel=portal
EV002718,TKT-100406,2026-08-14T15:54:36+05:30,status_change,AGT001,In Progress,Resolved,IT Support,resolution provided
EV002081,TKT-100312,2026-08-14T08:14:20+05:30,status_change,SYSTEM,Resolved,Closed,IT Support,auto-closed 3 days after resolution
EV003583,TKT-100530,2026-08-21T12:19:24+05:30,first_response,AGT002,Assigned,In Progress,IT Support,
EV002581,TKT-100385,2026-08-13T09:06:32+05:30,status_change,AGT010,In Progress,Waiting on Student,Academics & Exams,asked student for details
EV004985,TKT-100738,2026-08-31T11:37:01+05:30,first_response,AGT003,Assigned,In Progress,IT Support,
EV003220,TKT-100477,2026-08-21T11:40:07+05:30,status_change,SYSTEM,Resolved,Closed,Fees & Finance,auto-closed 3 days after resolution
EV003429,TKT-100508,2026-08-18T12:07:28+05:30,created,STU25185,,New,,channel=email
EV004187,TKT-100619,2026-08-27T09:56:26+05:30,reminder_sent,SYSTEM,,,Hostel & Maintenance,auto-reminder: no response in 24h
EV002664,TKT-100398,2026-08-18T13:14:22+05:30,status_change,SYSTEM,Resolved,Closed,Hostel & Maintenance,auto-closed 3 days after resolution
EV007281,TKT-101091,2026-09-16T16:37:33+05:30,assigned,AGT014,New,Assigned,IT Support,assigned_to=AGT003
EV006982,TKT-101042,2026-09-14T21:51:00+05:30,status_change,STU24960,Waiting on Student,In Progress,Academics & Exams,student replied
EV001428,TKT-100218,2026-08-07T18:03:08+05:30,status_change,AGT003,In Progress,Resolved,IT Support,resolution provided
EV001180,TKT-100178,2026-08-04T11:23:51+05:30,created,STU25242,,New,,channel=email
EV001048,TKT-100157,2026-08-08T12:11:01+05:30,status_change,SYSTEM,Resolved,Closed,IT Support,auto-closed 3 days after resolution
EV005290,TKT-100784,2026-09-04T15:15:25+05:30,first_response,AGT012,Assigned,In Progress,Library,
EV000873,TKT-100130,2026-08-06T13:23:58+05:30,status_change,SYSTEM,Resolved,Closed,IT Support,auto-closed 3 days after resolution
EV004712,TKT-100696,2026-08-31T08:01:26+05:30,first_response,AGT001,Assigned,In Progress,IT Support,
EV007478,TKT-101126,2026-09-17T18:26:22+05:30,status_change,AGT004,In Progress,Waiting on Student,IT Support,asked student for details
EV002972,TKT-100442,2026-08-18T10:09:45+05:30,agent_response,AGT011,Assigned,In Progress,Academics & Exams,
EV003158,TKT-100468,2026-08-20T10:00:00+05:30,escalated,AGT015,,,Fees & Finance,open > 48h in daily review
EV005368,TKT-100797,2026-09-04T16:52:10+05:30,created,STU25054,,New,,channel=email
EV001074,TKT-100161,2026-08-04T12:32:21+05:30,first_response,AGT007,Assigned,In Progress,Hostel & Maintenance,
EV005720,TKT-100849,2026-09-08T12:12:16+05:30,reassigned,AGT014,In Progress,Assigned,Academics & Exams,from=Hostel & Maintenance; assigned_to=AGT010
EV007972,TKT-101214,2026-08-11T17:38:00+05:30,status_change,AGT013,New,Cancelled,,duplicate of earlier ticket
EV001191,TKT-100179,2026-08-06T10:00:00+05:30,escalated,AGT015,,,Hostel & Maintenance,open > 48h in daily review
EV000266,TKT-100042,2026-07-29T11:09:12+05:30,reminder_sent,SYSTEM,,,Library,auto-reminder: no response in 24h
EV003819,TKT-100567,2026-08-21T09:46:38+05:30,assigned,SYSTEM,New,Assigned,Hostel & Maintenance,assigned_to=AGT005
EV004807,TKT-100711,2026-08-31T11:09:09+05:30,created,STU24326,,New,,channel=email
EV001751,TKT-100263,2026-08-10T02:59:21+05:30,first_response,AGT012,Assigned,In Progress,Library,
EV002507,TKT-100375,2026-08-12T20:46:17+05:30,created,STU25319,,New,,channel=portal
EV001010,TKT-100151,2026-08-03T10:29:13+05:30,assigned,AGT014,New,Assigned,IT Support,assigned_to=AGT004
EV006367,TKT-100952,2026-09-11T11:20:24+05:30,status_change,AGT003,In Progress,Resolved,IT Support,resolution provided
EV002420,TKT-100362,2026-08-13T11:33:02+05:30,status_change,AGT006,In Progress,Resolved,Hostel & Maintenance,resolution provided
EV002776,TKT-100415,2026-08-14T07:35:39+05:30,created,STU24838,,New,,channel=portal
EV000277,TKT-100043,2026-08-03T11:55:35+05:30,status_change,SYSTEM,Resolved,Closed,Hostel & Maintenance,auto-closed 3 days after resolution
EV007271,TKT-101089,2026-09-17T15:12:40+05:30,first_response,AGT009,Assigned,In Progress,Fees & Finance,
EV000992,TKT-100148,2026-08-03T16:01:43+05:30,first_response,AGT006,Assigned,In Progress,Hostel & Maintenance,
EV002856,TKT-100426,2026-08-15T19:32:10+05:30,status_change,STU24696,Resolved,Reopened,IT Support,student: issue not fixed
EV004708,TKT-100695,2026-09-07T09:40:10+05:30,status_change,AGT005,Reopened,Resolved,Hostel & Maintenance,resolved after reopen
EV006266,TKT-100935,2026-09-14T10:00:00+05:30,escalated,AGT015,,,Academics & Exams,open > 48h in daily review
EV001362,TKT-100208,2026-08-05T16:36:44+05:30,created,STU24241,,New,,channel=email
EV007246,TKT-101084,2026-09-18T15:12:06+05:30,status_change,AGT006,In Progress,Resolved,Hostel & Maintenance,resolution provided
EV005238,TKT-100776,2026-09-03T14:39:07+05:30,created,STU24635,,New,,channel=email
EV005764,TKT-100856,2026-09-09T10:00:00+05:30,escalated,AGT015,,,Fees & Finance,open > 48h in daily review
EV005302,TKT-100786,2026-09-03T07:22:40+05:30,assigned,SYSTEM,New,Assigned,Hostel & Maintenance,assigned_to=AGT006
EV006672,TKT-100996,2026-09-15T13:52:24+05:30,status_change,AGT006,In Progress,Resolved,Hostel & Maintenance,resolution provided
EV002107,TKT-100316,2026-08-14T15:37:45+05:30,status_change,SYSTEM,Resolved,Closed,Hostel & Maintenance,auto-closed 3 days after resolution
EV007594,TKT-101147,2026-09-21T03:13:59+05:30,first_response,AGT005,Assigned,In Progress,Hostel & Maintenance,
EV000761,TKT-100115,2026-08-04T15:47:18+05:30,agent_response,AGT012,Assigned,In Progress,Library,
EV000058,TKT-100009,2026-07-27T17:10:52+05:30,created,STU24148,,New,,channel=email
EV001553,TKT-100235,2026-08-12T08:19:14+05:30,status_change,AGT002,In Progress,Waiting on Student,IT Support,asked student for details
EV004346,TKT-100643,2026-08-28T14:51:54+05:30,status_change,AGT012,In Progress,Resolved,Library,resolution provided
EV001072,TKT-100161,2026-08-03T16:07:11+05:30,created,STU25503,,New,,channel=portal
EV001826,TKT-100273,2026-08-20T09:00:00+05:30,status_change,SYSTEM,Resolved,Closed,Fees & Finance,auto-closed 3 days after resolution
EV001125,TKT-100168,2026-08-04T09:15:45+05:30,first_response,AGT001,Assigned,In Progress,IT Support,
EV001040,TKT-100156,2026-08-03T09:53:08+05:30,assigned,SYSTEM,New,Assigned,Hostel & Maintenance,assigned_to=AGT006
EV000395,TKT-100062,2026-08-02T13:33:41+05:30,status_change,SYSTEM,Resolved,Closed,IT Support,auto-closed 3 days after resolution
EV005421,TKT-100804,2026-09-04T19:33:52+05:30,created,STU24556,,New,,channel=portal
EV005618,TKT-100834,2026-09-09T10:22:40+05:30,agent_response,AGT010,Assigned,In Progress,Academics & Exams,
EV000879,TKT-100132,2026-08-01T00:24:42+05:30,created,STU25782,,New,,channel=portal
EV000397,TKT-100063,2026-07-29T13:54:01+05:30,assigned,SYSTEM,New,Assigned,IT Support,assigned_to=AGT002
EV001299,TKT-100198,2026-08-04T13:02:10+05:30,created,STU25142,,New,,channel=email
EV001328,TKT-100202,2026-08-11T12:42:29+05:30,status_change,AGT008,In Progress,Waiting on Student,Fees & Finance,asked student for details
EV000367,TKT-100058,2026-08-02T10:44:47+05:30,first_response,AGT009,Assigned,In Progress,Fees & Finance,
EV007341,TKT-101101,2026-09-20T14:54:36+05:30,status_change,SYSTEM,Resolved,Closed,Fees & Finance,auto-closed 3 days after resolution
EV001512,TKT-100230,2026-08-06T11:11:46+05:30,first_response,AGT012,Assigned,In Progress,Library,
EV003120,TKT-100462,2026-08-20T13:06:57+05:30,status_change,SYSTEM,Resolved,Closed,Academics & Exams,auto-closed 3 days after resolution
EV000222,TKT-100035,2026-07-28T23:46:31+05:30,created,STU25582,,New,,channel=portal
EV004787,TKT-100708,2026-08-30T10:28:36+05:30,created,STU25796,,New,,channel=email
EV005094,TKT-100754,2026-09-04T10:00:00+05:30,escalated,AGT015,,,Academics & Exams,open > 48h in daily review
EV006180,TKT-100921,2026-09-11T01:43:08+05:30,status_change,STU24252,Waiting on Student,In Progress,Academics & Exams,student replied
EV006217,TKT-100927,2026-09-09T09:18:39+05:30,assigned,SYSTEM,New,Assigned,Academics & Exams,assigned_to=AGT010
EV007177,TKT-101073,2026-09-15T14:38:53+05:30,first_response,AGT007,Assigned,In Progress,Hostel & Maintenance,
EV002675,TKT-100400,2026-08-13T17:28:53+05:30,created,STU24710,,New,,channel=email
EV006398,TKT-100957,2026-09-11T15:51:04+05:30,created,STU24847,,New,,channel=walk_in
EV002091,TKT-100314,2026-08-10T11:50:43+05:30,first_response,AGT011,Assigned,In Progress,Academics & Exams,
EV000351,TKT-100055,2026-08-01T18:37:37+05:30,status_change,SYSTEM,Resolved,Closed,IT Support,auto-closed 3 days after resolution
EV000252,TKT-100040,2026-07-28T08:40:55+05:30,assigned,SYSTEM,New,Assigned,Fees & Finance,assigned_to=AGT009
EV002013,TKT-100301,2026-08-10T09:45:16+05:30,assigned,AGT014,New,Assigned,Fees & Finance,assigned_to=AGT009
EV004013,TKT-100594,2026-08-24T19:23:11+05:30,created,STU24101,,New,,channel=email
EV002220,TKT-100333,2026-08-12T10:00:00+05:30,escalated,AGT015,,,Academics & Exams,open > 48h in daily review
EV000018,TKT-100003,2026-07-28T16:00:24+05:30,first_response,AGT005,Assigned,In Progress,Hostel & Maintenance,
EV002357,TKT-100352,2026-08-13T06:37:56+05:30,first_response,AGT005,Assigned,In Progress,Hostel & Maintenance,
EV000502,TKT-100077,2026-08-04T17:38:16+05:30,status_change,SYSTEM,Resolved,Closed,Hostel & Maintenance,auto-closed 3 days after resolution
EV005244,TKT-100777,2026-09-03T22:56:06+05:30,created,STU25074,,New,,channel=portal
EV001457,TKT-100222,2026-08-06T12:03:53+05:30,reassigned,AGT014,In Progress,Assigned,Fees & Finance,from=IT Support; assigned_to=AGT008
EV000653,TKT-100101,2026-07-31T13:49:04+05:30,assigned,SYSTEM,New,Assigned,Hostel & Maintenance,assigned_to=AGT006
EV001488,TKT-100226,2026-08-07T13:31:31+05:30,status_change,AGT007,In Progress,Waiting on Student,Hostel & Maintenance,asked student for details
EV000203,TKT-100032,2026-07-28T12:40:10+05:30,assigned,SYSTEM,New,Assigned,Hostel & Maintenance,assigned_to=AGT005
EV000511,TKT-100079,2026-07-31T14:27:01+05:30,status_change,AGT006,In Progress,Resolved,Hostel & Maintenance,resolution provided
EV000815,TKT-100122,2026-08-04T15:49:05+05:30,status_change,AGT009,In Progress,Waiting on Student,Fees & Finance,asked student for details
EV003501,TKT-100517,2026-08-25T09:00:00+05:30,status_change,AGT008,In Progress,Resolved,Fees & Finance,resolution provided
EV005550,TKT-100824,2026-09-05T21:48:07+05:30,created,STU24243,,New,,channel=portal
EV001415,TKT-100216,2026-08-13T09:41:44+05:30,status_change,SYSTEM,Resolved,Closed,Academics & Exams,auto-closed 3 days after resolution
EV000499,TKT-100077,2026-07-31T11:49:05+05:30,assigned,AGT013,New,Assigned,Hostel & Maintenance,assigned_to=AGT006
EV004066,TKT-100601,2026-08-24T15:42:18+05:30,assigned,SYSTEM,New,Assigned,Academics & Exams,assigned_to=AGT011
EV004349,TKT-100644,2026-08-28T12:22:01+05:30,assigned,AGT013,New,Assigned,Academics & Exams,assigned_to=AGT010
EV002758,TKT-100412,2026-08-13T19:31:55+05:30,assigned,SYSTEM,New,Assigned,IT Support,assigned_to=AGT003
EV007104,TKT-101062,2026-09-16T18:04:29+05:30,agent_response,AGT006,Assigned,In Progress,Hostel & Maintenance,
EV005145,TKT-100761,2026-09-06T10:28:28+05:30,status_change,SYSTEM,Waiting on Student,Closed - No Response,Library,auto-closed after 72h without student reply
EV003184,TKT-100472,2026-08-20T10:00:00+05:30,escalated,AGT015,,,Hostel & Maintenance,open > 48h in daily review
EV004745,TKT-100702,2026-08-30T08:22:06+05:30,created,STU25257,,New,,channel=portal
EV006549,TKT-100979,2026-09-12T18:16:26+05:30,reminder_sent,SYSTEM,,,Fees & Finance,auto-reminder: no response in 24h
EV002717,TKT-100406,2026-08-14T08:09:43+05:30,first_response,AGT001,Assigned,In Progress,IT Support,
EV003532,TKT-100522,2026-08-19T10:52:08+05:30,assigned,SYSTEM,New,Assigned,IT Support,assigned_to=AGT001
EV004777,TKT-100706,2026-09-01T10:35:24+05:30,first_response,AGT011,Assigned,In Progress,Academics & Exams,
EV000444,TKT-100070,2026-07-29T15:53:35+05:30,assigned,SYSTEM,New,Assigned,Library,assigned_to=AGT012
EV002925,TKT-100436,2026-08-14T18:33:06+05:30,assigned,SYSTEM,New,Assigned,Library,assigned_to=AGT012
EV003367,TKT-100499,2026-08-18T10:50:59+05:30,created,STU24820,,New,,channel=portal
EV001098,TKT-100164,2026-08-04T15:28:57+05:30,status_change,AGT002,In Progress,Resolved,IT Support,resolution provided
EV004954,TKT-100733,2026-09-02T12:09:30+05:30,status_change,AGT011,In Progress,Resolved,Academics & Exams,resolution provided
EV001768,TKT-100266,2026-08-12T01:59:17+05:30,first_response,AGT009,Assigned,In Progress,Fees & Finance,
EV004482,TKT-100664,2026-08-28T19:58:39+05:30,status_change,AGT004,In Progress,Waiting on Student,IT Support,asked student for details
EV002947,TKT-100439,2026-08-15T09:56:36+05:30,assigned,AGT014,New,Assigned,Hostel & Maintenance,assigned_to=AGT006
EV000194,TKT-100030,2026-07-31T10:00:00+05:30,escalated,AGT015,,,Hostel & Maintenance,open > 48h in daily review
EV004649,TKT-100687,2026-08-29T21:51:47+05:30,created,STU24934,,New,,channel=portal
EV000640,TKT-100099,2026-07-31T08:46:10+05:30,assigned,SYSTEM,New,Assigned,Hostel & Maintenance,assigned_to=AGT006
EV000829,TKT-100124,2026-08-06T09:24:12+05:30,status_change,SYSTEM,Resolved,Closed,Hostel & Maintenance,auto-closed 3 days after resolution
EV007325,TKT-101099,2026-09-17T16:44:26+05:30,first_response,AGT011,Assigned,In Progress,Academics & Exams,
EV004120,TKT-100608,2026-08-24T15:10:23+05:30,first_response,AGT011,Assigned,In Progress,Academics & Exams,
EV006125,TKT-100913,2026-09-09T10:07:25+05:30,first_response,AGT011,Assigned,In Progress,Academics & Exams,
EV001445,TKT-100220,2026-08-07T12:30:58+05:30,first_response,AGT010,Assigned,In Progress,Academics & Exams,
EV005420,TKT-100803,2026-09-11T09:00:00+05:30,status_change,SYSTEM,Resolved,Closed,Library,auto-closed 3 days after resolution
EV004684,TKT-100692,2026-08-29T13:14:43+05:30,first_response,AGT001,Assigned,In Progress,IT Support,
EV004788,TKT-100708,2026-08-31T09:20:26+05:30,assigned,AGT013,New,Assigned,IT Support,assigned_to=AGT004
EV003816,TKT-100566,2026-08-24T11:25:02+05:30,status_change,AGT009,In Progress,Waiting on Student,Fees & Finance,asked student for details
EV006487,TKT-100969,2026-09-14T10:02:23+05:30,status_change,AGT004,In Progress,Resolved,IT Support,resolution provided
EV003086,TKT-100457,2026-08-23T09:00:00+05:30,status_change,SYSTEM,Resolved,Closed,Academics & Exams,auto-closed 3 days after resolution
EV000306,TKT-100048,2026-07-29T11:11:05+05:30,first_response,AGT009,Assigned,In Progress,Fees & Finance,
EV004859,TKT-100719,2026-09-01T12:20:35+05:30,first_response,AGT001,Assigned,In Progress,IT Support,
EV002744,TKT-100410,2026-08-15T15:07:30+05:30,reminder_sent,SYSTEM,,,Academics & Exams,auto-reminder: no response in 24h
EV007449,TKT-101121,2026-09-17T22:57:04+05:30,created,STU25666,,New,,channel=portal
EV004197,TKT-100621,2026-08-25T11:09:58+05:30,created,STU25151,,New,,channel=portal
EV006004,TKT-100895,2026-09-08T08:48:21+05:30,created,STU24958,,New,,channel=email
EV000473,TKT-100073,2026-08-02T09:26:44+05:30,status_change,SYSTEM,Resolved,Closed,Hostel & Maintenance,auto-closed 3 days after resolution
EV006567,TKT-100982,2026-09-12T08:06:39+05:30,first_response,AGT001,Assigned,In Progress,IT Support,
EV007083,TKT-101059,2026-09-18T12:51:32+05:30,agent_response,AGT010,Assigned,In Progress,Academics & Exams,
EV004731,TKT-100699,2026-09-01T09:22:57+05:30,agent_response,AGT006,Assigned,In Progress,Hostel & Maintenance,
EV002950,TKT-100439,2026-08-16T08:26:11+05:30,status_change,STU24807,Resolved,Reopened,Hostel & Maintenance,student: issue not fixed
EV005051,TKT-100748,2026-09-02T09:18:42+05:30,reminder_sent,SYSTEM,,,Hostel & Maintenance,auto-reminder: no response in 24h
EV007114,TKT-101064,2026-09-15T10:33:09+05:30,created,STU24001,,New,,channel=portal
EV003945,TKT-100584,2026-08-25T11:01:57+05:30,reminder_sent,SYSTEM,,,Academics & Exams,auto-reminder: no response in 24h
EV002403,TKT-100359,2026-08-11T15:34:09+05:30,assigned,AGT014,New,Assigned,IT Support,assigned_to=AGT003
EV006373,TKT-100953,2026-09-11T15:49:33+05:30,agent_response,AGT011,Assigned,In Progress,Academics & Exams,
EV006884,TKT-101027,2026-09-14T21:25:09+05:30,created,STU24879,,New,,channel=portal
EV002539,TKT-100379,2026-08-14T09:54:38+05:30,reminder_sent,SYSTEM,,,Library,auto-reminder: no response in 24h
EV006607,TKT-100988,2026-09-12T11:54:16+05:30,created,STU24842,,New,,channel=portal
EV001753,TKT-100263,2026-08-10T11:50:11+05:30,status_change,AGT012,In Progress,Resolved,Library,resolution provided
EV004100,TKT-100605,2026-08-24T15:15:05+05:30,assigned,AGT013,New,Assigned,Academics & Exams,assigned_to=AGT011
EV003016,TKT-100447,2026-08-15T15:11:54+05:30,assigned,AGT013,New,Assigned,Academics & Exams,assigned_to=AGT010
EV006059,TKT-100903,2026-09-10T12:25:29+05:30,reminder_sent,SYSTEM,,,Fees & Finance,auto-reminder: no response in 24h
EV000811,TKT-100122,2026-08-01T09:24:41+05:30,created,STU24633,,New,,channel=portal
EV001983,TKT-100296,2026-08-09T16:07:26+05:30,reminder_sent,SYSTEM,,,Fees & Finance,auto-reminder: no response in 24h
EV001945,TKT-100290,2026-08-10T14:33:10+05:30,status_change,AGT002,In Progress,Waiting on Student,IT Support,asked student for details
EV002723,TKT-100407,2026-08-14T10:01:31+05:30,status_change,AGT002,In Progress,Resolved,IT Support,resolution provided
EV008002,TKT-101229,2026-08-31T19:04:00+05:30,status_change,AGT013,New,Cancelled,,duplicate of earlier ticket
EV003424,TKT-100507,2026-08-18T18:58:48+05:30,first_response,AGT004,Assigned,In Progress,IT Support,
EV002960,TKT-100441,2026-08-15T16:26:29+05:30,created,STU24803,,New,,channel=email
EV002967,TKT-100441,2026-08-20T15:14:27+05:30,status_change,SYSTEM,Resolved,Closed,IT Support,auto-closed 3 days after resolution
EV002329,TKT-100348,2026-08-12T22:45:53+05:30,status_change,STU25066,Resolved,Reopened,IT Support,student: issue not fixed
EV003775,TKT-100560,2026-08-21T17:45:12+05:30,assigned,AGT013,New,Assigned,Hostel & Maintenance,assigned_to=AGT007
EV007102,TKT-101062,2026-09-15T15:41:16+05:30,first_response,AGT002,Assigned,In Progress,IT Support,
EV005043,TKT-100747,2026-09-03T14:47:25+05:30,first_response,AGT006,Assigned,In Progress,Hostel & Maintenance,
EV001770,TKT-100266,2026-08-13T14:55:08+05:30,agent_response,AGT010,Assigned,In Progress,Academics & Exams,
EV001483,TKT-100225,2026-08-08T11:39:21+05:30,status_change,AGT004,In Progress,Resolved,IT Support,resolution provided
EV003843,TKT-100570,2026-08-27T15:01:37+05:30,status_change,SYSTEM,Resolved,Closed,IT Support,auto-closed 3 days after resolution
EV003438,TKT-100508,2026-08-22T08:26:53+05:30,status_change,AGT002,In Progress,Resolved,IT Support,resolution provided
EV003109,TKT-100460,2026-08-22T09:00:00+05:30,status_change,SYSTEM,Resolved,Closed,Academics & Exams,auto-closed 3 days after resolution
EV007186,TKT-101074,2026-09-15T12:29:10+05:30,first_response,AGT004,Assigned,In Progress,IT Support,
EV006045,TKT-100900,2026-09-14T14:20:39+05:30,status_change,SYSTEM,Resolved,Closed,IT Support,auto-closed 3 days after resolution
EV006245,TKT-100931,2026-09-17T10:08:54+05:30,status_change,SYSTEM,Resolved,Closed,IT Support,auto-closed 3 days after resolution
EV008021,TKT-9000016,2026-08-13T18:04:00+05:30,created,STU25045,,New,,channel=email
EV001151,TKT-100173,2026-08-05T09:17:15+05:30,status_change,AGT004,In Progress,Waiting on Student,IT Support,asked student for details
EV005281,TKT-100782,2026-09-07T15:05:39+05:30,status_change,AGT007,Reopened,Resolved,Hostel & Maintenance,resolved after reopen
EV003933,TKT-100582,2026-08-23T11:54:01+05:30,created,STU25314,,New,,channel=email
EV004589,TKT-100678,2026-08-29T14:08:07+05:30,status_change,STU24360,Waiting on Student,In Progress,IT Support,student replied
EV001821,TKT-100273,2026-08-08T09:15:12+05:30,assigned,AGT013,New,Assigned,Fees & Finance,assigned_to=AGT008
EV000610,TKT-100095,2026-07-31T07:45:33+05:30,created,STU25644,,New,,channel=portal
EV007640,TKT-101154,2026-09-18T16:26:54+05:30,first_response,AGT011,Assigned,In Progress,Academics & Exams,
EV000769,TKT-100116,2026-07-31T10:01:39+05:30,created,STU25723,,New,,channel=email
EV006251,TKT-100933,2026-09-10T08:08:01+05:30,created,STU24426,,New,,channel=portal
EV007195,TKT-101076,2026-09-15T10:26:43+05:30,assigned,SYSTEM,New,Assigned,Hostel & Maintenance,assigned_to=AGT007
EV007773,TKT-101175,2026-09-19T14:49:05+05:30,first_response,AGT005,Assigned,In Progress,Hostel & Maintenance,
EV000374,TKT-100059,2026-08-03T10:00:00+05:30,escalated,AGT015,,,Academics & Exams,open > 48h in daily review
EV004172,TKT-100617,2026-08-26T15:21:16+05:30,first_response,AGT012,Assigned,In Progress,Library,
EV006492,TKT-100970,2026-09-14T03:37:49+05:30,first_response,AGT005,Assigned,In Progress,Hostel & Maintenance,
EV006007,TKT-100895,2026-09-10T10:00:00+05:30,escalated,AGT015,,,Academics & Exams,open > 48h in daily review
EV003384,TKT-100502,2026-08-19T13:48:43+05:30,reminder_sent,SYSTEM,,,Fees & Finance,auto-reminder: no response in 24h
EV007729,TKT-101168,2026-09-20T21:15:06+05:30,first_response,AGT007,Assigned,In Progress,Hostel & Maintenance,
EV000479,TKT-100074,2026-08-03T10:00:00+05:30,escalated,AGT015,,,Fees & Finance,open > 48h in daily review
EV001993,TKT-100298,2026-08-08T12:08:35+05:30,created,STU24022,,New,,channel=email
EV001916,TKT-100286,2026-08-13T10:58:21+05:30,status_change,AGT007,In Progress,Waiting on Student,Hostel & Maintenance,asked student for details
EV001794,TKT-100269,2026-08-10T10:00:00+05:30,escalated,AGT015,,,Fees & Finance,open > 48h in daily review
EV004488,TKT-100665,2026-08-29T09:16:53+05:30,first_response,AGT004,Assigned,In Progress,IT Support,
EV000209,TKT-100033,2026-07-29T20:58:54+05:30,reminder_sent,SYSTEM,,,Academics & Exams,auto-reminder: no response in 24h
EV003414,TKT-100505,2026-08-20T00:41:57+05:30,status_change,STU24980,Waiting on Student,In Progress,Hostel & Maintenance,student replied
EV001148,TKT-100173,2026-08-04T10:47:43+05:30,created,STU24148,,New,,channel=portal
EV006395,TKT-100956,2026-09-14T10:00:00+05:30,escalated,AGT015,,,Library,open > 48h in daily review
EV007462,TKT-101123,2026-09-18T15:27:35+05:30,reassigned,AGT014,In Progress,Assigned,Academics & Exams,from=Library; assigned_to=AGT011
EV002828,TKT-100422,2026-08-14T19:11:45+05:30,assigned,SYSTEM,New,Assigned,Library,assigned_to=AGT012
EV007313,TKT-101097,2026-09-16T12:28:59+05:30,assigned,SYSTEM,New,Assigned,IT Support,assigned_to=AGT002
EV003671,TKT-100545,2026-08-22T08:53:09+05:30,first_response,AGT001,Assigned,In Progress,IT Support,
EV002939,TKT-100438,2026-08-15T14:22:17+05:30,created,STU25352,,New,,channel=email
EV005449,TKT-100808,2026-09-07T10:00:00+05:30,escalated,AGT015,,,Hostel & Maintenance,open > 48h in daily review
EV000938,TKT-100140,2026-08-07T11:25:04+05:30,status_change,AGT011,In Progress,Waiting on Student,Academics & Exams,asked student for details
EV000888,TKT-100133,2026-08-02T17:22:48+05:30,reminder_sent,SYSTEM,,,Hostel & Maintenance,auto-reminder: no response in 24h
EV007092,TKT-101060,2026-09-19T11:58:37+05:30,status_change,SYSTEM,Resolved,Closed,Academics & Exams,auto-closed 3 days after resolution
EV005229,TKT-100774,2026-09-12T09:00:00+05:30,status_change,SYSTEM,Resolved,Closed,Fees & Finance,auto-closed 3 days after resolution
EV001918,TKT-100286,2026-08-11T10:00:00+05:30,escalated,AGT015,,,Hostel & Maintenance,open > 48h in daily review
EV006966,TKT-101040,2026-09-14T09:12:42+05:30,created,STU25016,,New,,channel=portal
EV005669,TKT-100841,2026-09-10T09:00:00+05:30,status_change,AGT011,In Progress,Resolved,Academics & Exams,resolution provided
EV005780,TKT-100859,2026-09-07T15:49:04+05:30,assigned,SYSTEM,New,Assigned,Fees & Finance,assigned_to=AGT008
EV002296,TKT-100343,2026-08-13T10:00:00+05:30,escalated,AGT015,,,Academics & Exams,open > 48h in daily review
EV004598,TKT-100680,2026-08-28T15:26:31+05:30,created,STU24998,,New,,channel=email
EV000919,TKT-100138,2026-08-02T11:25:58+05:30,created,STU24652,,New,,channel=portal
EV004815,TKT-100712,2026-09-01T08:21:30+05:30,status_change,AGT002,In Progress,Waiting on Student,IT Support,asked student for details
EV001583,TKT-100239,2026-08-14T08:00:00+05:30,status_change,SYSTEM,Resolved,Closed,Hostel & Maintenance,auto-closed 3 days after resolution
EV001215,TKT-100183,2026-08-13T09:00:00+05:30,status_change,AGT008,In Progress,Resolved,Fees & Finance,resolution provided
EV001559,TKT-100236,2026-08-06T13:16:43+05:30,assigned,SYSTEM,New,Assigned,Fees & Finance,assigned_to=AGT008
EV005189,TKT-100768,2026-09-07T18:13:24+05:30,status_change,SYSTEM,Resolved,Closed,Hostel & Maintenance,auto-closed 3 days after resolution
EV000405,TKT-100064,2026-07-30T19:40:47+05:30,status_change,STU25555,Waiting on Student,In Progress,IT Support,student replied
EV004697,TKT-100694,2026-08-29T19:42:59+05:30,status_change,AGT001,In Progress,Waiting on Student,IT Support,asked student for details
EV002227,TKT-100334,2026-08-15T11:03:12+05:30,status_change,SYSTEM,Resolved,Closed,Hostel & Maintenance,auto-closed 3 days after resolution
EV003354,TKT-100496,2026-08-24T08:00:00+05:30,status_change,SYSTEM,Resolved,Closed,Hostel & Maintenance,auto-closed 3 days after resolution
EV002564,TKT-100382,2026-08-19T09:52:53+05:30,status_change,AGT006,In Progress,Resolved,Hostel & Maintenance,resolution provided
EV006514,TKT-100973,2026-09-11T20:18:39+05:30,created,STU25267,,New,,channel=portal
EV007382,TKT-101108,2026-09-17T15:47:59+05:30,assigned,AGT014,New,Assigned,Hostel & Maintenance,assigned_to=AGT005
EV002919,TKT-100435,2026-08-14T22:13:46+05:30,created,STU24824,,New,,channel=portal
EV006438,TKT-100963,2026-09-12T17:40:26+05:30,reminder_sent,SYSTEM,,,Hostel & Maintenance,auto-reminder: no response in 24h
EV003320,TKT-100492,2026-08-19T11:11:37+05:30,status_change,AGT005,In Progress,Resolved,Hostel & Maintenance,resolution provided
EV006510,TKT-100972,2026-09-12T12:50:21+05:30,agent_response,AGT006,Assigned,In Progress,Hostel & Maintenance,
EV004233,TKT-100626,2026-08-26T19:36:42+05:30,assigned,SYSTEM,New,Assigned,Hostel & Maintenance,assigned_to=AGT005
EV000531,TKT-100082,2026-08-04T09:00:00+05:30,status_change,AGT008,In Progress,Resolved,Fees & Finance,resolution provided
EV003610,TKT-100534,2026-08-25T15:18:09+05:30,status_change,SYSTEM,Resolved,Closed,Hostel & Maintenance,auto-closed 3 days after resolution
EV005402,TKT-100802,2026-09-04T20:51:00+05:30,created,STU24709,,New,,channel=email
EV002440,TKT-100366,2026-08-13T17:54:54+05:30,reminder_sent,SYSTEM,,,Academics & Exams,auto-reminder: no response in 24h
EV006349,TKT-100949,2026-09-18T09:00:00+05:30,status_change,SYSTEM,Resolved,Closed,Academics & Exams,auto-closed 3 days after resolution
EV006111,TKT-100911,2026-09-09T20:56:46+05:30,created,STU25498,,New,,channel=email
EV004542,TKT-100672,2026-08-28T21:58:04+05:30,assigned,SYSTEM,New,Assigned,IT Support,assigned_to=AGT003
EV001081,TKT-100161,2026-08-10T09:00:00+05:30,status_change,SYSTEM,Resolved,Closed,Fees & Finance,auto-closed 3 days after resolution
EV007109,TKT-101063,2026-09-15T19:29:31+05:30,created,STU24565,,New,,channel=portal
EV002395,TKT-100358,2026-08-12T11:48:21+05:30,reminder_sent,SYSTEM,,,Hostel & Maintenance,auto-reminder: no response in 24h
EV004561,TKT-100675,2026-08-28T13:23:47+05:30,assigned,SYSTEM,New,Assigned,Academics & Exams,assigned_to=AGT010
EV004407,TKT-100652,2026-08-27T15:49:10+05:30,assigned,AGT013,New,Assigned,Hostel & Maintenance,assigned_to=AGT007
EV006781,TKT-101012,2026-09-15T12:30:58+05:30,reassigned,AGT014,In Progress,Assigned,Library,from=Hostel & Maintenance; assigned_to=AGT012
EV007003,TKT-101046,2026-09-14T14:22:28+05:30,assigned,SYSTEM,New,Assigned,Hostel & Maintenance,assigned_to=AGT006
EV005943,TKT-100884,2026-09-09T10:30:08+05:30,reminder_sent,SYSTEM,,,Hostel & Maintenance,auto-reminder: no response in 24h
EV006185,TKT-100922,2026-09-10T11:27:18+05:30,first_response,AGT007,Assigned,In Progress,Hostel & Maintenance,
EV003203,TKT-100475,2026-08-17T11:23:25+05:30,created,STU25782,,New,,channel=email
EV005863,TKT-100871,2026-09-14T09:27:59+05:30,status_change,AGT006,Reopened,Resolved,Hostel & Maintenance,resolved after reopen
EV004069,TKT-100601,2026-08-26T09:10:12+05:30,reassigned,AGT014,In Progress,Assigned,IT Support,from=Academics & Exams; assigned_to=AGT004
EV005118,TKT-100757,2026-09-08T19:00:15+05:30,status_change,SYSTEM,Resolved,Closed,Hostel & Maintenance,auto-closed 3 days after resolution
EV006344,TKT-100949,2026-09-10T13:36:07+05:30,created,STU24908,,New,,channel=portal
EV004089,TKT-100603,2026-08-24T18:31:38+05:30,first_response,AGT006,Assigned,In Progress,Hostel & Maintenance,
EV000558,TKT-100086,2026-08-06T14:04:53+05:30,status_change,SYSTEM,Resolved,Closed,Hostel & Maintenance,auto-closed 3 days after resolution
EV001832,TKT-100275,2026-08-08T08:43:17+05:30,created,STU25220,,New,,channel=email
EV003319,TKT-100492,2026-08-18T16:09:15+05:30,first_response,AGT005,Assigned,In Progress,Hostel & Maintenance,
EV003010,TKT-100446,2026-08-18T10:00:00+05:30,escalated,AGT015,,,Fees & Finance,open > 48h in daily review
EV004236,TKT-100626,2026-08-28T13:46:46+05:30,agent_response,AGT004,Assigned,In Progress,IT Support,
EV001602,TKT-100242,2026-08-06T21:33:52+05:30,assigned,SYSTEM,New,Assigned,Academics & Exams,assigned_to=AGT011
EV003164,TKT-100469,2026-08-19T14:09:31+05:30,status_change,AGT003,In Progress,Resolved,IT Support,resolution provided
EV000148,TKT-100024,2026-07-28T16:04:28+05:30,first_response,AGT009,Assigned,In Progress,Fees & Finance,
EV004764,TKT-100704,2026-09-04T07:09:36+05:30,first_response,AGT005,Assigned,In Progress,Hostel & Maintenance,
EV001962,TKT-100292,2026-08-14T10:13:52+05:30,status_change,SYSTEM,Resolved,Closed,Hostel & Maintenance,auto-closed 3 days after resolution
EV004882,TKT-100722,2026-09-03T17:52:31+05:30,status_change,SYSTEM,Resolved,Closed,IT Support,auto-closed 3 days after resolution
EV005269,TKT-100781,2026-09-03T14:53:31+05:30,first_response,AGT004,Assigned,In Progress,IT Support,
EV005199,TKT-100770,2026-09-06T15:46:21+05:30,status_change,SYSTEM,Resolved,Closed,IT Support,auto-closed 3 days after resolution
EV001599,TKT-100241,2026-08-07T14:25:12+05:30,status_change,AGT003,In Progress,Resolved,IT Support,resolution provided
EV003390,TKT-100502,2026-08-24T10:35:12+05:30,status_change,SYSTEM,Resolved,Closed,Fees & Finance,auto-closed 3 days after resolution
EV005817,TKT-100864,2026-09-08T08:22:23+05:30,status_change,AGT003,In Progress,Resolved,IT Support,resolution provided
EV007086,TKT-101059,2026-09-18T10:00:00+05:30,escalated,AGT015,,,Academics & Exams,open > 48h in daily review
EV003346,TKT-100495,2026-08-21T20:49:12+05:30,status_change,STU24911,Resolved,Reopened,Hostel & Maintenance,student: issue not fixed
EV003556,TKT-100526,2026-08-22T05:10:18+05:30,first_response,AGT005,Assigned,In Progress,Hostel & Maintenance,
EV006782,TKT-101012,2026-09-16T16:46:49+05:30,agent_response,AGT012,Assigned,In Progress,Library,
EV000048,TKT-100007,2026-07-28T11:27:58+05:30,reminder_sent,SYSTEM,,,Fees & Finance,auto-reminder: no response in 24h
EV002413,TKT-100361,2026-08-11T14:08:05+05:30,assigned,SYSTEM,New,Assigned,Hostel & Maintenance,assigned_to=AGT007
EV007248,TKT-101085,2026-09-17T13:47:17+05:30,assigned,AGT013,New,Assigned,Hostel & Maintenance,assigned_to=AGT005
EV005982,TKT-100890,2026-09-14T08:16:46+05:30,status_change,SYSTEM,Resolved,Closed,Hostel & Maintenance,auto-closed 3 days after resolution
EV000349,TKT-100055,2026-07-29T10:56:42+05:30,first_response,AGT002,Assigned,In Progress,IT Support,
EV007239,TKT-101083,2026-09-16T11:51:30+05:30,assigned,AGT013,New,Assigned,Academics & Exams,assigned_to=AGT011
EV005812,TKT-100863,2026-09-08T12:08:50+05:30,status_change,AGT003,In Progress,Resolved,IT Support,resolution provided
EV000220,TKT-100034,2026-08-04T09:00:00+05:30,status_change,AGT010,In Progress,Resolved,Academics & Exams,resolution provided
EV003554,TKT-100526,2026-08-20T12:16:51+05:30,assigned,AGT014,New,Assigned,Hostel & Maintenance,assigned_to=AGT005
EV006034,TKT-100899,2026-09-09T10:41:19+05:30,reassigned,AGT014,In Progress,Assigned,Academics & Exams,from=IT Support; assigned_to=AGT011
EV006605,TKT-100987,2026-09-12T13:14:33+05:30,status_change,AGT006,In Progress,Resolved,Hostel & Maintenance,resolution provided
EV005759,TKT-100855,2026-09-08T18:09:20+05:30,status_change,AGT003,In Progress,Resolved,IT Support,resolution provided
EV007496,TKT-101129,2026-09-17T20:03:01+05:30,created,STU24248,,New,,channel=email
EV001131,TKT-100169,2026-08-04T16:03:35+05:30,status_change,AGT001,In Progress,Resolved,IT Support,resolution provided
EV002914,TKT-100434,2026-08-14T17:52:10+05:30,first_response,AGT012,Assigned,In Progress,Library,
EV004440,TKT-100657,2026-08-31T10:00:00+05:30,escalated,AGT015,,,Academics & Exams,open > 48h in daily review
EV004949,TKT-100732,2026-09-01T12:28:25+05:30,status_change,AGT003,In Progress,Resolved,IT Support,resolution provided
EV000667,TKT-100103,2026-07-31T16:04:48+05:30,first_response,AGT004,Assigned,In Progress,IT Support,
EV005896,TKT-100877,2026-09-07T19:54:49+05:30,created,STU25046,,New,,channel=portal
EV000907,TKT-100136,2026-08-01T13:44:04+05:30,first_response,AGT006,Assigned,In Progress,Hostel & Maintenance,
EV007204,TKT-101077,2026-09-17T22:59:45+05:30,first_response,AGT009,Assigned,In Progress,Fees & Finance,
EV001340,TKT-100204,2026-08-05T16:57:46+05:30,created,STU24351,,New,,channel=portal
EV007584,TKT-101145,2026-09-19T14:08:47+05:30,first_response,AGT005,Assigned,In Progress,Hostel & Maintenance,
EV004973,TKT-100736,2026-09-01T18:46:39+05:30,status_change,STU24080,Waiting on Student,In Progress,IT Support,student replied
EV002055,TKT-100307,2026-08-11T12:32:08+05:30,status_change,AGT007,In Progress,Resolved,Hostel & Maintenance,resolution provided
EV002541,TKT-100379,2026-08-15T13:52:13+05:30,reassigned,AGT014,In Progress,Assigned,IT Support,from=Library; assigned_to=AGT004
EV003121,TKT-100463,2026-08-16T21:39:44+05:30,created,STU24536,,New,,channel=portal
EV002079,TKT-100312,2026-08-10T11:25:41+05:30,first_response,AGT003,Assigned,In Progress,IT Support,
EV004614,TKT-100682,2026-08-28T14:26:17+05:30,created,STU24265,,New,,channel=portal
EV003343,TKT-100495,2026-08-19T19:08:25+05:30,status_change,STU24911,Waiting on Student,In Progress,Hostel & Maintenance,student replied
EV001644,TKT-100248,2026-08-10T10:00:00+05:30,escalated,AGT015,,,Fees & Finance,open > 48h in daily review
EV001080,TKT-100161,2026-08-07T09:00:00+05:30,status_change,AGT008,In Progress,Resolved,Fees & Finance,resolution provided
EV004525,TKT-100670,2026-08-29T15:34:42+05:30,reminder_sent,SYSTEM,,,Hostel & Maintenance,auto-reminder: no response in 24h
EV006546,TKT-100978,2026-09-15T18:18:51+05:30,status_change,SYSTEM,Resolved,Closed,Hostel & Maintenance,auto-closed 3 days after resolution
EV006598,TKT-100986,2026-09-14T10:00:00+05:30,escalated,AGT015,,,Hostel & Maintenance,open > 48h in daily review
EV005055,TKT-100748,2026-09-10T15:07:24+05:30,status_change,SYSTEM,Resolved,Closed,Hostel & Maintenance,auto-closed 3 days after resolution
EV004927,TKT-100729,2026-08-31T17:27:34+05:30,created,STU25441,,New,,channel=portal
EV003666,TKT-100544,2026-08-20T16:48:55+05:30,first_response,AGT001,Assigned,In Progress,IT Support,
EV005427,TKT-100805,2026-09-04T17:06:07+05:30,assigned,AGT013,New,Assigned,Academics & Exams,assigned_to=AGT011
EV000841,TKT-100126,2026-08-02T12:31:00+05:30,reminder_sent,SYSTEM,,,Fees & Finance,auto-reminder: no response in 24h
EV000951,TKT-100142,2026-08-03T09:53:18+05:30,assigned,AGT014,New,Assigned,Hostel & Maintenance,assigned_to=AGT005
EV007679,TKT-101161,2026-09-18T14:36:36+05:30,assigned,SYSTEM,New,Assigned,IT Support,assigned_to=AGT002
EV006384,TKT-100955,2026-09-11T15:38:32+05:30,created,STU24669,,New,,channel=email
EV005723,TKT-100849,2026-09-09T21:54:28+05:30,status_change,STU24973,Waiting on Student,In Progress,Academics & Exams,student replied
EV004320,TKT-100639,2026-08-27T12:42:56+05:30,created,STU24557,,New,,channel=email
EV007629,TKT-101152,2026-09-19T21:50:56+05:30,status_change,STU25348,Waiting on Student,In Progress,Hostel & Maintenance,student replied
EV000519,TKT-100080,2026-08-03T14:02:34+05:30,status_change,SYSTEM,Resolved,Closed,IT Support,auto-closed 3 days after resolution
EV007998,TKT-101227,2026-09-20T21:12:57+05:30,status_change,AGT013,New,Cancelled,,duplicate of earlier ticket
EV004858,TKT-100719,2026-08-31T17:59:43+05:30,assigned,SYSTEM,New,Assigned,IT Support,assigned_to=AGT001
EV000733,TKT-100111,2026-08-04T09:00:00+05:30,status_change,AGT010,In Progress,Resolved,Academics & Exams,resolution provided
EV007222,TKT-101080,2026-09-15T19:16:16+05:30,status_change,AGT002,In Progress,Waiting on Student,IT Support,asked student for details
EV003846,TKT-100571,2026-08-22T18:52:53+05:30,first_response,AGT006,Assigned,In Progress,Hostel & Maintenance,
EV007772,TKT-101175,2026-09-19T13:52:59+05:30,assigned,SYSTEM,New,Assigned,Hostel & Maintenance,assigned_to=AGT005
EV007369,TKT-101106,2026-09-16T15:26:14+05:30,status_change,AGT006,In Progress,Waiting on Student,Hostel & Maintenance,asked student for details
EV001714,TKT-100258,2026-08-08T10:00:20+05:30,first_response,AGT005,Assigned,In Progress,Hostel & Maintenance,
EV003960,TKT-100586,2026-08-24T13:59:59+05:30,first_response,AGT006,Assigned,In Progress,Hostel & Maintenance,
EV007351,TKT-101103,2026-09-18T10:00:00+05:30,escalated,AGT015,,,Hostel & Maintenance,open > 48h in daily review
EV003500,TKT-100517,2026-08-24T10:00:00+05:30,escalated,AGT015,,,Fees & Finance,open > 48h in daily review
EV002911,TKT-100433,2026-08-21T15:49:16+05:30,status_change,SYSTEM,Resolved,Closed,Academics & Exams,auto-closed 3 days after resolution
EV002153,TKT-100323,2026-08-13T10:48:03+05:30,status_change,AGT008,In Progress,Resolved,Fees & Finance,resolution provided
EV002769,TKT-100413,2026-08-14T18:35:07+05:30,status_change,AGT004,In Progress,Resolved,IT Support,resolution provided
EV001781,TKT-100268,2026-08-07T22:59:55+05:30,created,STU24879,,New,,channel=email
EV002603,TKT-100389,2026-08-13T12:30:44+05:30,created,STU25723,,New,,channel=portal
EV003336,TKT-100494,2026-08-21T10:00:00+05:30,escalated,AGT015,,,IT Support,open > 48h in daily review
EV003515,TKT-100519,2026-08-25T09:00:00+05:30,status_change,AGT008,In Progress,Resolved,Fees & Finance,resolution provided
EV001311,TKT-100199,2026-08-15T09:00:00+05:30,status_change,SYSTEM,Resolved,Closed,Fees & Finance,auto-closed 3 days after resolution
EV007022,TKT-101049,2026-09-16T10:00:00+05:30,escalated,AGT015,,,IT Support,open > 48h in daily review
EV005884,TKT-100875,2026-09-07T18:23:51+05:30,first_response,AGT005,Assigned,In Progress,Hostel & Maintenance,
EV005534,TKT-100821,2026-09-05T09:45:56+05:30,first_response,AGT003,Assigned,In Progress,IT Support,
EV004225,TKT-100625,2026-08-26T16:04:25+05:30,created,STU24565,,New,,channel=email
EV001290,TKT-100196,2026-08-04T14:15:21+05:30,assigned,AGT014,New,Assigned,Library,assigned_to=AGT012
EV005645,TKT-100838,2026-09-09T10:41:25+05:30,status_change,AGT009,In Progress,Waiting on Student,Fees & Finance,asked student for details
EV004643,TKT-100686,2026-08-31T09:00:29+05:30,assigned,AGT013,New,Assigned,Hostel & Maintenance,assigned_to=AGT006
EV002473,TKT-100371,2026-08-12T14:15:55+05:30,created,STU24714,,New,,channel=portal
EV007255,TKT-101086,2026-09-16T14:23:36+05:30,assigned,AGT013,New,Assigned,Hostel & Maintenance,assigned_to=AGT006
EV003214,TKT-100476,2026-08-17T18:13:31+05:30,status_change,AGT002,In Progress,Resolved,IT Support,resolution provided
EV006535,TKT-100976,2026-09-15T13:44:23+05:30,status_change,AGT009,In Progress,Resolved,Fees & Finance,resolution provided
EV007530,TKT-101135,2026-09-18T11:00:24+05:30,status_change,STU24186,Waiting on Student,In Progress,IT Support,student replied
EV006557,TKT-100980,2026-09-14T10:00:00+05:30,escalated,AGT015,,,Hostel & Maintenance,open > 48h in daily review
EV003014,TKT-100446,2026-09-03T11:44:39+05:30,status_change,SYSTEM,Resolved,Closed,Fees & Finance,auto-closed 3 days after resolution
EV000056,TKT-100008,2026-07-28T09:25:44+05:30,status_change,AGT004,In Progress,Resolved,IT Support,resolution provided
EV008030,TKT-9000025,2026-09-08T19:00:15+05:30,status_change,SYSTEM,Resolved,Closed,Hostel & Maintenance,auto-closed 3 days after resolution
EV000108,TKT-100017,2026-07-27T15:37:14+05:30,first_response,AGT012,Assigned,In Progress,Library,
EV000082,TKT-100013,2026-07-27T18:38:29+05:30,created,STU25575,,New,,channel=portal
EV007381,TKT-101108,2026-09-16T18:23:39+05:30,created,STU25530,,New,,channel=portal
EV002567,TKT-100383,2026-08-13T10:26:46+05:30,assigned,AGT013,New,Assigned,IT Support,assigned_to=AGT004
EV000101,TKT-100016,2026-07-27T18:00:17+05:30,created,STU24106,,New,,channel=portal
EV002434,TKT-100365,2026-08-11T15:58:38+05:30,assigned,SYSTEM,New,Assigned,IT Support,assigned_to=AGT002
EV002274,TKT-100340,2026-08-13T10:00:00+05:30,escalated,AGT015,,,Academics & Exams,open > 48h in daily review
EV001419,TKT-100217,2026-08-08T05:04:10+05:30,first_response,AGT005,Assigned,In Progress,Hostel & Maintenance,
EV002755,TKT-100411,2026-08-17T10:11:38+05:30,status_change,AGT007,In Progress,Resolved,Hostel & Maintenance,resolution provided
EV001427,TKT-100218,2026-08-07T12:19:48+05:30,first_response,AGT003,Assigned,In Progress,IT Support,
EV002353,TKT-100351,2026-08-24T08:00:00+05:30,status_change,SYSTEM,Resolved,Closed,Hostel & Maintenance,auto-closed 3 days after resolution
EV007301,TKT-101094,2026-09-18T13:42:15+05:30,status_change,STU24131,Resolved,Reopened,Hostel & Maintenance,student: issue not fixed
EV001803,TKT-100270,2026-08-07T14:41:04+05:30,status_change,STU24791,Waiting on Student,In Progress,IT Support,student replied
EV007590,TKT-101146,2026-09-19T15:57:51+05:30,status_change,AGT005,In Progress,Resolved,Hostel & Maintenance,resolution provided
EV000494,TKT-100076,2026-08-05T03:29:46+05:30,status_change,STU25325,Waiting on Student,In Progress,Fees & Finance,student replied
EV005604,TKT-100833,2026-09-05T17:33:08+05:30,assigned,SYSTEM,New,Assigned,Academics & Exams,assigned_to=AGT010
EV005493,TKT-100815,2026-09-12T09:00:00+05:30,status_change,SYSTEM,Resolved,Closed,Academics & Exams,auto-closed 3 days after resolution
EV001142,TKT-100171,2026-08-07T18:58:49+05:30,status_change,SYSTEM,Resolved,Closed,IT Support,auto-closed 3 days after resolution
EV005735,TKT-100851,2026-09-08T16:23:57+05:30,status_change,AGT010,In Progress,Waiting on Student,Academics & Exams,asked student for details
EV002270,TKT-100340,2026-08-11T11:10:22+05:30,reassigned,AGT013,In Progress,Assigned,Academics & Exams,from=Hostel & Maintenance; assigned_to=AGT010
EV001368,TKT-100209,2026-08-05T12:28:20+05:30,assigned,AGT014,New,Assigned,Fees & Finance,assigned_to=AGT008
EV000167,TKT-100027,2026-07-28T09:22:53+05:30,first_response,AGT006,Assigned,In Progress,Hostel & Maintenance,
EV000936,TKT-100140,2026-08-03T07:24:45+05:30,reminder_sent,SYSTEM,,,Academics & Exams,auto-reminder: no response in 24h
EV004286,TKT-100634,2026-08-26T21:39:47+05:30,assigned,SYSTEM,New,Assigned,Fees & Finance,assigned_to=AGT009
EV005682,TKT-100843,2026-09-09T08:44:46+05:30,status_change,STU25204,Waiting on Student,In Progress,IT Support,student replied
EV005970,TKT-100888,2026-09-12T10:24:03+05:30,status_change,SYSTEM,Resolved,Closed,Library,auto-closed 3 days after resolution
EV002956,TKT-100440,2026-08-15T17:54:53+05:30,reassigned,AGT014,In Progress,Assigned,IT Support,from=Hostel & Maintenance; assigned_to=AGT001
EV000910,TKT-100136,2026-08-01T19:20:11+05:30,status_change,AGT006,In Progress,Resolved,Hostel & Maintenance,resolution provided
EV006289,TKT-100939,2026-09-14T10:00:00+05:30,escalated,AGT015,,,Academics & Exams,open > 48h in daily review
EV001152,TKT-100173,2026-08-05T13:44:08+05:30,status_change,STU24148,Waiting on Student,In Progress,IT Support,student replied
EV001060,TKT-100159,2026-08-03T19:02:05+05:30,first_response,AGT007,Assigned,In Progress,Hostel & Maintenance,
EV006575,TKT-100983,2026-09-15T00:21:13+05:30,first_response,AGT010,Assigned,In Progress,Academics & Exams,
EV004980,TKT-100737,2026-09-01T11:41:33+05:30,status_change,STU25616,Waiting on Student,In Progress,IT Support,student replied
EV002867,TKT-100428,2026-08-14T20:54:21+05:30,created,STU24711,,New,,channel=email
EV006056,TKT-100902,2026-09-12T19:14:02+05:30,status_change,SYSTEM,Resolved,Closed,IT Support,auto-closed 3 days after resolution
EV003736,TKT-100554,2026-08-21T15:09:29+05:30,created,STU25484,,New,,channel=portal
EV001646,TKT-100248,2026-08-14T09:00:00+05:30,status_change,SYSTEM,Resolved,Closed,Fees & Finance,auto-closed 3 days after resolution
EV001155,TKT-100174,2026-08-04T19:34:01+05:30,created,STU25682,,New,,channel=email
EV002145,TKT-100322,2026-08-12T09:09:27+05:30,first_response,AGT008,Assigned,In Progress,Fees & Finance,
EV003026,TKT-100448,2026-08-20T17:49:10+05:30,status_change,SYSTEM,Resolved,Closed,Hostel & Maintenance,auto-closed 3 days after resolution
EV007828,TKT-101185,2026-09-19T11:59:53+05:30,first_response,AGT001,Assigned,In Progress,IT Support,
EV002893,TKT-100431,2026-08-14T15:41:56+05:30,created,STU24164,,New,,channel=portal
EV007096,TKT-101061,2026-09-17T10:36:25+05:30,reassigned,AGT013,In Progress,Assigned,Fees & Finance,from=IT Support; assigned_to=AGT008
EV006442,TKT-100963,2026-09-18T08:00:00+05:30,status_change,SYSTEM,Resolved,Closed,Hostel & Maintenance,auto-closed 3 days after resolution
EV002391,TKT-100357,2026-08-12T14:24:29+05:30,status_change,AGT008,In Progress,Waiting on Student,Fees & Finance,asked student for details
EV008041,TKT-9000036,2026-08-21T10:00:00+05:30,escalated,AGT015,,,IT Support,open > 48h in daily review
EV003849,TKT-100572,2026-08-27T13:36:56+05:30,created,STU25760,,New,,channel=walk_in
EV007837,TKT-101187,2026-09-19T14:21:55+05:30,assigned,AGT014,New,Assigned,IT Support,assigned_to=AGT002
EV008034,TKT-9000029,2026-09-11T14:12:11+05:30,status_change,AGT005,In Progress,Resolved,Hostel & Maintenance,resolution provided
EV005818,TKT-100864,2026-09-11T08:22:23+05:30,status_change,SYSTEM,Resolved,Closed,IT Support,auto-closed 3 days after resolution
EV004682,TKT-100692,2026-08-29T10:51:00+05:30,created,STU24233,,New,,channel=portal
EV000111,TKT-100017,2026-07-29T13:23:33+05:30,status_change,AGT008,In Progress,Resolved,Fees & Finance,resolution provided
EV001225,TKT-100185,2026-08-07T10:00:00+05:30,escalated,AGT015,,,Academics & Exams,open > 48h in daily review
EV004012,TKT-100593,2026-09-05T09:00:00+05:30,status_change,SYSTEM,Resolved,Closed,Fees & Finance,auto-closed 3 days after resolution
EV000587,TKT-100091,2026-08-01T12:26:21+05:30,agent_response,AGT002,Assigned,In Progress,IT Support,
EV002845,TKT-100424,2026-08-17T13:20:48+05:30,status_change,AGT007,In Progress,Resolved,Hostel & Maintenance,resolution provided
EV000816,TKT-100122,2026-08-04T18:46:10+05:30,status_change,STU24633,Waiting on Student,In Progress,Fees & Finance,student replied
EV003126,TKT-100463,2026-08-18T10:46:22+05:30,reassigned,AGT013,In Progress,Assigned,IT Support,from=Hostel & Maintenance; assigned_to=AGT001
EV007713,TKT-101166,2026-09-18T22:25:41+05:30,assigned,SYSTEM,New,Assigned,IT Support,assigned_to=AGT003
EV007212,TKT-101078,2026-09-17T08:59:48+05:30,status_change,AGT001,In Progress,Resolved,IT Support,resolution provided
EV006773,TKT-101011,2026-09-14T10:47:50+05:30,reminder_sent,SYSTEM,,,Fees & Finance,auto-reminder: no response in 24h
EV001073,TKT-100161,2026-08-03T16:13:56+05:30,assigned,SYSTEM,New,Assigned,Hostel & Maintenance,assigned_to=AGT007
EV005953,TKT-100885,2026-09-14T10:15:32+05:30,status_change,SYSTEM,Resolved,Closed,Academics & Exams,auto-closed 3 days after resolution
EV004768,TKT-100704,2026-09-05T08:00:00+05:30,status_change,AGT001,In Progress,Resolved,IT Support,resolution provided
EV001605,TKT-100242,2026-08-11T09:00:00+05:30,status_change,AGT011,In Progress,Resolved,Academics & Exams,resolution provided
EV001306,TKT-100199,2026-08-04T21:36:44+05:30,assigned,SYSTEM,New,Assigned,Fees & Finance,assigned_to=AGT009
EV003402,TKT-100504,2026-08-18T07:43:01+05:30,created,STU25126,,New,,channel=email
EV007084,TKT-101059,2026-09-18T15:19:27+05:30,status_change,AGT010,In Progress,Waiting on Student,Academics & Exams,asked student for details
EV005479,TKT-100813,2026-09-05T16:20:45+05:30,status_change,AGT003,In Progress,Resolved,IT Support,resolution provided
EV004779,TKT-100706,2026-09-02T10:44:17+05:30,status_change,AGT011,In Progress,Resolved,Academics & Exams,resolution provided
EV004957,TKT-100733,2026-09-06T13:08:23+05:30,status_change,SYSTEM,Resolved,Closed,Academics & Exams,auto-closed 3 days after resolution
EV002733,TKT-100409,2026-08-13T08:54:03+05:30,assigned,SYSTEM,New,Assigned,Hostel & Maintenance,assigned_to=AGT007
EV006998,TKT-101045,2026-09-14T12:48:39+05:30,reassigned,AGT014,In Progress,Assigned,IT Support,from=Hostel & Maintenance; assigned_to=AGT001
EV001268,TKT-100192,2026-08-06T15:40:25+05:30,status_change,AGT009,In Progress,Waiting on Student,Fees & Finance,asked student for details
EV004528,TKT-100670,2026-09-01T08:00:00+05:30,status_change,AGT005,In Progress,Resolved,Hostel & Maintenance,resolution provided
EV007333,TKT-101100,2026-09-18T09:17:57+05:30,status_change,AGT011,In Progress,Waiting on Student,Academics & Exams,asked student for details
EV005482,TKT-100814,2026-09-05T10:58:50+05:30,assigned,AGT013,New,Assigned,Hostel & Maintenance,assigned_to=AGT006
EV004609,TKT-100681,2026-08-29T20:55:32+05:30,reminder_sent,SYSTEM,,,Fees & Finance,auto-reminder: no response in 24h
EV001032,TKT-100154,2026-08-08T14:12:03+05:30,status_change,SYSTEM,Resolved,Closed,Library,auto-closed 3 days after resolution
EV004546,TKT-100673,2026-08-28T18:14:08+05:30,created,STU24108,,New,,channel=email
EV003906,TKT-100577,2026-08-28T09:39:42+05:30,status_change,SYSTEM,Resolved,Closed,Library,auto-closed 3 days after resolution
EV005952,TKT-100885,2026-09-11T10:15:32+05:30,status_change,AGT011,In Progress,Resolved,Academics & Exams,resolution provided
EV002901,TKT-100432,2026-08-16T21:09:12+05:30,first_response,AGT010,Assigned,In Progress,Academics & Exams,
EV002200,TKT-100330,2026-08-10T18:05:07+05:30,created,STU24318,,New,,channel=portal
EV002286,TKT-100342,2026-08-10T13:40:30+05:30,first_response,AGT011,Assigned,In Progress,Academics & Exams,
EV001564,TKT-100236,2026-08-10T10:00:00+05:30,escalated,AGT015,,,Fees & Finance,open > 48h in daily review
EV004642,TKT-100686,2026-08-29T20:50:44+05:30,created,STU24015,,New,,channel=portal
EV005275,TKT-100781,2026-09-08T17:59:13+05:30,status_change,SYSTEM,Resolved,Closed,IT Support,auto-closed 3 days after resolution
EV007570,TKT-101143,2026-09-19T09:28:34+05:30,first_response,AGT012,Assigned,In Progress,Library,
EV005880,TKT-100874,2026-09-14T09:00:00+05:30,status_change,AGT009,In Progress,Resolved,Fees & Finance,resolution provided
EV005841,TKT-100868,2026-09-10T10:00:00+05:30,escalated,AGT015,,,IT Support,open > 48h in daily review
EV005343,TKT-100792,2026-09-08T10:24:52+05:30,status_change,SYSTEM,Resolved,Closed,Library,auto-closed 3 days after resolution
EV005728,TKT-100850,2026-09-07T12:06:27+05:30,assigned,AGT014,New,Assigned,IT Support,assigned_to=AGT001
EV001625,TKT-100246,2026-08-10T13:03:41+05:30,assigned,AGT014,New,Assigned,Hostel & Maintenance,assigned_to=AGT007
EV001981,TKT-100296,2026-08-08T15:59:13+05:30,created,STU24454,,New,,channel=portal
EV001889,TKT-100282,2026-08-16T08:00:00+05:30,status_change,SYSTEM,Resolved,Closed,Hostel & Maintenance,auto-closed 3 days after resolution
EV001527,TKT-100232,2026-08-15T09:00:00+05:30,status_change,SYSTEM,Resolved,Closed,Academics & Exams,auto-closed 3 days after resolution
EV003512,TKT-100519,2026-08-20T13:50:06+05:30,reminder_sent,SYSTEM,,,Fees & Finance,auto-reminder: no response in 24h
EV006156,TKT-100918,2026-09-09T15:56:09+05:30,first_response,AGT010,Assigned,In Progress,Academics & Exams,
EV003278,TKT-100486,2026-08-19T09:10:42+05:30,first_response,AGT004,Assigned,In Progress,IT Support,
EV001662,TKT-100251,2026-08-08T09:28:46+05:30,assigned,AGT013,New,Assigned,Fees & Finance,assigned_to=AGT009
EV004647,TKT-100686,2026-09-02T08:00:00+05:30,status_change,AGT006,In Progress,Resolved,Hostel & Maintenance,resolution provided
EV002485,TKT-100371,2026-08-30T10:01:41+05:30,status_change,SYSTEM,Resolved,Closed,Library,auto-closed 3 days after resolution
EV007970,TKT-101213,2026-09-06T20:25:00+05:30,status_change,AGT013,New,Cancelled,,duplicate of earlier ticket
EV000225,TKT-100035,2026-07-31T09:49:02+05:30,status_change,AGT005,In Progress,Waiting on Student,Hostel & Maintenance,asked student for details
EV004041,TKT-100598,2026-08-24T14:16:45+05:30,assigned,SYSTEM,New,Assigned,Library,assigned_to=AGT012
EV003792,TKT-100563,2026-08-21T21:00:34+05:30,created,STU24222,,New,,channel=email
EV000002,TKT-100001,2026-07-27T14:08:16+05:30,assigned,AGT013,New,Assigned,Hostel & Maintenance,assigned_to=AGT006
EV000672,TKT-100104,2026-07-31T09:52:00+05:30,created,STU24506,,New,,channel=portal
EV005288,TKT-100784,2026-09-03T15:20:09+05:30,created,STU24134,,New,,channel=portal
EV000664,TKT-100102,2026-08-09T10:57:06+05:30,status_change,SYSTEM,Resolved,Closed,Academics & Exams,auto-closed 3 days after resolution
EV004556,TKT-100674,2026-08-30T18:32:15+05:30,first_response,AGT006,Assigned,In Progress,Hostel & Maintenance,
EV000603,TKT-100093,2026-08-13T09:00:00+05:30,status_change,SYSTEM,Resolved,Closed,Academics & Exams,auto-closed 3 days after resolution
EV006517,TKT-100973,2026-09-14T10:00:00+05:30,escalated,AGT015,,,IT Support,open > 48h in daily review
EV000396,TKT-100063,2026-07-29T13:51:33+05:30,created,STU25390,,New,,channel=portal
EV003321,TKT-100492,2026-08-22T11:11:37+05:30,status_change,SYSTEM,Resolved,Closed,Hostel & Maintenance,auto-closed 3 days after resolution
EV001907,TKT-100285,2026-08-13T09:00:00+05:30,status_change,AGT008,In Progress,Resolved,Fees & Finance,resolution provided
EV002577,TKT-100384,2026-08-23T09:00:00+05:30,status_change,SYSTEM,Resolved,Closed,Fees & Finance,auto-closed 3 days after resolution
EV000677,TKT-100104,2026-08-03T10:00:00+05:30,escalated,AGT015,,,Hostel & Maintenance,open > 48h in daily review
EV007432,TKT-101117,2026-09-17T13:55:17+05:30,first_response,AGT002,Assigned,In Progress,IT Support,
EV001890,TKT-100283,2026-08-08T10:04:15+05:30,created,STU25745,,New,,channel=portal
EV002259,TKT-100338,2026-08-14T19:41:46+05:30,status_change,SYSTEM,Resolved,Closed,IT Support,auto-closed 3 days after resolution
EV000285,TKT-100045,2026-07-28T18:24:20+05:30,created,STU24217,,New,,channel=portal
EV006498,TKT-100970,2026-09-17T16:52:59+05:30,status_change,AGT005,Reopened,Resolved,Hostel & Maintenance,resolved after reopen
EV000857,TKT-100128,2026-08-10T16:47:21+05:30,status_change,AGT008,In Progress,Waiting on Student,Fees & Finance,asked student for details
EV007032,TKT-101051,2026-09-15T14:25:46+05:30,first_response,AGT011,Assigned,In Progress,Academics & Exams,
EV004470,TKT-100662,2026-08-30T19:21:32+05:30,first_response,AGT010,Assigned,In Progress,Academics & Exams,
EV002249,TKT-100337,2026-08-11T17:43:59+05:30,reminder_sent,SYSTEM,,,IT Support,auto-reminder: no response in 24h
EV003096,TKT-100458,2026-08-23T08:00:00+05:30,status_change,SYSTEM,Resolved,Closed,IT Support,auto-closed 3 days after resolution
EV005312,TKT-100787,2026-09-04T11:33:33+05:30,reassigned,AGT013,In Progress,Assigned,Hostel & Maintenance,from=Library; assigned_to=AGT007
EV002853,TKT-100426,2026-08-14T11:47:26+05:30,assigned,SYSTEM,New,Assigned,IT Support,assigned_to=AGT004
EV007174,TKT-101072,2026-09-19T12:48:58+05:30,status_change,SYSTEM,Resolved,Closed,IT Support,auto-closed 3 days after resolution
EV006501,TKT-100971,2026-09-11T21:55:39+05:30,assigned,SYSTEM,New,Assigned,Library,assigned_to=AGT012
EV002123,TKT-100319,2026-08-10T12:23:26+05:30,assigned,AGT013,New,Assigned,Academics & Exams,assigned_to=AGT010
EV006917,TKT-101032,2026-09-15T11:25:33+05:30,status_change,AGT001,In Progress,Resolved,IT Support,resolution provided
EV007065,TKT-101057,2026-09-15T10:35:21+05:30,assigned,SYSTEM,New,Assigned,Fees & Finance,assigned_to=AGT009
EV002885,TKT-100429,2026-08-22T14:11:07+05:30,status_change,SYSTEM,Resolved,Closed,IT Support,auto-closed 3 days after resolution
EV000470,TKT-100073,2026-07-29T14:13:53+05:30,status_change,AGT006,In Progress,Waiting on Student,Hostel & Maintenance,asked student for details
EV002203,TKT-100330,2026-08-11T12:36:28+05:30,status_change,AGT011,In Progress,Resolved,Academics & Exams,resolution provided
EV005116,TKT-100757,2026-09-05T10:43:36+05:30,status_change,STU25371,Resolved,Reopened,Hostel & Maintenance,student: issue not fixed
EV002375,TKT-100355,2026-08-11T16:59:54+05:30,assigned,SYSTEM,New,Assigned,Hostel & Maintenance,assigned_to=AGT007
EV007579,TKT-101144,2026-09-19T13:54:47+05:30,first_response,AGT002,Assigned,In Progress,IT Support,
EV002261,TKT-100339,2026-08-10T14:29:31+05:30,assigned,SYSTEM,New,Assigned,Fees & Finance,assigned_to=AGT008
EV005714,TKT-100848,2026-09-09T10:00:00+05:30,escalated,AGT015,,,Academics & Exams,open > 48h in daily review
EV006635,TKT-100991,2026-09-17T13:12:15+05:30,status_change,SYSTEM,Resolved,Closed,IT Support,auto-closed 3 days after resolution
EV006925,TKT-101034,2026-09-14T08:48:49+05:30,assigned,SYSTEM,New,Assigned,Hostel & Maintenance,assigned_to=AGT005
EV000800,TKT-100120,2026-08-03T04:13:02+05:30,first_response,AGT005,Assigned,In Progress,Hostel & Maintenance,
EV006573,TKT-100983,2026-09-12T14:59:58+05:30,assigned,AGT013,New,Assigned,Academics & Exams,assigned_to=AGT010
EV005911,TKT-100879,2026-09-11T14:24:42+05:30,status_change,SYSTEM,Resolved,Closed,Fees & Finance,auto-closed 3 days after resolution
EV001711,TKT-100257,2026-08-15T09:00:00+05:30,status_change,SYSTEM,Resolved,Closed,Academics & Exams,auto-closed 3 days after resolution
EV007308,TKT-101096,2026-09-16T11:26:38+05:30,assigned,SYSTEM,New,Assigned,IT Support,assigned_to=AGT001
EV002710,TKT-100405,2026-08-17T10:00:00+05:30,escalated,AGT015,,,Hostel & Maintenance,open > 48h in daily review
EV005072,TKT-100751,2026-09-03T12:13:54+05:30,first_response,AGT008,Assigned,In Progress,Fees & Finance,
EV001229,TKT-100186,2026-08-05T11:18:28+05:30,assigned,AGT014,New,Assigned,Academics & Exams,assigned_to=AGT011
EV001610,TKT-100243,2026-08-07T12:13:41+05:30,first_response,AGT007,Assigned,In Progress,Hostel & Maintenance,
EV002556,TKT-100382,2026-08-12T11:32:02+05:30,assigned,SYSTEM,New,Assigned,Academics & Exams,assigned_to=AGT010
EV005900,TKT-100877,2026-09-09T11:09:34+05:30,status_change,AGT008,In Progress,Waiting on Student,Fees & Finance,asked student for details
EV002072,TKT-100311,2026-08-09T18:46:05+05:30,created,STU24867,,New,,channel=portal
EV000046,TKT-100007,2026-07-27T11:24:12+05:30,created,STU25485,,New,,channel=portal
EV007007,TKT-101047,2026-09-14T17:28:28+05:30,created,STU25692,,New,,channel=portal
EV003190,TKT-100473,2026-08-19T20:17:08+05:30,first_response,AGT009,Assigned,In Progress,Fees & Finance,
EV003702,TKT-100549,2026-08-25T13:19:12+05:30,status_change,SYSTEM,Resolved,Closed,IT Support,auto-closed 3 days after resolution
EV000083,TKT-100013,2026-07-28T10:11:44+05:30,assigned,AGT013,New,Assigned,Hostel & Maintenance,assigned_to=AGT005
EV007477,TKT-101126,2026-09-17T15:40:40+05:30,first_response,AGT004,Assigned,In Progress,IT Support,
EV000474,TKT-100074,2026-07-29T23:53:53+05:30,created,STU25444,,New,,channel=portal
EV001197,TKT-100180,2026-08-05T10:13:34+05:30,status_change,AGT004,In Progress,Resolved,IT Support,resolution provided
EV003694,TKT-100548,2026-08-24T18:53:28+05:30,first_response,AGT008,Assigned,In Progress,Fees & Finance,
EV002711,TKT-100405,2026-08-18T19:14:59+05:30,status_change,AGT007,In Progress,Resolved,Hostel & Maintenance,resolution provided
EV003605,TKT-100534,2026-08-20T16:47:43+05:30,assigned,SYSTEM,New,Assigned,Hostel & Maintenance,assigned_to=AGT006
EV004574,TKT-100676,2026-08-29T17:15:26+05:30,status_change,AGT004,In Progress,Resolved,IT Support,resolution provided
EV002144,TKT-100322,2026-08-12T09:00:45+05:30,reminder_sent,SYSTEM,,,Fees & Finance,auto-reminder: no response in 24h
EV005415,TKT-100803,2026-09-07T16:48:50+05:30,agent_response,AGT012,Assigned,In Progress,Library,
EV006500,TKT-100971,2026-09-11T21:47:54+05:30,created,STU24025,,New,,channel=portal
EV007363,TKT-101105,2026-09-18T11:15:20+05:30,status_change,AGT002,In Progress,Resolved,IT Support,resolution provided
EV007560,TKT-101141,2026-09-17T20:51:29+05:30,assigned,SYSTEM,New,Assigned,IT Support,assigned_to=AGT001
EV006726,TKT-101003,2026-09-17T09:00:00+05:30,status_change,AGT011,In Progress,Resolved,Academics & Exams,resolution provided
EV000719,TKT-100109,2026-08-08T08:00:00+05:30,status_change,SYSTEM,Resolved,Closed,Hostel & Maintenance,auto-closed 3 days after resolution
EV005874,TKT-100873,2026-09-11T11:49:18+05:30,status_change,SYSTEM,Resolved,Closed,Hostel & Maintenance,auto-closed 3 days after resolution
EV001343,TKT-100204,2026-08-07T08:33:50+05:30,status_change,AGT002,In Progress,Resolved,IT Support,resolution provided
EV000560,TKT-100087,2026-07-30T20:30:54+05:30,assigned,SYSTEM,New,Assigned,Fees & Finance,assigned_to=AGT008
EV005766,TKT-100856,2026-09-13T09:00:00+05:30,status_change,SYSTEM,Resolved,Closed,Fees & Finance,auto-closed 3 days after resolution
EV006558,TKT-100980,2026-09-14T15:39:08+05:30,status_change,AGT007,In Progress,Resolved,Hostel & Maintenance,resolution provided
EV007129,TKT-101066,2026-09-15T20:40:18+05:30,assigned,SYSTEM,New,Assigned,Academics & Exams,assigned_to=AGT011
EV001542,TKT-100234,2026-08-10T10:00:00+05:30,escalated,AGT015,,,Fees & Finance,open > 48h in daily review
EV007789,TKT-101178,2026-09-19T12:33:13+05:30,status_change,AGT002,In Progress,Waiting on Student,IT Support,asked student for details
EV002921,TKT-100435,2026-08-15T08:00:11+05:30,first_response,AGT002,Assigned,In Progress,IT Support,
EV005053,TKT-100748,2026-09-03T10:00:00+05:30,escalated,AGT015,,,Hostel & Maintenance,open > 48h in daily review
EV004716,TKT-100696,2026-09-04T09:44:53+05:30,status_change,SYSTEM,Resolved,Closed,IT Support,auto-closed 3 days after resolution
EV004483,TKT-100664,2026-08-28T22:42:29+05:30,status_change,STU25444,Waiting on Student,In Progress,IT Support,student replied
EV003271,TKT-100485,2026-08-19T16:33:26+05:30,reminder_sent,SYSTEM,,,Hostel & Maintenance,auto-reminder: no response in 24h
EV000579,TKT-100090,2026-08-02T18:12:00+05:30,first_response,AGT008,Assigned,In Progress,Fees & Finance,
EV005796,TKT-100861,2026-09-07T14:30:47+05:30,assigned,SYSTEM,New,Assigned,Academics & Exams,assigned_to=AGT011
EV007207,TKT-101078,2026-09-15T19:09:40+05:30,created,STU25672,,New,,channel=email
EV002423,TKT-100363,2026-08-11T18:34:35+05:30,assigned,SYSTEM,New,Assigned,IT Support,assigned_to=AGT004
EV000543,TKT-100084,2026-08-03T10:00:00+05:30,escalated,AGT015,,,Hostel & Maintenance,open > 48h in daily review
EV006827,TKT-101019,2026-09-13T10:38:28+05:30,created,STU25772,,New,,channel=portal
EV005927,TKT-100881,2026-09-14T15:10:47+05:30,status_change,SYSTEM,Resolved,Closed,Hostel & Maintenance,auto-closed 3 days after resolution
EV002836,TKT-100423,2026-08-17T09:42:32+05:30,reassigned,AGT014,In Progress,Assigned,Hostel & Maintenance,from=Academics & Exams; assigned_to=AGT005
EV002331,TKT-100348,2026-08-16T10:46:55+05:30,status_change,SYSTEM,Resolved,Closed,IT Support,auto-closed 3 days after resolution
EV002713,TKT-100405,2026-08-20T12:52:06+05:30,status_change,AGT007,Reopened,Resolved,Hostel & Maintenance,resolved after reopen
EV003079,TKT-100456,2026-08-18T17:01:37+05:30,status_change,SYSTEM,Resolved,Closed,IT Support,auto-closed 3 days after resolution
EV007480,TKT-101126,2026-09-18T14:26:38+05:30,status_change,AGT004,In Progress,Resolved,IT Support,resolution provided
EV001861,TKT-100279,2026-08-08T13:31:19+05:30,assigned,SYSTEM,New,Assigned,IT Support,assigned_to=AGT002
EV006993,TKT-101044,2026-09-16T15:12:05+05:30,status_change,AGT011,In Progress,Resolved,Academics & Exams,resolution provided
EV005365,TKT-100796,2026-09-04T16:46:18+05:30,first_response,AGT001,Assigned,In Progress,IT Support,
EV003094,TKT-100458,2026-08-19T10:00:00+05:30,escalated,AGT015,,,IT Support,open > 48h in daily review
EV000275,TKT-100043,2026-07-31T10:00:00+05:30,escalated,AGT015,,,Hostel & Maintenance,open > 48h in daily review
EV001478,TKT-100225,2026-08-06T22:27:35+05:30,created,STU24654,,New,,channel=portal
EV003596,TKT-100532,2026-08-24T18:18:55+05:30,status_change,SYSTEM,Resolved,Closed,Hostel & Maintenance,auto-closed 3 days after resolution
EV001778,TKT-100267,2026-08-08T20:21:55+05:30,status_change,STU25196,Resolved,Reopened,IT Support,student: issue not fixed
EV001561,TKT-100236,2026-08-07T13:32:36+05:30,first_response,AGT008,Assigned,In Progress,Fees & Finance,
EV005540,TKT-100822,2026-09-07T10:00:00+05:30,escalated,AGT015,,,Hostel & Maintenance,open > 48h in daily review
EV005424,TKT-100804,2026-09-05T16:21:26+05:30,status_change,AGT012,In Progress,Resolved,Library,resolution provided
EV006806,TKT-101014,2026-09-19T12:12:46+05:30,status_change,SYSTEM,Resolved,Closed,Hostel & Maintenance,auto-closed 3 days after resolution
EV002374,TKT-100355,2026-08-11T16:51:31+05:30,created,STU24740,,New,,channel=portal
EV001323,TKT-100202,2026-08-05T19:01:02+05:30,created,STU24093,,New,,channel=email
EV006478,TKT-100968,2026-09-12T14:37:18+05:30,first_response,AGT002,Assigned,In Progress,IT Support,
EV000588,TKT-100091,2026-08-01T13:35:15+05:30,status_change,AGT002,In Progress,Waiting on Student,IT Support,asked student for details
EV006897,TKT-101029,2026-09-14T14:59:05+05:30,assigned,AGT013,New,Assigned,Academics & Exams,assigned_to=AGT010
EV006736,TKT-101005,2026-09-14T08:56:04+05:30,first_response,AGT003,Assigned,In Progress,IT Support,
EV001614,TKT-100244,2026-08-06T15:05:02+05:30,created,STU25336,,New,,channel=portal
EV005684,TKT-100843,2026-09-09T10:38:18+05:30,status_change,AGT001,In Progress,Resolved,IT Support,resolution provided
EV001136,TKT-100170,2026-08-05T17:17:37+05:30,status_change,AGT007,In Progress,Resolved,Hostel & Maintenance,resolution provided
EV002551,TKT-100381,2026-08-12T15:22:19+05:30,assigned,AGT013,New,Assigned,IT Support,assigned_to=AGT001
EV003557,TKT-100526,2026-08-22T09:23:20+05:30,reassigned,AGT014,In Progress,Assigned,Library,from=Hostel & Maintenance; assigned_to=AGT012
EV005430,TKT-100805,2026-09-07T10:00:00+05:30,escalated,AGT015,,,Academics & Exams,open > 48h in daily review
EV003366,TKT-100498,2026-08-22T09:18:44+05:30,status_change,SYSTEM,Resolved,Closed,IT Support,auto-closed 3 days after resolution
EV005722,TKT-100849,2026-09-09T10:44:41+05:30,status_change,AGT010,In Progress,Waiting on Student,Academics & Exams,asked student for details
EV001991,TKT-100297,2026-08-10T10:37:11+05:30,status_change,AGT004,In Progress,Resolved,IT Support,resolution provided
EV004404,TKT-100651,2026-08-29T19:51:02+05:30,status_change,AGT007,In Progress,Resolved,Hostel & Maintenance,resolution provided
EV000844,TKT-100126,2026-08-06T09:00:00+05:30,status_change,AGT009,In Progress,Resolved,Fees & Finance,resolution provided
EV006923,TKT-101033,2026-09-19T14:54:47+05:30,status_change,SYSTEM,Resolved,Closed,Academics & Exams,auto-closed 3 days after resolution
EV005525,TKT-100819,2026-09-13T09:00:00+05:30,status_change,SYSTEM,Resolved,Closed,Academics & Exams,auto-closed 3 days after resolution
EV003541,TKT-100523,2026-08-20T09:54:08+05:30,status_change,AGT001,Reopened,Resolved,IT Support,resolved after reopen
EV000623,TKT-100097,2026-08-01T09:47:51+05:30,assigned,AGT013,New,Assigned,Academics & Exams,assigned_to=AGT011
EV004361,TKT-100646,2026-08-27T18:52:15+05:30,assigned,SYSTEM,New,Assigned,Fees & Finance,assigned_to=AGT008
EV000812,TKT-100122,2026-08-01T09:30:15+05:30,assigned,SYSTEM,New,Assigned,Fees & Finance,assigned_to=AGT009
EV002128,TKT-100319,2026-08-16T09:00:00+05:30,status_change,SYSTEM,Resolved,Closed,Academics & Exams,auto-closed 3 days after resolution
EV005101,TKT-100755,2026-09-03T12:30:43+05:30,status_change,STU24758,Waiting on Student,In Progress,IT Support,student replied
EV004184,TKT-100618,2026-08-29T13:37:35+05:30,status_change,SYSTEM,Resolved,Closed,Library,auto-closed 3 days after resolution
EV001966,TKT-100293,2026-08-10T05:38:43+05:30,first_response,AGT001,Assigned,In Progress,IT Support,
EV006765,TKT-101010,2026-09-14T11:22:25+05:30,reminder_sent,SYSTEM,,,Academics & Exams,auto-reminder: no response in 24h
EV003413,TKT-100505,2026-08-19T19:58:31+05:30,status_change,AGT005,In Progress,Waiting on Student,Hostel & Maintenance,asked student for details
EV005793,TKT-100860,2026-09-08T15:26:56+05:30,status_change,AGT005,In Progress,Resolved,Hostel & Maintenance,resolution provided
EV003524,TKT-100520,2026-08-30T12:16:42+05:30,status_change,SYSTEM,Resolved,Closed,Academics & Exams,auto-closed 3 days after resolution
EV004158,TKT-100614,2026-08-25T19:14:52+05:30,status_change,AGT003,In Progress,Waiting on Student,IT Support,asked student for details
EV002437,TKT-100365,2026-08-14T18:40:37+05:30,status_change,SYSTEM,Resolved,Closed,IT Support,auto-closed 3 days after resolution
EV007786,TKT-101178,2026-09-19T08:06:43+05:30,created,STU25609,,New,,channel=email
EV007152,TKT-101069,2026-09-18T13:34:32+05:30,status_change,AGT012,In Progress,Resolved,Library,resolution provided
EV005377,TKT-100798,2026-09-07T12:42:51+05:30,status_change,AGT005,In Progress,Resolved,Hostel & Maintenance,resolution provided
EV000134,TKT-100022,2026-07-28T12:39:25+05:30,assigned,AGT013,New,Assigned,IT Support,assigned_to=AGT001
EV004114,TKT-100607,2026-08-24T02:31:30+05:30,assigned,SYSTEM,New,Assigned,Academics & Exams,assigned_to=AGT011
EV000161,TKT-100026,2026-07-30T01:58:42+05:30,status_change,STU24179,Waiting on Student,In Progress,Fees & Finance,student replied
EV002142,TKT-100322,2026-08-10T17:38:50+05:30,created,STU25314,,New,,channel=email
EV003013,TKT-100446,2026-08-31T11:44:39+05:30,status_change,AGT009,Reopened,Resolved,Fees & Finance,resolved after reopen
EV006112,TKT-100911,2026-09-10T14:38:55+05:30,assigned,AGT014,New,Assigned,IT Support,assigned_to=AGT004
EV005200,TKT-100771,2026-09-02T14:54:50+05:30,created,STU24999,,New,,channel=email
EV001816,TKT-100272,2026-08-08T08:46:17+05:30,first_response,AGT005,Assigned,In Progress,Hostel & Maintenance,
EV004043,TKT-100598,2026-08-24T16:49:38+05:30,reassigned,AGT014,In Progress,Assigned,IT Support,from=Library; assigned_to=AGT001
EV002372,TKT-100354,2026-08-12T14:37:54+05:30,status_change,AGT012,In Progress,Waiting on Student,Library,asked student for details
EV003985,TKT-100590,2026-08-24T13:17:14+05:30,created,STU24438,,New,,channel=email
EV006721,TKT-101003,2026-09-14T15:00:15+05:30,assigned,AGT014,New,Assigned,Academics & Exams,assigned_to=AGT011
EV007311,TKT-101096,2026-09-19T14:00:18+05:30,status_change,SYSTEM,Resolved,Closed,IT Support,auto-closed 3 days after resolution
EV005452,TKT-100809,2026-09-04T11:21:43+05:30,created,STU24911,,New,,channel=email
EV007533,TKT-101136,2026-09-18T11:52:15+05:30,assigned,AGT013,New,Assigned,Fees & Finance,assigned_to=AGT008
EV003375,TKT-100500,2026-08-20T13:36:10+05:30,status_change,AGT002,In Progress,Resolved,IT Support,resolution provided
EV000489,TKT-100076,2026-07-30T10:05:00+05:30,assigned,SYSTEM,New,Assigned,Library,assigned_to=AGT012
EV001667,TKT-100251,2026-08-20T09:00:00+05:30,status_change,SYSTEM,Resolved,Closed,Fees & Finance,auto-closed 3 days after resolution
EV003156,TKT-100468,2026-08-17T15:38:10+05:30,reassigned,AGT014,In Progress,Assigned,Fees & Finance,from=Academics & Exams; assigned_to=AGT009
EV003123,TKT-100463,2026-08-17T13:56:28+05:30,first_response,AGT012,Assigned,In Progress,Library,
EV007215,TKT-101079,2026-09-15T15:12:57+05:30,assigned,SYSTEM,New,Assigned,IT Support,assigned_to=AGT004
EV005271,TKT-100781,2026-09-03T21:26:15+05:30,status_change,STU25717,Waiting on Student,In Progress,IT Support,student replied
EV005260,TKT-100780,2026-09-03T09:15:18+05:30,created,STU25657,,New,,channel=portal
EV000190,TKT-100030,2026-07-28T12:24:48+05:30,assigned,SYSTEM,New,Assigned,Hostel & Maintenance,assigned_to=AGT007
EV004189,TKT-100619,2026-08-28T10:00:00+05:30,escalated,AGT015,,,Hostel & Maintenance,open > 48h in daily review
EV002468,TKT-100370,2026-08-13T17:39:28+05:30,reminder_sent,SYSTEM,,,Fees & Finance,auto-reminder: no response in 24h
EV007815,TKT-101183,2026-09-20T16:34:55+05:30,reminder_sent,SYSTEM,,,Academics & Exams,auto-reminder: no response in 24h
EV004504,TKT-100667,2026-08-31T00:54:55+05:30,first_response,AGT010,Assigned,In Progress,Academics & Exams,
EV007760,TKT-101173,2026-09-19T17:03:26+05:30,assigned,SYSTEM,New,Assigned,Library,assigned_to=AGT012
EV001987,TKT-100296,2026-08-16T09:00:00+05:30,status_change,SYSTEM,Resolved,Closed,Fees & Finance,auto-closed 3 days after resolution
EV005374,TKT-100798,2026-09-04T12:05:48+05:30,assigned,SYSTEM,New,Assigned,Hostel & Maintenance,assigned_to=AGT005
EV005907,TKT-100879,2026-09-07T10:33:43+05:30,created,STU24055,,New,,channel=portal
EV003362,TKT-100498,2026-08-18T16:48:19+05:30,first_response,AGT002,Assigned,In Progress,IT Support,
EV007682,TKT-101162,2026-09-18T15:58:42+05:30,created,STU25367,,New,,channel=email
EV001509,TKT-100229,2026-08-10T14:44:38+05:30,status_change,SYSTEM,Resolved,Closed,Fees & Finance,auto-closed 3 days after resolution
EV003108,TKT-100460,2026-08-19T09:00:00+05:30,status_change,AGT011,In Progress,Resolved,Academics & Exams,resolution provided
EV007076,TKT-101059,2026-09-15T13:21:37+05:30,created,STU24721,,New,,channel=email
EV007389,TKT-101109,2026-09-17T13:04:44+05:30,first_response,AGT003,Assigned,In Progress,IT Support,
EV004132,TKT-100610,2026-09-02T09:03:09+05:30,status_change,AGT006,In Progress,Resolved,Hostel & Maintenance,resolution provided
EV004096,TKT-100604,2026-08-24T14:20:34+05:30,first_response,AGT004,Assigned,In Progress,IT Support,
EV003300,TKT-100489,2026-08-18T13:51:51+05:30,assigned,SYSTEM,New,Assigned,Library,assigned_to=AGT012
EV002871,TKT-100428,2026-08-17T10:00:00+05:30,escalated,AGT015,,,Academics & Exams,open > 48h in daily review
EV000099,TKT-100015,2026-07-28T13:02:14+05:30,status_change,AGT006,In Progress,Resolved,Hostel & Maintenance,resolution provided
EV002000,TKT-100299,2026-08-08T15:45:28+05:30,first_response,AGT012,Assigned,In Progress,Library,
EV007981,TKT-101219,2026-09-11T15:21:30+05:30,created,STU24483,,New,,channel=email
EV004026,TKT-100595,2026-09-03T09:00:00+05:30,status_change,SYSTEM,Resolved,Closed,Academics & Exams,auto-closed 3 days after resolution
EV005581,TKT-100829,2026-09-07T09:30:38+05:30,status_change,AGT012,In Progress,Resolved,Library,resolution provided
EV000713,TKT-100109,2026-08-01T22:41:55+05:30,reminder_sent,SYSTEM,,,Hostel & Maintenance,auto-reminder: no response in 24h
EV004273,TKT-100632,2026-08-26T17:06:35+05:30,first_response,AGT004,Assigned,In Progress,IT Support,
EV004856,TKT-100718,2026-09-06T16:47:17+05:30,status_change,SYSTEM,Resolved,Closed,Academics & Exams,auto-closed 3 days after resolution
EV001797,TKT-100269,2026-08-13T12:03:30+05:30,status_change,AGT008,Reopened,Resolved,Fees & Finance,resolved after reopen
EV000389,TKT-100061,2026-08-04T09:00:00+05:30,status_change,AGT011,In Progress,Resolved,Academics & Exams,resolution provided
EV006941,TKT-101036,2026-09-14T20:35:37+05:30,created,STU24215,,New,,channel=portal
EV001806,TKT-100271,2026-08-07T16:01:17+05:30,created,STU25746,,New,,channel=portal
EV002097,TKT-100315,2026-08-11T08:39:12+05:30,first_response,AGT007,Assigned,In Progress,Hostel & Maintenance,
EV006002,TKT-100894,2026-09-10T08:48:57+05:30,status_change,AGT007,In Progress,Resolved,Hostel & Maintenance,resolution provided
EV005833,TKT-100867,2026-09-07T12:52:08+05:30,first_response,AGT010,Assigned,In Progress,Academics & Exams,
EV006149,TKT-100917,2026-09-10T11:30:13+05:30,first_response,AGT007,Assigned,In Progress,Hostel & Maintenance,
EV001649,TKT-100249,2026-08-08T13:38:15+05:30,reminder_sent,SYSTEM,,,Hostel & Maintenance,auto-reminder: no response in 24h
EV000898,TKT-100135,2026-08-01T08:00:51+05:30,created,STU24808,,New,,channel=portal
EV007697,TKT-101164,2026-09-19T16:04:36+05:30,assigned,AGT013,New,Assigned,Hostel & Maintenance,assigned_to=AGT007
EV007170,TKT-101072,2026-09-15T16:03:06+05:30,first_response,AGT003,Assigned,In Progress,IT Support,
EV004452,TKT-100659,2026-09-03T16:16:22+05:30,status_change,SYSTEM,Waiting on Student,Closed - No Response,Academics & Exams,auto-closed after 72h without student reply
EV004878,TKT-100722,2026-08-31T13:37:30+05:30,created,STU25028,,New,,channel=portal
EV004055,TKT-100599,2026-08-24T14:33:16+05:30,assigned,SYSTEM,New,Assigned,IT Support,assigned_to=AGT003
EV007240,TKT-101083,2026-09-16T16:40:10+05:30,first_response,AGT011,Assigned,In Progress,Academics & Exams,
EV000142,TKT-100023,2026-07-30T10:00:00+05:30,escalated,AGT015,,,Fees & Finance,open > 48h in daily review
EV002768,TKT-100413,2026-08-14T13:31:52+05:30,agent_response,AGT004,Assigned,In Progress,IT Support,
EV000834,TKT-100125,2026-08-03T08:46:42+05:30,status_change,AGT006,In Progress,Waiting on Student,Hostel & Maintenance,asked student for details
EV004419,TKT-100654,2026-08-27T14:34:21+05:30,assigned,SYSTEM,New,Assigned,Academics & Exams,assigned_to=AGT010
EV005563,TKT-100826,2026-09-05T13:50:43+05:30,assigned,SYSTEM,New,Assigned,IT Support,assigned_to=AGT002
EV005265,TKT-100780,2026-09-07T08:31:09+05:30,status_change,AGT005,Reopened,Resolved,Hostel & Maintenance,resolved after reopen
EV005458,TKT-100810,2026-09-04T15:34:23+05:30,assigned,SYSTEM,New,Assigned,IT Support,assigned_to=AGT002
EV001430,TKT-100219,2026-08-06T22:11:00+05:30,created,STU24843,,New,,channel=portal
EV006401,TKT-100957,2026-09-12T16:13:34+05:30,first_response,AGT005,Assigned,In Progress,Hostel & Maintenance,
EV007670,TKT-101159,2026-09-19T12:45:51+05:30,assigned,AGT013,New,Assigned,Library,assigned_to=AGT012
EV007880,TKT-101194,2026-09-20T18:27:56+05:30,created,STU24824,,New,,channel=portal
EV006769,TKT-101010,2026-09-16T10:00:00+05:30,escalated,AGT015,,,Academics & Exams,open > 48h in daily review
EV003883,TKT-100575,2026-08-25T10:33:53+05:30,assigned,AGT014,New,Assigned,IT Support,assigned_to=AGT001
EV001790,TKT-100269,2026-08-07T21:36:11+05:30,created,STU24843,,New,,channel=portal
EV001418,TKT-100217,2026-08-07T18:30:56+05:30,reminder_sent,SYSTEM,,,Hostel & Maintenance,auto-reminder: no response in 24h
EV005156,TKT-100763,2026-09-02T19:51:03+05:30,status_change,STU25791,Resolved,Reopened,IT Support,student: issue not fixed
EV005597,TKT-100831,2026-09-10T08:34:40+05:30,status_change,SYSTEM,Resolved,Closed,IT Support,auto-closed 3 days after resolution
EV002990,TKT-100444,2026-08-21T14:17:05+05:30,status_change,AGT010,In Progress,Waiting on Student,Academics & Exams,asked student for details
EV003895,TKT-100576,2026-08-24T19:50:27+05:30,status_change,STU25445,Waiting on Student,In Progress,Library,student replied
EV003028,TKT-100449,2026-08-15T16:44:23+05:30,assigned,AGT013,New,Assigned,IT Support,assigned_to=AGT004
EV006154,TKT-100918,2026-09-09T12:27:06+05:30,created,STU25097,,New,,channel=email
EV000728,TKT-100111,2026-07-31T14:02:22+05:30,created,STU24560,,New,,channel=email
EV006164,TKT-100919,2026-09-10T14:46:57+05:30,status_change,AGT011,In Progress,Resolved,Academics & Exams,resolution provided
EV005144,TKT-100761,2026-09-03T10:28:28+05:30,status_change,AGT012,In Progress,Waiting on Student,Library,asked student for details
EV005834,TKT-100867,2026-09-08T16:49:52+05:30,status_change,AGT010,In Progress,Resolved,Academics & Exams,resolution provided
EV007936,TKT-101204,2026-09-20T17:36:54+05:30,created,STU24151,,New,,channel=portal
EV004258,TKT-100629,2026-08-31T10:00:00+05:30,escalated,AGT015,,,Academics & Exams,open > 48h in daily review
EV002532,TKT-100378,2026-08-12T17:43:18+05:30,created,STU24973,,New,,channel=email
EV007372,TKT-101106,2026-09-20T10:36:49+05:30,status_change,SYSTEM,Resolved,Closed,Hostel & Maintenance,auto-closed 3 days after resolution
EV007654,TKT-101156,2026-09-18T13:57:53+05:30,first_response,AGT011,Assigned,In Progress,Academics & Exams,
EV002839,TKT-100423,2026-08-20T11:18:06+05:30,status_change,AGT005,In Progress,Resolved,Hostel & Maintenance,resolution provided
EV001051,TKT-100158,2026-08-04T19:20:45+05:30,reminder_sent,SYSTEM,,,Academics & Exams,auto-reminder: no response in 24h
EV004886,TKT-100723,2026-09-02T09:47:50+05:30,status_change,AGT011,In Progress,Waiting on Student,Academics & Exams,asked student for details
EV000821,TKT-100123,2026-08-01T11:53:21+05:30,assigned,SYSTEM,New,Assigned,IT Support,assigned_to=AGT002
EV002697,TKT-100403,2026-08-16T22:22:21+05:30,first_response,AGT008,Assigned,In Progress,Fees & Finance,
EV001676,TKT-100253,2026-08-07T16:28:17+05:30,created,STU25647,,New,,channel=portal
EV000379,TKT-100060,2026-07-30T08:51:38+05:30,first_response,AGT005,Assigned,In Progress,Hostel & Maintenance,
EV005008,TKT-100741,2026-09-03T12:20:18+05:30,status_change,AGT012,In Progress,Resolved,Library,resolution provided
EV006264,TKT-100935,2026-09-12T13:17:50+05:30,reminder_sent,SYSTEM,,,Academics & Exams,auto-reminder: no response in 24h
EV005892,TKT-100876,2026-09-08T23:31:29+05:30,status_change,STU24437,Waiting on Student,In Progress,Academics & Exams,student replied
EV007771,TKT-101175,2026-09-19T13:43:49+05:30,created,STU25754,,New,,channel=portal
EV003714,TKT-100551,2026-08-22T17:53:37+05:30,status_change,STU24663,Waiting on Student,In Progress,IT Support,student replied
EV000523,TKT-100081,2026-07-31T17:01:52+05:30,reassigned,AGT014,In Progress,Assigned,Hostel & Maintenance,from=IT Support; assigned_to=AGT005
EV003317,TKT-100492,2026-08-18T12:47:57+05:30,created,STU24736,,New,,channel=email
EV004532,TKT-100671,2026-08-28T16:50:24+05:30,created,STU24088,,New,,channel=portal
EV000191,TKT-100030,2026-07-28T19:46:11+05:30,first_response,AGT007,Assigned,In Progress,Hostel & Maintenance,
EV005977,TKT-100890,2026-09-08T12:30:27+05:30,created,STU24745,,New,,channel=portal
EV004967,TKT-100735,2026-09-05T08:00:00+05:30,status_change,AGT005,In Progress,Resolved,Hostel & Maintenance,resolution provided
EV000300,TKT-100047,2026-07-31T10:00:00+05:30,escalated,AGT015,,,Hostel & Maintenance,open > 48h in daily review
EV007526,TKT-101135,2026-09-17T15:02:57+05:30,created,STU24186,,New,,channel=portal
EV002419,TKT-100362,2026-08-12T13:29:22+05:30,first_response,AGT006,Assigned,In Progress,Hostel & Maintenance,
EV002549,TKT-100380,2026-08-16T15:55:55+05:30,status_change,SYSTEM,Resolved,Closed,IT Support,auto-closed 3 days after resolution
EV002559,TKT-100382,2026-08-13T14:11:10+05:30,reassigned,AGT014,In Progress,Assigned,Library,from=Academics & Exams; assigned_to=AGT012
EV001831,TKT-100274,2026-08-11T17:10:18+05:30,status_change,SYSTEM,Resolved,Closed,IT Support,auto-closed 3 days after resolution
EV001723,TKT-100259,2026-08-11T09:00:00+05:30,status_change,AGT011,In Progress,Resolved,Academics & Exams,resolution provided
EV001804,TKT-100270,2026-08-07T16:15:25+05:30,status_change,AGT002,In Progress,Resolved,IT Support,resolution provided
EV007163,TKT-101071,2026-09-15T12:59:50+05:30,first_response,AGT011,Assigned,In Progress,Academics & Exams,
EV004575,TKT-100676,2026-09-01T17:15:26+05:30,status_change,SYSTEM,Resolved,Closed,IT Support,auto-closed 3 days after resolution
EV003529,TKT-100521,2026-08-25T09:00:00+05:30,status_change,AGT008,In Progress,Resolved,Fees & Finance,resolution provided
EV001588,TKT-100240,2026-08-07T09:49:56+05:30,status_change,AGT003,In Progress,Waiting on Student,IT Support,asked student for details
EV000501,TKT-100077,2026-08-01T17:38:16+05:30,status_change,AGT006,In Progress,Resolved,Hostel & Maintenance,resolution provided
EV004000,TKT-100592,2026-08-24T12:43:58+05:30,created,STU25154,,New,,channel=portal
EV004364,TKT-100646,2026-09-01T10:26:47+05:30,status_change,AGT008,In Progress,Waiting on Student,Fees & Finance,asked student for details
EV004785,TKT-100707,2026-09-02T15:33:14+05:30,status_change,AGT003,In Progress,Resolved,IT Support,resolution provided
EV001607,TKT-100243,2026-08-06T09:37:18+05:30,created,STU24024,,New,,channel=portal
EV006996,TKT-101045,2026-09-14T08:18:43+05:30,assigned,SYSTEM,New,Assigned,Hostel & Maintenance,assigned_to=AGT007
EV005694,TKT-100845,2026-09-07T14:18:37+05:30,first_response,AGT010,Assigned,In Progress,Academics & Exams,
EV004469,TKT-100662,2026-08-29T09:17:15+05:30,reminder_sent,SYSTEM,,,Academics & Exams,auto-reminder: no response in 24h
EV000631,TKT-100098,2026-07-31T14:39:40+05:30,created,STU24224,,New,,channel=portal
EV006488,TKT-100969,2026-09-17T10:02:23+05:30,status_change,SYSTEM,Resolved,Closed,IT Support,auto-closed 3 days after resolution
EV002576,TKT-100384,2026-08-20T09:00:00+05:30,status_change,AGT008,In Progress,Resolved,Fees & Finance,resolution provided
EV001859,TKT-100278,2026-08-13T09:19:02+05:30,status_change,SYSTEM,Resolved,Closed,IT Support,auto-closed 3 days after resolution
EV006946,TKT-101036,2026-09-16T15:50:49+05:30,status_change,AGT001,In Progress,Resolved,IT Support,resolution provided
EV006778,TKT-101012,2026-09-13T12:16:24+05:30,created,STU25500,,New,,channel=portal
EV006465,TKT-100966,2026-09-11T19:22:23+05:30,first_response,AGT006,Assigned,In Progress,Hostel & Maintenance,
EV007558,TKT-101140,2026-09-18T10:23:36+05:30,status_change,AGT002,In Progress,Resolved,IT Support,resolution provided
EV004457,TKT-100660,2026-08-30T16:56:01+05:30,status_change,SYSTEM,Resolved,Closed,IT Support,auto-closed 3 days after resolution
EV004143,TKT-100612,2026-08-27T10:26:27+05:30,status_change,AGT007,In Progress,Resolved,Hostel & Maintenance,resolution provided
EV006489,TKT-100970,2026-09-11T12:10:08+05:30,created,STU24347,,New,,channel=email
EV004744,TKT-100701,2026-09-03T12:00:05+05:30,status_change,SYSTEM,Resolved,Closed,Library,auto-closed 3 days after resolution
EV000893,TKT-100134,2026-08-01T10:09:41+05:30,created,STU25336,,New,,channel=portal
EV000298,TKT-100047,2026-07-30T13:26:48+05:30,reminder_sent,SYSTEM,,,Hostel & Maintenance,auto-reminder: no response in 24h
EV003323,TKT-100493,2026-08-19T10:02:40+05:30,assigned,AGT014,New,Assigned,Academics & Exams,assigned_to=AGT010
EV001698,TKT-100256,2026-08-08T15:00:29+05:30,first_response,AGT012,Assigned,In Progress,Library,
EV005620,TKT-100834,2026-09-09T13:55:32+05:30,agent_response,AGT004,Assigned,In Progress,IT Support,
EV000575,TKT-100089,2026-08-03T17:36:26+05:30,status_change,SYSTEM,Resolved,Closed,Library,auto-closed 3 days after resolution
EV007236,TKT-101082,2026-09-18T14:47:46+05:30,status_change,AGT008,In Progress,Waiting on Student,Fees & Finance,asked student for details
EV004350,TKT-100644,2026-08-29T12:22:01+05:30,reminder_sent,SYSTEM,,,Academics & Exams,auto-reminder: no response in 24h
EV004218,TKT-100624,2026-08-26T20:45:00+05:30,assigned,SYSTEM,New,Assigned,Hostel & Maintenance,assigned_to=AGT006
EV003652,TKT-100542,2026-08-20T10:12:04+05:30,assigned,SYSTEM,New,Assigned,Fees & Finance,assigned_to=AGT009
EV000727,TKT-100110,2026-08-06T10:05:39+05:30,status_change,SYSTEM,Resolved,Closed,Library,auto-closed 3 days after resolution
EV000347,TKT-100055,2026-07-29T08:54:01+05:30,created,STU24533,,New,,channel=portal
EV007913,TKT-101200,2026-09-20T00:22:40+05:30,created,STU25661,,New,,channel=portal
EV006197,TKT-100924,2026-09-10T12:23:20+05:30,first_response,AGT010,Assigned,In Progress,Academics & Exams,
EV006061,TKT-100903,2026-09-11T16:26:04+05:30,status_change,AGT008,In Progress,Waiting on Student,Fees & Finance,asked student for details
EV006131,TKT-100914,2026-09-09T15:44:59+05:30,created,STU24247,,New,,channel=portal
EV002170,TKT-100326,2026-08-12T13:25:31+05:30,status_change,AGT010,In Progress,Resolved,Academics & Exams,resolution provided
EV004986,TKT-100738,2026-08-31T13:25:21+05:30,status_change,AGT003,In Progress,Waiting on Student,IT Support,asked student for details
EV000899,TKT-100135,2026-08-01T08:04:21+05:30,assigned,SYSTEM,New,Assigned,IT Support,assigned_to=AGT002
EV001758,TKT-100264,2026-08-08T19:48:27+05:30,status_change,AGT006,In Progress,Resolved,Hostel & Maintenance,resolution provided
EV002615,TKT-100390,2026-08-15T04:05:20+05:30,status_change,STU24077,Waiting on Student,In Progress,Fees & Finance,student replied
EV002352,TKT-100351,2026-08-21T08:00:00+05:30,status_change,AGT006,In Progress,Resolved,Hostel & Maintenance,resolution provided
EV004857,TKT-100719,2026-08-31T17:46:04+05:30,created,STU24779,,New,,channel=portal
EV007046,TKT-101054,2026-09-15T19:03:18+05:30,assigned,SYSTEM,New,Assigned,Library,assigned_to=AGT012
EV005672,TKT-100842,2026-09-06T12:47:32+05:30,assigned,SYSTEM,New,Assigned,Academics & Exams,assigned_to=AGT010
EV001881,TKT-100281,2026-08-12T08:00:00+05:30,status_change,AGT006,In Progress,Resolved,Hostel & Maintenance,resolution provided
EV002998,TKT-100445,2026-08-17T07:29:51+05:30,first_response,AGT009,Assigned,In Progress,Fees & Finance,
EV007077,TKT-101059,2026-09-15T14:11:46+05:30,assigned,AGT014,New,Assigned,Hostel & Maintenance,assigned_to=AGT005
EV006610,TKT-100988,2026-09-15T10:00:00+05:30,escalated,AGT015,,,Hostel & Maintenance,open > 48h in daily review
EV003042,TKT-100451,2026-08-20T15:27:31+05:30,agent_response,AGT006,Assigned,In Progress,Hostel & Maintenance,
EV000471,TKT-100073,2026-07-29T20:32:06+05:30,status_change,STU24839,Waiting on Student,In Progress,Hostel & Maintenance,student replied
EV007218,TKT-101079,2026-09-20T11:26:11+05:30,status_change,SYSTEM,Resolved,Closed,IT Support,auto-closed 3 days after resolution
EV003004,TKT-100446,2026-08-15T11:41:19+05:30,created,STU25767,,New,,channel=email
EV006944,TKT-101036,2026-09-15T13:41:49+05:30,status_change,AGT001,In Progress,Waiting on Student,IT Support,asked student for details
EV001710,TKT-100257,2026-08-12T09:00:00+05:30,status_change,AGT011,In Progress,Resolved,Academics & Exams,resolution provided
EV003866,TKT-100573,2026-08-30T16:13:04+05:30,status_change,SYSTEM,Resolved,Closed,Hostel & Maintenance,auto-closed 3 days after resolution
EV003276,TKT-100486,2026-08-18T17:50:49+05:30,created,STU24686,,New,,channel=portal
EV000638,TKT-100098,2026-08-06T12:13:29+05:30,status_change,SYSTEM,Resolved,Closed,IT Support,auto-closed 3 days after resolution
EV004734,TKT-100699,2026-09-06T08:00:00+05:30,status_change,SYSTEM,Resolved,Closed,Hostel & Maintenance,auto-closed 3 days after resolution
EV006664,TKT-100995,2026-09-12T15:30:51+05:30,first_response,AGT002,Assigned,In Progress,IT Support,
EV008005,TKT-9000000,2026-08-31T18:15:16+05:30,first_response,AGT003,Assigned,In Progress,IT Support,
EV000200,TKT-100031,2026-07-28T12:24:23+05:30,status_change,AGT012,In Progress,Resolved,Library,resolution provided
EV003453,TKT-100510,2026-08-22T08:00:00+05:30,status_change,AGT004,In Progress,Resolved,IT Support,resolution provided
EV005080,TKT-100752,2026-09-02T10:35:24+05:30,first_response,AGT005,Assigned,In Progress,Hostel & Maintenance,
EV005486,TKT-100814,2026-09-11T08:00:00+05:30,status_change,SYSTEM,Resolved,Closed,Hostel & Maintenance,auto-closed 3 days after resolution
EV000819,TKT-100122,2026-08-09T09:00:00+05:30,status_change,SYSTEM,Resolved,Closed,Fees & Finance,auto-closed 3 days after resolution
EV003618,TKT-100536,2026-08-20T11:22:05+05:30,assigned,SYSTEM,New,Assigned,Hostel & Maintenance,assigned_to=AGT005
EV005997,TKT-100893,2026-09-14T08:00:00+05:30,status_change,AGT005,In Progress,Resolved,Hostel & Maintenance,resolution provided
EV000182,TKT-100029,2026-07-28T14:31:00+05:30,reassigned,AGT013,In Progress,Assigned,Hostel & Maintenance,from=Library; assigned_to=AGT007
EV001502,TKT-100228,2026-08-07T12:49:18+05:30,first_response,AGT008,Assigned,In Progress,Fees & Finance,
EV007219,TKT-101080,2026-09-15T14:47:01+05:30,created,STU24961,,New,,channel=email
EV005348,TKT-100793,2026-09-07T12:36:34+05:30,status_change,SYSTEM,Resolved,Closed,IT Support,auto-closed 3 days after resolution
EV005284,TKT-100783,2026-09-04T10:02:23+05:30,assigned,AGT014,New,Assigned,IT Support,assigned_to=AGT003
EV000865,TKT-100129,2026-08-03T20:14:41+05:30,first_response,AGT010,Assigned,In Progress,Academics & Exams,
EV002014,TKT-100301,2026-08-10T15:58:37+05:30,first_response,AGT009,Assigned,In Progress,Fees & Finance,
EV005461,TKT-100810,2026-09-07T18:33:27+05:30,status_change,SYSTEM,Resolved,Closed,IT Support,auto-closed 3 days after resolution
EV004047,TKT-100598,2026-08-31T09:45:10+05:30,status_change,AGT010,In Progress,Waiting on Student,Academics & Exams,asked student for details
EV007267,TKT-101088,2026-09-20T19:40:33+05:30,status_change,SYSTEM,Resolved,Closed,IT Support,auto-closed 3 days after resolution
EV003912,TKT-100578,2026-08-28T09:46:28+05:30,status_change,SYSTEM,Resolved,Closed,IT Support,auto-closed 3 days after resolution
EV001477,TKT-100224,2026-08-14T14:16:14+05:30,status_change,SYSTEM,Resolved,Closed,Hostel & Maintenance,auto-closed 3 days after resolution
EV004310,TKT-100637,2026-08-31T10:00:00+05:30,escalated,AGT015,,,Academics & Exams,open > 48h in daily review
EV002060,TKT-100308,2026-08-10T15:26:26+05:30,status_change,AGT010,In Progress,Resolved,Academics & Exams,resolution provided
EV007213,TKT-101078,2026-09-20T08:59:48+05:30,status_change,SYSTEM,Resolved,Closed,IT Support,auto-closed 3 days after resolution
EV001823,TKT-100273,2026-08-12T07:04:03+05:30,first_response,AGT008,Assigned,In Progress,Fees & Finance,
EV000881,TKT-100132,2026-08-02T09:48:22+05:30,reminder_sent,SYSTEM,,,Hostel & Maintenance,auto-reminder: no response in 24h
EV005419,TKT-100803,2026-09-08T09:00:00+05:30,status_change,AGT012,In Progress,Resolved,Library,resolution provided
EV002661,TKT-100398,2026-08-14T15:58:26+05:30,status_change,AGT005,In Progress,Waiting on Student,Hostel & Maintenance,asked student for details
EV003946,TKT-100584,2026-08-26T20:05:56+05:30,first_response,AGT010,Assigned,In Progress,Academics & Exams,
EV006207,TKT-100926,2026-09-09T11:43:08+05:30,assigned,SYSTEM,New,Assigned,Hostel & Maintenance,assigned_to=AGT006
EV003777,TKT-100560,2026-08-22T13:41:17+05:30,status_change,AGT007,In Progress,Resolved,Hostel & Maintenance,resolution provided
EV004318,TKT-100638,2026-08-28T18:52:07+05:30,status_change,AGT002,In Progress,Resolved,IT Support,resolution provided
EV001144,TKT-100172,2026-08-04T16:14:29+05:30,assigned,SYSTEM,New,Assigned,Library,assigned_to=AGT012
EV001329,TKT-100202,2026-08-12T00:54:35+05:30,status_change,STU24093,Waiting on Student,In Progress,Fees & Finance,student replied
EV005993,TKT-100893,2026-09-08T19:04:51+05:30,created,STU24159,,New,,channel=email
EV002997,TKT-100445,2026-08-16T13:41:01+05:30,reminder_sent,SYSTEM,,,Fees & Finance,auto-reminder: no response in 24h
EV004701,TKT-100695,2026-08-30T14:22:09+05:30,created,STU25409,,New,,channel=portal
EV005957,TKT-100886,2026-09-10T13:56:19+05:30,status_change,AGT004,In Progress,Resolved,IT Support,resolution provided
EV001345,TKT-100205,2026-08-05T15:50:33+05:30,created,STU24798,,New,,channel=walk_in
EV005194,TKT-100769,2026-09-06T16:10:28+05:30,status_change,SYSTEM,Resolved,Closed,Hostel & Maintenance,auto-closed 3 days after resolution
EV002634,TKT-100393,2026-08-18T15:10:51+05:30,status_change,SYSTEM,Resolved,Closed,Hostel & Maintenance,auto-closed 3 days after resolution
EV005205,TKT-100772,2026-09-02T17:37:40+05:30,created,STU25126,,New,,channel=portal
EV002018,TKT-100302,2026-08-09T11:25:41+05:30,created,STU24135,,New,,channel=email
EV001845,TKT-100276,2026-08-10T10:25:04+05:30,status_change,AGT010,In Progress,Resolved,Academics & Exams,resolution provided
EV005372,TKT-100797,2026-09-08T15:45:07+05:30,status_change,SYSTEM,Resolved,Closed,IT Support,auto-closed 3 days after resolution
EV002099,TKT-100315,2026-08-13T17:59:02+05:30,status_change,AGT007,In Progress,Resolved,Hostel & Maintenance,resolution provided
EV001102,TKT-100165,2026-08-03T15:29:12+05:30,created,STU24619,,New,,channel=portal
EV007969,TKT-101213,2026-09-06T18:25:00+05:30,created,STU24220,,New,,channel=email
EV004009,TKT-100593,2026-08-31T13:53:15+05:30,agent_response,AGT009,Assigned,In Progress,Fees & Finance,
EV005549,TKT-100823,2026-09-11T09:14:21+05:30,status_change,SYSTEM,Resolved,Closed,Library,auto-closed 3 days after resolution
EV003385,TKT-100502,2026-08-19T15:41:16+05:30,first_response,AGT009,Assigned,In Progress,Fees & Finance,
EV006540,TKT-100977,2026-09-12T16:40:28+05:30,status_change,AGT001,In Progress,Resolved,IT Support,resolution provided
EV004550,TKT-100673,2026-08-29T22:20:52+05:30,status_change,STU24108,Resolved,Reopened,Library,student: issue not fixed
EV006649,TKT-100993,2026-09-14T08:00:52+05:30,first_response,AGT011,Assigned,In Progress,Academics & Exams,
EV001277,TKT-100193,2026-08-10T09:00:00+05:30,status_change,AGT009,In Progress,Resolved,Fees & Finance,resolution provided
EV006193,TKT-100923,2026-09-10T17:10:48+05:30,status_change,AGT004,In Progress,Resolved,IT Support,resolution provided
EV004833,TKT-100715,2026-08-31T19:36:26+05:30,created,STU24511,,New,,channel=portal
EV003264,TKT-100484,2026-08-19T10:33:56+05:30,status_change,AGT002,In Progress,Waiting on Student,IT Support,asked student for details
EV005635,TKT-100837,2026-09-07T10:30:12+05:30,assigned,AGT013,New,Assigned,IT Support,assigned_to=AGT001
EV000348,TKT-100055,2026-07-29T09:01:11+05:30,assigned,SYSTEM,New,Assigned,IT Support,assigned_to=AGT002
EV005869,TKT-100872,2026-09-11T16:39:52+05:30,status_change,SYSTEM,Resolved,Closed,Academics & Exams,auto-closed 3 days after resolution
EV006294,TKT-100940,2026-09-11T17:06:16+05:30,reminder_sent,SYSTEM,,,Fees & Finance,auto-reminder: no response in 24h
EV000174,TKT-100028,2026-07-27T12:11:06+05:30,reassigned,AGT013,In Progress,Assigned,IT Support,from=Fees & Finance; assigned_to=AGT002
EV003142,TKT-100465,2026-08-24T08:00:00+05:30,status_change,SYSTEM,Resolved,Closed,Hostel & Maintenance,auto-closed 3 days after resolution
EV005014,TKT-100742,2026-09-06T13:42:32+05:30,status_change,SYSTEM,Resolved,Closed,Fees & Finance,auto-closed 3 days after resolution
EV002183,TKT-100327,2026-08-18T19:20:25+05:30,status_change,SYSTEM,Resolved,Closed,Hostel & Maintenance,auto-closed 3 days after resolution
EV002483,TKT-100371,2026-08-27T08:22:04+05:30,status_change,STU24714,Resolved,Reopened,Library,student: issue not fixed
EV006339,TKT-100948,2026-09-10T10:11:38+05:30,created,STU24059,,New,,channel=email
EV006317,TKT-100944,2026-09-11T09:03:33+05:30,assigned,AGT013,New,Assigned,Academics & Exams,assigned_to=AGT010
EV005108,TKT-100756,2026-09-02T14:42:39+05:30,status_change,AGT012,In Progress,Resolved,Library,resolution provided
EV007696,TKT-101164,2026-09-18T17:58:15+05:30,created,STU24586,,New,,channel=portal
EV006012,TKT-100896,2026-09-09T17:02:48+05:30,reminder_sent,SYSTEM,,,Academics & Exams,auto-reminder: no response in 24h
EV006236,TKT-100930,2026-09-09T12:18:46+05:30,assigned,SYSTEM,New,Assigned,Academics & Exams,assigned_to=AGT010
EV001247,TKT-100188,2026-08-10T09:00:00+05:30,status_change,AGT009,In Progress,Resolved,Fees & Finance,resolution provided
EV006242,TKT-100931,2026-09-10T10:31:55+05:30,first_response,AGT001,Assigned,In Progress,IT Support,
EV004151,TKT-100613,2026-08-31T12:50:47+05:30,agent_response,AGT006,Assigned,In Progress,Hostel & Maintenance,
EV003355,TKT-100497,2026-08-18T12:06:24+05:30,created,STU24137,,New,,channel=portal
EV002647,TKT-100396,2026-08-14T12:38:50+05:30,first_response,AGT006,Assigned,In Progress,Hostel & Maintenance,
EV006587,TKT-100985,2026-09-11T11:21:48+05:30,created,STU25632,,New,,channel=portal
EV005098,TKT-100755,2026-09-01T19:12:24+05:30,assigned,SYSTEM,New,Assigned,IT Support,assigned_to=AGT001
EV001847,TKT-100276,2026-08-11T14:29:25+05:30,status_change,AGT010,Reopened,Resolved,Academics & Exams,resolved after reopen
EV005800,TKT-100861,2026-09-11T09:00:00+05:30,status_change,AGT011,In Progress,Resolved,Academics & Exams,resolution provided
EV001386,TKT-100211,2026-08-20T09:00:00+05:30,status_change,SYSTEM,Resolved,Closed,Fees & Finance,auto-closed 3 days after resolution
EV004478,TKT-100663,2026-09-03T09:28:33+05:30,status_change,SYSTEM,Resolved,Closed,Hostel & Maintenance,auto-closed 3 days after resolution
EV000223,TKT-100035,2026-07-28T23:53:33+05:30,assigned,SYSTEM,New,Assigned,Hostel & Maintenance,assigned_to=AGT005
EV001176,TKT-100177,2026-08-05T19:45:15+05:30,status_change,STU24976,Waiting on Student,In Progress,Fees & Finance,student replied
EV006425,TKT-100961,2026-09-12T13:05:28+05:30,status_change,AGT002,In Progress,Resolved,IT Support,resolution provided
EV000764,TKT-100115,2026-08-07T12:41:46+05:30,status_change,AGT005,In Progress,Waiting on Student,Hostel & Maintenance,asked student for details
EV005077,TKT-100751,2026-09-10T09:00:00+05:30,status_change,SYSTEM,Resolved,Closed,Fees & Finance,auto-closed 3 days after resolution
EV001801,TKT-100270,2026-08-07T10:52:35+05:30,first_response,AGT002,Assigned,In Progress,IT Support,
EV006013,TKT-100896,2026-09-10T07:04:02+05:30,first_response,AGT010,Assigned,In Progress,Academics & Exams,
EV003378,TKT-100501,2026-08-18T12:53:59+05:30,assigned,SYSTEM,New,Assigned,IT Support,assigned_to=AGT001
EV007349,TKT-101103,2026-09-16T10:08:58+05:30,assigned,SYSTEM,New,Assigned,Hostel & Maintenance,assigned_to=AGT006
EV001161,TKT-100175,2026-08-04T22:59:11+05:30,assigned,SYSTEM,New,Assigned,IT Support,assigned_to=AGT004
EV005964,TKT-100888,2026-09-08T14:30:13+05:30,created,STU25092,,New,,channel=portal
EV001111,TKT-100166,2026-08-03T07:07:27+05:30,created,STU25511,,New,,channel=email
EV001026,TKT-100153,2026-08-10T14:44:54+05:30,status_change,SYSTEM,Resolved,Closed,Hostel & Maintenance,auto-closed 3 days after resolution
EV007505,TKT-101130,2026-09-18T17:37:01+05:30,status_change,AGT006,In Progress,Resolved,Hostel & Maintenance,resolution provided
EV003285,TKT-100486,2026-08-29T13:58:39+05:30,status_change,SYSTEM,Resolved,Closed,Academics & Exams,auto-closed 3 days after resolution
EV000392,TKT-100062,2026-07-29T10:25:01+05:30,assigned,SYSTEM,New,Assigned,IT Support,assigned_to=AGT003
EV006276,TKT-100937,2026-09-10T14:27:27+05:30,first_response,AGT003,Assigned,In Progress,IT Support,
EV003592,TKT-100532,2026-08-20T16:37:58+05:30,created,STU24601,,New,,channel=email
EV002583,TKT-100385,2026-08-14T12:24:19+05:30,status_change,AGT010,In Progress,Resolved,Academics & Exams,resolution provided
EV006785,TKT-101012,2026-09-18T09:38:19+05:30,status_change,AGT010,In Progress,Waiting on Student,Academics & Exams,asked student for details
EV001008,TKT-100150,2026-08-07T15:14:56+05:30,status_change,SYSTEM,Resolved,Closed,Hostel & Maintenance,auto-closed 3 days after resolution
EV001342,TKT-100204,2026-08-05T18:32:46+05:30,first_response,AGT002,Assigned,In Progress,IT Support,
EV003811,TKT-100565,2026-08-25T09:47:54+05:30,status_change,SYSTEM,Resolved,Closed,Library,auto-closed 3 days after resolution
EV002207,TKT-100331,2026-08-11T10:51:40+05:30,first_response,AGT012,Assigned,In Progress,Library,
EV004141,TKT-100612,2026-08-25T17:11:12+05:30,first_response,AGT007,Assigned,In Progress,Hostel & Maintenance,
EV005047,TKT-100747,2026-09-04T14:46:44+05:30,status_change,AGT006,In Progress,Resolved,Hostel & Maintenance,resolution provided
EV004250,TKT-100628,2026-08-26T12:13:44+05:30,assigned,AGT014,New,Assigned,IT Support,assigned_to=AGT004
EV002398,TKT-100358,2026-08-13T12:55:23+05:30,status_change,STU25301,Waiting on Student,In Progress,Hostel & Maintenance,student replied
EV000387,TKT-100061,2026-07-30T14:29:51+05:30,first_response,AGT011,Assigned,In Progress,Academics & Exams,
EV003174,TKT-100471,2026-08-17T10:21:46+05:30,created,STU25720,,New,,channel=email
EV004689,TKT-100693,2026-08-29T10:13:35+05:30,created,STU24540,,New,,channel=portal
EV005744,TKT-100852,2026-09-11T19:49:21+05:30,status_change,SYSTEM,Resolved,Closed,IT Support,auto-closed 3 days after resolution
EV000110,TKT-100017,2026-07-28T09:20:30+05:30,agent_response,AGT008,Assigned,In Progress,Fees & Finance,
EV000524,TKT-100081,2026-08-03T10:18:27+05:30,agent_response,AGT005,Assigned,In Progress,Hostel & Maintenance,
EV007257,TKT-101086,2026-09-18T15:07:32+05:30,status_change,AGT006,In Progress,Resolved,Hostel & Maintenance,resolution provided
EV000591,TKT-100091,2026-08-06T08:54:03+05:30,status_change,SYSTEM,Resolved,Closed,IT Support,auto-closed 3 days after resolution
EV007498,TKT-101129,2026-09-19T10:12:39+05:30,reminder_sent,SYSTEM,,,Fees & Finance,auto-reminder: no response in 24h
EV000205,TKT-100032,2026-07-29T15:35:57+05:30,status_change,AGT005,In Progress,Resolved,Hostel & Maintenance,resolution provided
EV007790,TKT-101178,2026-09-19T16:35:54+05:30,status_change,STU25609,Waiting on Student,In Progress,IT Support,student replied
EV007971,TKT-101214,2026-08-11T15:38:00+05:30,created,STU25464,,New,,channel=email
EV007105,TKT-101062,2026-09-17T16:02:10+05:30,status_change,AGT006,In Progress,Waiting on Student,Hostel & Maintenance,asked student for details
EV007169,TKT-101072,2026-09-15T14:58:08+05:30,assigned,SYSTEM,New,Assigned,IT Support,assigned_to=AGT003
EV006621,TKT-100989,2026-09-18T09:17:42+05:30,status_change,SYSTEM,Resolved,Closed,IT Support,auto-closed 3 days after resolution
EV000583,TKT-100091,2026-07-30T17:51:50+05:30,created,STU24118,,New,,channel=portal
EV004846,TKT-100717,2026-08-31T07:19:40+05:30,assigned,SYSTEM,New,Assigned,IT Support,assigned_to=AGT004
EV007890,TKT-101196,2026-09-20T19:00:03+05:30,created,STU25072,,New,,channel=portal
EV004650,TKT-100687,2026-08-29T22:03:44+05:30,assigned,SYSTEM,New,Assigned,Academics & Exams,assigned_to=AGT011
EV002655,TKT-100397,2026-08-17T10:00:00+05:30,escalated,AGT015,,,Fees & Finance,open > 48h in daily review
EV002303,TKT-100344,2026-08-11T08:52:03+05:30,first_response,AGT004,Assigned,In Progress,IT Support,
EV001391,TKT-100212,2026-08-06T15:46:02+05:30,status_change,STU25344,Waiting on Student,In Progress,Fees & Finance,student replied
EV002680,TKT-100401,2026-08-13T10:12:00+05:30,created,STU25123,,New,,channel=portal
EV007343,TKT-101102,2026-09-16T11:24:06+05:30,assigned,AGT014,New,Assigned,Academics & Exams,assigned_to=AGT011
EV000073,TKT-100011,2026-07-29T11:02:19+05:30,status_change,AGT003,In Progress,Resolved,IT Support,resolution provided
EV000123,TKT-100020,2026-07-27T21:49:28+05:30,created,STU25743,,New,,channel=portal
EV004641,TKT-100685,2026-09-04T12:52:56+05:30,status_change,SYSTEM,Resolved,Closed,Fees & Finance,auto-closed 3 days after resolution
EV006331,TKT-100946,2026-09-11T10:37:15+05:30,first_response,AGT011,Assigned,In Progress,Academics & Exams,
EV001899,TKT-100284,2026-08-09T10:23:13+05:30,status_change,STU25247,Waiting on Student,In Progress,IT Support,student replied
EV000827,TKT-100124,2026-08-01T16:03:56+05:30,first_response,AGT007,Assigned,In Progress,Hostel & Maintenance,
EV003252,TKT-100482,2026-08-18T14:14:04+05:30,assigned,SYSTEM,New,Assigned,Academics & Exams,assigned_to=AGT010
EV007233,TKT-101082,2026-09-16T20:34:22+05:30,assigned,SYSTEM,New,Assigned,Fees & Finance,assigned_to=AGT008
EV006972,TKT-101040,2026-09-18T12:26:02+05:30,status_change,SYSTEM,Resolved,Closed,Library,auto-closed 3 days after resolution
EV005320,TKT-100788,2026-09-07T11:13:41+05:30,status_change,AGT011,In Progress,Resolved,Academics & Exams,resolution provided
EV005873,TKT-100873,2026-09-08T11:49:18+05:30,status_change,AGT006,In Progress,Resolved,Hostel & Maintenance,resolution provided
EV005132,TKT-100759,2026-09-04T11:01:07+05:30,status_change,SYSTEM,Waiting on Student,Closed - No Response,IT Support,auto-closed after 72h without student reply
EV000517,TKT-100080,2026-07-31T10:41:42+05:30,first_response,AGT001,Assigned,In Progress,IT Support,
EV005904,TKT-100878,2026-09-08T11:14:27+05:30,first_response,AGT010,Assigned,In Progress,Academics & Exams,
EV005878,TKT-100874,2026-09-09T12:23:12+05:30,first_response,AGT009,Assigned,In Progress,Fees & Finance,
EV004087,TKT-100603,2026-08-24T17:49:48+05:30,created,STU25368,,New,,channel=portal
EV005404,TKT-100802,2026-09-05T13:44:40+05:30,first_response,AGT007,Assigned,In Progress,Hostel & Maintenance,
EV002524,TKT-100377,2026-08-12T09:26:06+05:30,assigned,AGT014,New,Assigned,Academics & Exams,assigned_to=AGT011
EV006162,TKT-100919,2026-09-09T11:29:03+05:30,assigned,SYSTEM,New,Assigned,Academics & Exams,assigned_to=AGT011
EV004082,TKT-100602,2026-08-24T13:54:01+05:30,agent_response,AGT007,Assigned,In Progress,Hostel & Maintenance,
EV004956,TKT-100733,2026-09-03T13:08:23+05:30,status_change,AGT011,Reopened,Resolved,Academics & Exams,resolved after reopen
EV000183,TKT-100029,2026-07-29T14:09:12+05:30,agent_response,AGT007,Assigned,In Progress,Hostel & Maintenance,
EV007030,TKT-101051,2026-09-14T15:05:30+05:30,created,STU25716,,New,,channel=portal
EV002812,TKT-100419,2026-08-28T09:00:00+05:30,status_change,SYSTEM,Resolved,Closed,Academics & Exams,auto-closed 3 days after resolution
EV005958,TKT-100886,2026-09-13T13:56:19+05:30,status_change,SYSTEM,Resolved,Closed,IT Support,auto-closed 3 days after resolution
EV000270,TKT-100043,2026-07-28T23:23:25+05:30,created,STU24161,,New,,channel=portal
EV004895,TKT-100724,2026-08-31T20:00:35+05:30,status_change,STU25749,Waiting on Student,In Progress,IT Support,student replied
EV005643,TKT-100838,2026-09-07T13:38:10+05:30,reassigned,AGT014,In Progress,Assigned,Fees & Finance,from=IT Support; assigned_to=AGT009
EV003064,TKT-100454,2026-08-17T03:14:30+05:30,first_response,AGT008,Assigned,In Progress,Fees & Finance,
EV000964,TKT-100144,2026-08-03T12:38:10+05:30,assigned,AGT013,New,Assigned,Hostel & Maintenance,assigned_to=AGT006
EV002840,TKT-100423,2026-08-23T11:18:06+05:30,status_change,SYSTEM,Resolved,Closed,Hostel & Maintenance,auto-closed 3 days after resolution
EV005306,TKT-100786,2026-09-07T10:00:00+05:30,escalated,AGT015,,,Hostel & Maintenance,open > 48h in daily review
EV006989,TKT-101043,2026-09-19T13:21:35+05:30,status_change,SYSTEM,Resolved,Closed,IT Support,auto-closed 3 days after resolution
EV000957,TKT-100142,2026-08-08T10:24:49+05:30,status_change,SYSTEM,Resolved,Closed,Academics & Exams,auto-closed 3 days after resolution
EV004294,TKT-100635,2026-08-28T16:05:43+05:30,status_change,AGT008,In Progress,Resolved,Fees & Finance,resolution provided
EV007476,TKT-101126,2026-09-17T10:33:54+05:30,assigned,SYSTEM,New,Assigned,IT Support,assigned_to=AGT004
EV000911,TKT-100136,2026-08-04T19:20:11+05:30,status_change,SYSTEM,Resolved,Closed,Hostel & Maintenance,auto-closed 3 days after resolution
EV006522,TKT-100974,2026-09-12T11:53:22+05:30,first_response,AGT012,Assigned,In Progress,Library,
EV000515,TKT-100080,2026-07-30T21:43:17+05:30,created,STU24806,,New,,channel=portal
EV004841,TKT-100716,2026-09-01T12:47:30+05:30,status_change,AGT008,In Progress,Waiting on Student,Fees & Finance,asked student for details
EV001004,TKT-100150,2026-08-02T15:36:10+05:30,created,STU24579,,New,,channel=email
EV002829,TKT-100422,2026-08-15T12:33:09+05:30,first_response,AGT012,Assigned,In Progress,Library,
EV000304,TKT-100048,2026-07-28T10:41:51+05:30,assigned,SYSTEM,New,Assigned,Fees & Finance,assigned_to=AGT009
EV003632,TKT-100538,2026-08-21T14:27:06+05:30,status_change,AGT011,In Progress,Waiting on Student,Academics & Exams,asked student for details
EV004657,TKT-100688,2026-08-29T17:34:54+05:30,assigned,AGT014,New,Assigned,Academics & Exams,assigned_to=AGT011
EV004058,TKT-100599,2026-08-30T08:25:38+05:30,status_change,SYSTEM,Resolved,Closed,IT Support,auto-closed 3 days after resolution
EV004861,TKT-100719,2026-09-02T04:29:36+05:30,status_change,STU24779,Waiting on Student,In Progress,IT Support,student replied
EV002129,TKT-100320,2026-08-09T09:42:43+05:30,created,STU25716,,New,,channel=email
EV006186,TKT-100922,2026-09-12T17:53:08+05:30,status_change,AGT007,In Progress,Resolved,Hostel & Maintenance,resolution provided
EV002918,TKT-100434,2026-08-18T17:42:06+05:30,status_change,SYSTEM,Resolved,Closed,Library,auto-closed 3 days after resolution
EV008017,TKT-9000012,2026-09-01T11:01:07+05:30,status_change,AGT001,In Progress,Waiting on Student,IT Support,asked student for details
EV000823,TKT-100123,2026-08-01T17:10:40+05:30,status_change,AGT002,In Progress,Resolved,IT Support,resolution provided
EV000632,TKT-100098,2026-07-31T14:45:33+05:30,assigned,SYSTEM,New,Assigned,Library,assigned_to=AGT012
EV006299,TKT-100941,2026-09-15T14:04:03+05:30,created,STU25285,,New,,channel=walk_in
EV003497,TKT-100517,2026-08-20T09:03:45+05:30,assigned,AGT013,New,Assigned,Fees & Finance,assigned_to=AGT008
EV003481,TKT-100515,2026-08-19T12:45:43+05:30,assigned,SYSTEM,New,Assigned,Library,assigned_to=AGT012
EV001465,TKT-100223,2026-08-07T08:28:39+05:30,first_response,AGT003,Assigned,In Progress,IT Support,
EV007452,TKT-101121,2026-09-19T09:49:25+05:30,status_change,AGT003,In Progress,Resolved,IT Support,resolution provided
EV004177,TKT-100617,2026-09-07T08:00:00+05:30,status_change,SYSTEM,Resolved,Closed,Hostel & Maintenance,auto-closed 3 days after resolution
EV002668,TKT-100399,2026-08-14T09:00:28+05:30,reassigned,AGT014,In Progress,Assigned,Hostel & Maintenance,from=IT Support; assigned_to=AGT005
EV003499,TKT-100517,2026-08-23T11:29:51+05:30,first_response,AGT008,Assigned,In Progress,Fees & Finance,
EV006696,TKT-100999,2026-09-17T16:10:33+05:30,status_change,SYSTEM,Resolved,Closed,Academics & Exams,auto-closed 3 days after resolution
EV005203,TKT-100771,2026-09-04T16:53:04+05:30,status_change,AGT010,In Progress,Resolved,Academics & Exams,resolution provided
EV002780,TKT-100415,2026-08-17T10:00:00+05:30,escalated,AGT015,,,Fees & Finance,open > 48h in daily review
EV004902,TKT-100725,2026-09-03T11:28:33+05:30,status_change,AGT007,In Progress,Resolved,Hostel & Maintenance,resolution provided
EV000514,TKT-100079,2026-08-04T15:28:42+05:30,status_change,SYSTEM,Resolved,Closed,Hostel & Maintenance,auto-closed 3 days after resolution
EV005973,TKT-100889,2026-09-08T08:23:38+05:30,first_response,AGT006,Assigned,In Progress,Hostel & Maintenance,
EV005236,TKT-100775,2026-09-07T15:53:28+05:30,status_change,AGT009,Reopened,Resolved,Fees & Finance,resolved after reopen
EV001422,TKT-100217,2026-08-10T10:00:00+05:30,escalated,AGT015,,,Library,open > 48h in daily review
EV000295,TKT-100046,2026-08-03T12:50:09+05:30,status_change,SYSTEM,Resolved,Closed,Hostel & Maintenance,auto-closed 3 days after resolution
EV005336,TKT-100791,2026-09-07T10:00:00+05:30,escalated,AGT015,,,Hostel & Maintenance,open > 48h in daily review
EV005003,TKT-100740,2026-09-04T09:00:00+05:30,status_change,AGT009,In Progress,Resolved,Fees & Finance,resolution provided
EV007633,TKT-101153,2026-09-19T13:12:22+05:30,assigned,AGT014,New,Assigned,Academics & Exams,assigned_to=AGT011
EV007487,TKT-101127,2026-09-20T05:45:14+05:30,status_change,STU25522,Waiting on Student,In Progress,Hostel & Maintenance,student replied
EV005285,TKT-100783,2026-09-04T15:28:25+05:30,first_response,AGT003,Assigned,In Progress,IT Support,
EV003914,TKT-100579,2026-08-22T16:19:35+05:30,assigned,SYSTEM,New,Assigned,Academics & Exams,assigned_to=AGT011
EV007093,TKT-101061,2026-09-15T14:22:44+05:30,created,STU25351,,New,,channel=portal
EV000797,TKT-100120,2026-07-31T14:51:10+05:30,created,STU24976,,New,,channel=email
EV001851,TKT-100277,2026-08-11T08:30:46+05:30,first_response,AGT003,Assigned,In Progress,IT Support,
EV003601,TKT-100533,2026-08-20T20:37:17+05:30,status_change,STU25372,Waiting on Student,In Progress,IT Support,student replied
EV003347,TKT-100495,2026-08-24T17:03:52+05:30,status_change,AGT007,Reopened,Resolved,Hostel & Maintenance,resolved after reopen
EV004052,TKT-100598,2026-09-08T15:15:51+05:30,status_change,AGT010,Reopened,Resolved,Academics & Exams,resolved after reopen
EV000813,TKT-100122,2026-08-02T09:30:15+05:30,reminder_sent,SYSTEM,,,Fees & Finance,auto-reminder: no response in 24h
EV007168,TKT-101072,2026-09-15T14:49:54+05:30,created,STU25696,,New,,channel=portal
EV003291,TKT-100487,2026-08-27T09:00:00+05:30,status_change,SYSTEM,Resolved,Closed,Academics & Exams,auto-closed 3 days after resolution
EV002772,TKT-100414,2026-08-14T13:28:40+05:30,assigned,AGT014,New,Assigned,Library,assigned_to=AGT012
EV001271,TKT-100192,2026-08-10T09:00:00+05:30,status_change,AGT009,In Progress,Resolved,Fees & Finance,resolution provided
EV000398,TKT-100063,2026-07-30T09:06:58+05:30,first_response,AGT002,Assigned,In Progress,IT Support,
EV003153,TKT-100468,2026-08-17T12:46:25+05:30,created,STU24585,,New,,channel=portal
EV007010,TKT-101047,2026-09-16T11:20:07+05:30,status_change,AGT005,In Progress,Resolved,Hostel & Maintenance,resolution provided
EV000463,TKT-100072,2026-07-30T11:28:36+05:30,status_change,AGT012,In Progress,Waiting on Student,Library,asked student for details
EV003145,TKT-100466,2026-08-18T08:55:27+05:30,first_response,AGT002,Assigned,In Progress,IT Support,
EV001510,TKT-100230,2026-08-06T07:19:05+05:30,created,STU24436,,New,,channel=email
EV000210,TKT-100033,2026-07-30T22:20:35+05:30,first_response,AGT011,Assigned,In Progress,Academics & Exams,
EV001937,TKT-100289,2026-08-09T20:40:28+05:30,reminder_sent,SYSTEM,,,Hostel & Maintenance,auto-reminder: no response in 24h
EV001364,TKT-100208,2026-08-06T13:21:25+05:30,first_response,AGT002,Assigned,In Progress,IT Support,
EV002572,TKT-100384,2026-08-12T21:49:41+05:30,assigned,SYSTEM,New,Assigned,Fees & Finance,assigned_to=AGT008
EV006735,TKT-101005,2026-09-14T00:11:27+05:30,reminder_sent,SYSTEM,,,IT Support,auto-reminder: no response in 24h
EV000078,TKT-100012,2026-07-29T12:05:21+05:30,status_change,AGT003,In Progress,Resolved,IT Support,resolution provided
EV005225,TKT-100774,2026-09-04T10:40:53+05:30,reminder_sent,SYSTEM,,,Fees & Finance,auto-reminder: no response in 24h
EV003283,TKT-100486,2026-08-24T16:37:36+05:30,status_change,STU24686,Resolved,Reopened,Academics & Exams,student: issue not fixed
EV003534,TKT-100522,2026-08-20T09:49:47+05:30,status_change,AGT001,In Progress,Resolved,IT Support,resolution provided
EV000301,TKT-100047,2026-08-07T18:01:35+05:30,status_change,AGT006,In Progress,Resolved,Hostel & Maintenance,resolution provided
EV004817,TKT-100712,2026-09-02T12:46:57+05:30,status_change,AGT002,In Progress,Resolved,IT Support,resolution provided
EV007766,TKT-101174,2026-09-19T14:58:54+05:30,created,STU24386,,New,,channel=portal
EV002982,TKT-100443,2026-08-22T08:00:00+05:30,status_change,SYSTEM,Resolved,Closed,Hostel & Maintenance,auto-closed 3 days after resolution
EV001226,TKT-100185,2026-08-10T09:00:00+05:30,status_change,AGT010,In Progress,Resolved,Academics & Exams,resolution provided
EV006028,TKT-100898,2026-09-09T07:40:09+05:30,status_change,STU25557,Resolved,Reopened,IT Support,student: issue not fixed
EV001138,TKT-100171,2026-08-04T10:51:57+05:30,created,STU24906,,New,,channel=portal
EV004287,TKT-100634,2026-08-27T13:10:12+05:30,first_response,AGT009,Assigned,In Progress,Fees & Finance,
EV001458,TKT-100222,2026-08-06T13:03:08+05:30,agent_response,AGT008,Assigned,In Progress,Fees & Finance,
EV006538,TKT-100977,2026-09-11T20:37:13+05:30,assigned,SYSTEM,New,Assigned,IT Support,assigned_to=AGT001
EV002231,TKT-100335,2026-08-12T03:37:08+05:30,first_response,AGT010,Assigned,In Progress,Academics & Exams,
EV000833,TKT-100125,2026-08-03T04:58:17+05:30,first_response,AGT006,Assigned,In Progress,Hostel & Maintenance,
EV007312,TKT-101097,2026-09-16T12:20:27+05:30,created,STU24528,,New,,channel=portal
EV005381,TKT-100799,2026-09-05T10:49:47+05:30,first_response,AGT003,Assigned,In Progress,IT Support,
EV002908,TKT-100433,2026-08-17T12:12:03+05:30,first_response,AGT010,Assigned,In Progress,Academics & Exams,
EV001992,TKT-100297,2026-08-13T10:37:11+05:30,status_change,SYSTEM,Resolved,Closed,IT Support,auto-closed 3 days after resolution
EV001139,TKT-100171,2026-08-04T10:53:16+05:30,assigned,SYSTEM,New,Assigned,IT Support,assigned_to=AGT003
EV005568,TKT-100827,2026-09-05T11:05:20+05:30,assigned,SYSTEM,New,Assigned,IT Support,assigned_to=AGT003
EV004796,TKT-100709,2026-08-31T12:44:59+05:30,reassigned,AGT014,In Progress,Assigned,IT Support,from=Academics & Exams; assigned_to=AGT003
EV004870,TKT-100721,2026-08-31T11:42:10+05:30,created,STU25446,,New,,channel=portal
EV003034,TKT-100450,2026-08-15T11:16:13+05:30,assigned,SYSTEM,New,Assigned,IT Support,assigned_to=AGT004
EV000549,TKT-100085,2026-08-01T16:26:46+05:30,status_change,AGT006,In Progress,Resolved,Hostel & Maintenance,resolution provided
EV001863,TKT-100279,2026-08-08T17:23:39+05:30,status_change,AGT002,In Progress,Waiting on Student,IT Support,asked student for details
EV001443,TKT-100220,2026-08-06T17:59:53+05:30,created,STU24071,,New,,channel=portal
EV007588,TKT-101146,2026-09-18T14:58:06+05:30,assigned,SYSTEM,New,Assigned,Hostel & Maintenance,assigned_to=AGT005
EV008024,TKT-9000019,2026-09-14T17:41:10+05:30,assigned,SYSTEM,New,Assigned,Hostel & Maintenance,assigned_to=AGT005
EV006867,TKT-101024,2026-09-15T16:01:57+05:30,status_change,AGT006,In Progress,Resolved,Hostel & Maintenance,resolution provided
EV001079,TKT-100161,2026-08-06T10:00:00+05:30,escalated,AGT015,,,Fees & Finance,open > 48h in daily review
EV001230,TKT-100186,2026-08-05T12:00:33+05:30,first_response,AGT011,Assigned,In Progress,Academics & Exams,
EV004935,TKT-100730,2026-08-31T16:48:16+05:30,assigned,SYSTEM,New,Assigned,IT Support,assigned_to=AGT004
EV007445,TKT-101120,2026-09-17T21:05:23+05:30,assigned,SYSTEM,New,Assigned,Library,assigned_to=AGT012
EV001626,TKT-100246,2026-08-11T08:44:58+05:30,first_response,AGT007,Assigned,In Progress,Hostel & Maintenance,
EV005822,TKT-100865,2026-09-08T09:02:03+05:30,first_response,AGT010,Assigned,In Progress,Academics & Exams,
EV004424,TKT-100654,2026-09-02T09:01:07+05:30,status_change,AGT010,Reopened,Resolved,Academics & Exams,resolved after reopen
EV005492,TKT-100815,2026-09-09T09:00:00+05:30,status_change,AGT010,In Progress,Resolved,Academics & Exams,resolution provided
EV002638,TKT-100394,2026-08-13T15:50:50+05:30,status_change,AGT001,In Progress,Resolved,IT Support,resolution provided
EV001972,TKT-100294,2026-08-10T02:56:53+05:30,first_response,AGT012,Assigned,In Progress,Library,
EV001523,TKT-100232,2026-08-06T01:05:59+05:30,assigned,SYSTEM,New,Assigned,Academics & Exams,assigned_to=AGT011
EV003649,TKT-100541,2026-08-22T09:18:10+05:30,status_change,AGT006,In Progress,Resolved,Hostel & Maintenance,resolution provided
EV001696,TKT-100256,2026-08-07T13:54:47+05:30,assigned,SYSTEM,New,Assigned,Library,assigned_to=AGT012
EV006448,TKT-100964,2026-09-14T14:04:46+05:30,status_change,AGT010,In Progress,Resolved,Academics & Exams,resolution provided
EV007151,TKT-101069,2026-09-18T10:00:00+05:30,escalated,AGT015,,,Library,open > 48h in daily review
EV000146,TKT-100024,2026-07-27T15:34:07+05:30,assigned,SYSTEM,New,Assigned,Fees & Finance,assigned_to=AGT009
EV005331,TKT-100790,2026-09-07T13:13:06+05:30,status_change,SYSTEM,Resolved,Closed,Academics & Exams,auto-closed 3 days after resolution
EV007228,TKT-101081,2026-09-15T16:00:21+05:30,assigned,SYSTEM,New,Assigned,IT Support,assigned_to=AGT002
EV005768,TKT-100857,2026-09-07T15:07:51+05:30,assigned,SYSTEM,New,Assigned,IT Support,assigned_to=AGT002
EV001731,TKT-100260,2026-08-11T08:00:00+05:30,status_change,AGT007,In Progress,Resolved,Hostel & Maintenance,resolution provided
EV004889,TKT-100723,2026-09-03T10:30:35+05:30,status_change,AGT011,In Progress,Resolved,Academics & Exams,resolution provided
EV004154,TKT-100613,2026-09-04T08:00:00+05:30,status_change,SYSTEM,Resolved,Closed,Hostel & Maintenance,auto-closed 3 days after resolution
EV007846,TKT-101189,2026-09-20T21:10:46+05:30,created,STU25047,,New,,channel=portal
EV003490,TKT-100516,2026-08-19T10:33:12+05:30,assigned,AGT014,New,Assigned,IT Support,assigned_to=AGT003
EV006938,TKT-101035,2026-09-18T13:03:36+05:30,status_change,AGT012,In Progress,Resolved,Library,resolution provided
EV004410,TKT-100652,2026-08-29T02:57:29+05:30,status_change,STU24117,Waiting on Student,In Progress,Hostel & Maintenance,student replied
EV001884,TKT-100282,2026-08-10T15:11:06+05:30,assigned,AGT013,New,Assigned,Hostel & Maintenance,assigned_to=AGT006
EV001558,TKT-100236,2026-08-06T13:09:57+05:30,created,STU25630,,New,,channel=portal
EV002738,TKT-100409,2026-08-17T12:02:54+05:30,status_change,AGT007,In Progress,Resolved,Hostel & Maintenance,resolution provided
EV001466,TKT-100223,2026-08-07T13:14:43+05:30,status_change,AGT003,In Progress,Resolved,IT Support,resolution provided
EV001521,TKT-100231,2026-08-09T19:52:58+05:30,status_change,SYSTEM,Resolved,Closed,IT Support,auto-closed 3 days after resolution
EV003387,TKT-100502,2026-08-20T15:41:08+05:30,status_change,STU24407,Waiting on Student,In Progress,Fees & Finance,student replied
EV006412,TKT-100959,2026-09-12T09:03:40+05:30,first_response,AGT012,Assigned,In Progress,Library,
EV002589,TKT-100386,2026-08-16T14:50:46+05:30,status_change,SYSTEM,Resolved,Closed,Library,auto-closed 3 days after resolution
EV000627,TKT-100097,2026-08-03T19:01:57+05:30,status_change,STU24226,Waiting on Student,In Progress,Academics & Exams,student replied
EV007485,TKT-101127,2026-09-19T15:33:01+05:30,agent_response,AGT006,Assigned,In Progress,Hostel & Maintenance,
EV005436,TKT-100806,2026-09-04T18:52:27+05:30,status_change,AGT003,In Progress,Resolved,IT Support,resolution provided
EV004212,TKT-100623,2026-08-26T10:10:01+05:30,assigned,AGT014,New,Assigned,Hostel & Maintenance,assigned_to=AGT005
EV007546,TKT-101138,2026-09-17T11:04:15+05:30,assigned,SYSTEM,New,Assigned,Academics & Exams,assigned_to=AGT010
EV001173,TKT-100177,2026-08-04T09:13:09+05:30,assigned,AGT013,New,Assigned,Fees & Finance,assigned_to=AGT008
EV007247,TKT-101085,2026-09-16T18:35:12+05:30,created,STU24023,,New,,channel=email
EV000990,TKT-100148,2026-08-02T19:44:11+05:30,created,STU24549,,New,,channel=email
EV008037,TKT-9000032,2026-08-06T00:58:34+05:30,created,STU24399,,New,,channel=portal
EV006965,TKT-101039,2026-09-18T10:10:06+05:30,status_change,AGT009,In Progress,Resolved,Fees & Finance,resolution provided
EV003625,TKT-100537,2026-08-20T11:39:50+05:30,assigned,SYSTEM,New,Assigned,IT Support,assigned_to=AGT001
EV006745,TKT-101006,2026-09-18T11:49:09+05:30,status_change,SYSTEM,Resolved,Closed,Academics & Exams,auto-closed 3 days after resolution
EV000430,TKT-100068,2026-07-30T09:55:47+05:30,status_change,AGT012,In Progress,Waiting on Student,Library,asked student for details
EV004211,TKT-100623,2026-08-25T17:59:53+05:30,created,STU25297,,New,,channel=email
EV007275,TKT-101090,2026-09-17T12:34:41+05:30,first_response,AGT010,Assigned,In Progress,Academics & Exams,
EV004425,TKT-100654,2026-09-05T09:01:07+05:30,status_change,SYSTEM,Resolved,Closed,Academics & Exams,auto-closed 3 days after resolution
EV005207,TKT-100772,2026-09-04T10:22:31+05:30,reminder_sent,SYSTEM,,,Fees & Finance,auto-reminder: no response in 24h
EV000722,TKT-100110,2026-08-01T11:11:32+05:30,first_response,AGT012,Assigned,In Progress,Library,
EV004563,TKT-100675,2026-08-30T22:09:36+05:30,first_response,AGT010,Assigned,In Progress,Academics & Exams,
EV007826,TKT-101185,2026-09-19T10:22:23+05:30,created,STU25240,,New,,channel=walk_in
EV007048,TKT-101054,2026-09-16T16:19:51+05:30,reassigned,AGT013,In Progress,Assigned,Hostel & Maintenance,from=Library; assigned_to=AGT007
EV002393,TKT-100358,2026-08-11T11:35:24+05:30,created,STU25301,,New,,channel=portal
EV004099,TKT-100605,2026-08-24T14:40:39+05:30,created,STU24521,,New,,channel=email
EV003942,TKT-100583,2026-08-28T16:21:33+05:30,status_change,SYSTEM,Resolved,Closed,Academics & Exams,auto-closed 3 days after resolution
EV006390,TKT-100955,2026-09-15T08:00:00+05:30,status_change,AGT003,In Progress,Resolved,IT Support,resolution provided
EV004723,TKT-100698,2026-08-30T14:34:01+05:30,assigned,SYSTEM,New,Assigned,IT Support,assigned_to=AGT003
EV000866,TKT-100129,2026-08-03T10:00:00+05:30,escalated,AGT015,,,Academics & Exams,open > 48h in daily review
EV005211,TKT-100772,2026-09-07T10:00:00+05:30,escalated,AGT015,,,Fees & Finance,open > 48h in daily review
EV003193,TKT-100473,2026-08-21T19:39:52+05:30,status_change,STU24595,Resolved,Reopened,Fees & Finance,student: issue not fixed
EV004223,TKT-100624,2026-08-31T13:48:16+05:30,status_change,AGT006,In Progress,Resolved,Hostel & Maintenance,resolution provided
EV005595,TKT-100831,2026-09-07T07:52:26+05:30,first_response,AGT004,Assigned,In Progress,IT Support,
EV000106,TKT-100017,2026-07-27T15:19:58+05:30,created,STU25360,,New,,channel=portal
EV003576,TKT-100529,2026-08-21T13:37:34+05:30,first_response,AGT004,Assigned,In Progress,IT Support,
EV005042,TKT-100747,2026-09-03T11:36:47+05:30,reminder_sent,SYSTEM,,,Hostel & Maintenance,auto-reminder: no response in 24h
EV000264,TKT-100042,2026-07-28T08:05:16+05:30,created,STU24932,,New,,channel=email
EV003087,TKT-100458,2026-08-16T17:45:39+05:30,created,STU25089,,New,,channel=email
EV002734,TKT-100409,2026-08-13T17:12:27+05:30,first_response,AGT007,Assigned,In Progress,Hostel & Maintenance,
EV004135,TKT-100611,2026-08-25T23:36:36+05:30,assigned,SYSTEM,New,Assigned,IT Support,assigned_to=AGT004
EV002662,TKT-100398,2026-08-14T22:58:46+05:30,status_change,STU25045,Waiting on Student,In Progress,Hostel & Maintenance,student replied
EV005315,TKT-100787,2026-09-08T14:52:12+05:30,status_change,SYSTEM,Resolved,Closed,Hostel & Maintenance,auto-closed 3 days after resolution
EV000157,TKT-100026,2026-07-27T17:41:44+05:30,created,STU24179,,New,,channel=portal
EV004831,TKT-100714,2026-09-01T16:12:27+05:30,status_change,AGT010,In Progress,Resolved,Academics & Exams,resolution provided
EV005064,TKT-100750,2026-09-01T11:42:46+05:30,assigned,SYSTEM,New,Assigned,Academics & Exams,assigned_to=AGT010
EV004156,TKT-100614,2026-08-25T15:53:32+05:30,assigned,AGT013,New,Assigned,IT Support,assigned_to=AGT003
EV004529,TKT-100670,2026-09-02T08:35:00+05:30,status_change,STU24037,Resolved,Reopened,Hostel & Maintenance,student: issue not fixed
EV007190,TKT-101075,2026-09-16T09:29:45+05:30,assigned,AGT014,New,Assigned,IT Support,assigned_to=AGT002
EV001228,TKT-100186,2026-08-04T18:33:07+05:30,created,STU25020,,New,,channel=email
EV006784,TKT-101012,2026-09-17T10:47:05+05:30,agent_response,AGT010,Assigned,In Progress,Academics & Exams,
EV006780,TKT-101012,2026-09-14T19:26:29+05:30,first_response,AGT006,Assigned,In Progress,Hostel & Maintenance,
EV004810,TKT-100711,2026-08-31T15:51:55+05:30,status_change,AGT004,In Progress,Resolved,IT Support,resolution provided
EV001982,TKT-100296,2026-08-08T16:07:26+05:30,assigned,SYSTEM,New,Assigned,Fees & Finance,assigned_to=AGT008
EV004180,TKT-100618,2026-08-25T11:11:20+05:30,first_response,AGT012,Assigned,In Progress,Library,
EV004809,TKT-100711,2026-08-31T12:25:42+05:30,first_response,AGT004,Assigned,In Progress,IT Support,
EV007364,TKT-101105,2026-09-20T00:21:29+05:30,status_change,STU24402,Resolved,Reopened,IT Support,student: issue not fixed
EV004426,TKT-100655,2026-08-27T12:45:24+05:30,created,STU25562,,New,,channel=portal
EV005478,TKT-100813,2026-09-05T15:29:07+05:30,status_change,STU24875,Waiting on Student,In Progress,IT Support,student replied
EV005291,TKT-100784,2026-09-05T09:00:06+05:30,status_change,AGT012,In Progress,Waiting on Student,Library,asked student for details
EV005848,TKT-100869,2026-09-07T11:49:58+05:30,first_response,AGT001,Assigned,In Progress,IT Support,
EV001928,TKT-100287,2026-08-13T16:53:10+05:30,status_change,SYSTEM,Resolved,Closed,IT Support,auto-closed 3 days after resolution
EV000035,TKT-100005,2026-07-29T14:45:17+05:30,status_change,AGT003,In Progress,Waiting on Student,IT Support,asked student for details
EV002294,TKT-100343,2026-08-11T14:28:23+05:30,reassigned,AGT014,In Progress,Assigned,Academics & Exams,from=Hostel & Maintenance; assigned_to=AGT011
EV002489,TKT-100372,2026-08-16T23:16:46+05:30,first_response,AGT009,Assigned,In Progress,Fees & Finance,
EV002792,TKT-100417,2026-08-14T10:59:15+05:30,created,STU25040,,New,,channel=portal
EV002630,TKT-100393,2026-08-13T10:22:07+05:30,assigned,SYSTEM,New,Assigned,Hostel & Maintenance,assigned_to=AGT006
EV001296,TKT-100197,2026-08-05T18:47:26+05:30,first_response,AGT005,Assigned,In Progress,Hostel & Maintenance,
EV005153,TKT-100763,2026-09-01T12:42:42+05:30,assigned,AGT014,New,Assigned,IT Support,assigned_to=AGT004
EV000745,TKT-100113,2026-07-31T09:55:48+05:30,assigned,SYSTEM,New,Assigned,Hostel & Maintenance,assigned_to=AGT006
EV003981,TKT-100589,2026-08-27T12:30:27+05:30,status_change,STU24169,Waiting on Student,In Progress,Hostel & Maintenance,student replied
EV000787,TKT-100118,2026-08-03T13:49:16+05:30,status_change,AGT010,In Progress,Resolved,Academics & Exams,resolution provided
EV003793,TKT-100563,2026-08-22T09:26:13+05:30,assigned,AGT014,New,Assigned,Hostel & Maintenance,assigned_to=AGT006
EV007289,TKT-101092,2026-09-17T12:13:50+05:30,status_change,AGT011,In Progress,Resolved,Academics & Exams,resolution provided
EV004866,TKT-100720,2026-09-01T11:57:29+05:30,first_response,AGT009,Assigned,In Progress,Fees & Finance,
EV006377,TKT-100954,2026-09-11T17:11:08+05:30,created,STU24744,,New,,channel=portal
EV005384,TKT-100799,2026-09-10T10:35:58+05:30,status_change,SYSTEM,Resolved,Closed,IT Support,auto-closed 3 days after resolution
EV005605,TKT-100833,2026-09-06T17:33:08+05:30,reminder_sent,SYSTEM,,,Academics & Exams,auto-reminder: no response in 24h
EV002646,TKT-100396,2026-08-14T09:27:07+05:30,assigned,AGT014,New,Assigned,Hostel & Maintenance,assigned_to=AGT006
EV007113,TKT-101063,2026-09-20T09:57:57+05:30,status_change,SYSTEM,Resolved,Closed,Academics & Exams,auto-closed 3 days after resolution
EV003104,TKT-100460,2026-08-16T08:01:25+05:30,created,STU25112,,New,,channel=email
EV005105,TKT-100756,2026-09-01T10:34:57+05:30,created,STU24976,,New,,channel=email
EV005455,TKT-100809,2026-09-05T09:49:20+05:30,status_change,AGT005,In Progress,Resolved,Hostel & Maintenance,resolution provided
EV003337,TKT-100494,2026-08-21T12:42:30+05:30,status_change,AGT004,In Progress,Resolved,IT Support,resolution provided
EV003745,TKT-100555,2026-08-22T14:37:35+05:30,status_change,STU25541,Waiting on Student,In Progress,IT Support,student replied
EV001526,TKT-100232,2026-08-12T09:00:00+05:30,status_change,AGT011,In Progress,Resolved,Academics & Exams,resolution provided
EV003530,TKT-100521,2026-08-28T09:00:00+05:30,status_change,SYSTEM,Resolved,Closed,Fees & Finance,auto-closed 3 days after resolution
EV004486,TKT-100665,2026-08-28T17:53:56+05:30,created,STU25053,,New,,channel=portal
EV002475,TKT-100371,2026-08-14T11:40:46+05:30,reminder_sent,SYSTEM,,,Fees & Finance,auto-reminder: no response in 24h
EV004385,TKT-100649,2026-08-30T16:34:34+05:30,first_response,AGT008,Assigned,In Progress,Fees & Finance,
EV002333,TKT-100349,2026-08-12T10:55:32+05:30,assigned,AGT013,New,Assigned,Fees & Finance,assigned_to=AGT009
EV005754,TKT-100854,2026-09-09T14:45:06+05:30,status_change,AGT003,In Progress,Resolved,IT Support,resolution provided
EV005174,TKT-100766,2026-09-08T15:16:57+05:30,status_change,AGT011,In Progress,Resolved,Academics & Exams,resolution provided
EV002641,TKT-100395,2026-08-14T11:41:13+05:30,assigned,AGT013,New,Assigned,Hostel & Maintenance,assigned_to=AGT005
EV001518,TKT-100231,2026-08-06T15:19:20+05:30,status_change,AGT002,In Progress,Waiting on Student,IT Support,asked student for details
EV006005,TKT-100895,2026-09-08T10:29:46+05:30,assigned,AGT014,New,Assigned,Academics & Exams,assigned_to=AGT011
EV003032,TKT-100449,2026-08-20T14:52:38+05:30,status_change,SYSTEM,Resolved,Closed,IT Support,auto-closed 3 days after resolution
EV004670,TKT-100690,2026-08-29T17:48:14+05:30,assigned,SYSTEM,New,Assigned,IT Support,assigned_to=AGT001
EV006798,TKT-101013,2026-09-17T13:47:12+05:30,status_change,AGT010,In Progress,Resolved,Academics & Exams,resolution provided
EV004730,TKT-100699,2026-09-01T09:05:05+05:30,reassigned,AGT013,In Progress,Assigned,Hostel & Maintenance,from=IT Support; assigned_to=AGT006
EV007842,TKT-101188,2026-09-19T19:53:48+05:30,created,STU25644,,New,,channel=email
EV004862,TKT-100719,2026-09-02T19:36:47+05:30,status_change,AGT001,In Progress,Resolved,IT Support,resolution provided
EV006298,TKT-100940,2026-09-18T09:00:00+05:30,status_change,SYSTEM,Resolved,Closed,Fees & Finance,auto-closed 3 days after resolution
EV004923,TKT-100728,2026-09-02T22:22:09+05:30,first_response,AGT009,Assigned,In Progress,Fees & Finance,
EV003988,TKT-100590,2026-08-25T17:58:32+05:30,reassigned,AGT013,In Progress,Assigned,Fees & Finance,from=Academics & Exams; assigned_to=AGT009
EV001802,TKT-100270,2026-08-07T11:33:01+05:30,status_change,AGT002,In Progress,Waiting on Student,IT Support,asked student for details
EV004227,TKT-100625,2026-08-27T16:05:02+05:30,reminder_sent,SYSTEM,,,Fees & Finance,auto-reminder: no response in 24h
EV001596,TKT-100241,2026-08-06T15:22:54+05:30,first_response,AGT003,Assigned,In Progress,IT Support,
EV007806,TKT-101181,2026-09-19T14:01:44+05:30,status_change,STU25553,Waiting on Student,In Progress,IT Support,student replied
EV002708,TKT-100405,2026-08-14T07:16:14+05:30,reminder_sent,SYSTEM,,,Hostel & Maintenance,auto-reminder: no response in 24h
EV002158,TKT-100324,2026-08-12T08:58:31+05:30,status_change,AGT006,In Progress,Resolved,Hostel & Maintenance,resolution provided
EV002736,TKT-100409,2026-08-15T17:41:58+05:30,status_change,STU25559,Waiting on Student,In Progress,Hostel & Maintenance,student replied
EV004315,TKT-100638,2026-08-26T23:10:37+05:30,created,STU24418,,New,,channel=portal
EV003621,TKT-100536,2026-08-24T10:00:00+05:30,escalated,AGT015,,,Hostel & Maintenance,open > 48h in daily review
EV002362,TKT-100353,2026-08-12T14:17:47+05:30,reminder_sent,SYSTEM,,,Academics & Exams,auto-reminder: no response in 24h
EV001639,TKT-100248,2026-08-07T11:12:34+05:30,created,STU25054,,New,,channel=portal
EV000377,TKT-100060,2026-07-29T08:54:13+05:30,created,STU24342,,New,,channel=portal
EV003989,TKT-100590,2026-08-27T12:36:39+05:30,agent_response,AGT009,Assigned,In Progress,Fees & Finance,
EV003984,TKT-100589,2026-08-31T19:38:09+05:30,status_change,SYSTEM,Resolved,Closed,Hostel & Maintenance,auto-closed 3 days after resolution
EV005491,TKT-100815,2026-09-07T10:00:00+05:30,escalated,AGT015,,,Academics & Exams,open > 48h in daily review
EV002010,TKT-100300,2026-08-13T09:00:00+05:30,status_change,AGT011,In Progress,Resolved,Academics & Exams,resolution provided
EV004611,TKT-100681,2026-08-31T10:00:00+05:30,escalated,AGT015,,,Fees & Finance,open > 48h in daily review
EV001211,TKT-100183,2026-08-04T16:21:53+05:30,assigned,AGT014,New,Assigned,Fees & Finance,assigned_to=AGT008
EV005786,TKT-100859,2026-09-14T09:00:00+05:30,status_change,AGT008,In Progress,Resolved,Fees & Finance,resolution provided
EV003047,TKT-100451,2026-08-27T08:00:00+05:30,status_change,SYSTEM,Resolved,Closed,Hostel & Maintenance,auto-closed 3 days after resolution
EV005370,TKT-100797,2026-09-04T19:17:58+05:30,first_response,AGT003,Assigned,In Progress,IT Support,
EV004932,TKT-100729,2026-09-04T08:00:00+05:30,status_change,AGT006,In Progress,Resolved,Hostel & Maintenance,resolution provided
EV006943,TKT-101036,2026-09-15T12:51:19+05:30,first_response,AGT001,Assigned,In Progress,IT Support,
EV005976,TKT-100889,2026-09-17T08:00:00+05:30,status_change,SYSTEM,Resolved,Closed,Hostel & Maintenance,auto-closed 3 days after resolution
EV002264,TKT-100339,2026-08-13T10:00:00+05:30,escalated,AGT015,,,Fees & Finance,open > 48h in daily review
EV001068,TKT-100160,2026-08-04T13:31:51+05:30,status_change,AGT004,In Progress,Waiting on Student,IT Support,asked student for details
EV005514,TKT-100818,2026-09-07T16:00:14+05:30,status_change,AGT001,In Progress,Waiting on Student,IT Support,asked student for details
EV000662,TKT-100102,2026-08-04T18:22:32+05:30,status_change,STU24826,Resolved,Reopened,Academics & Exams,student: issue not fixed
EV000803,TKT-100120,2026-08-08T10:09:28+05:30,status_change,SYSTEM,Resolved,Closed,Hostel & Maintenance,auto-closed 3 days after resolution
EV003035,TKT-100450,2026-08-15T11:42:40+05:30,first_response,AGT004,Assigned,In Progress,IT Support,
EV000774,TKT-100116,2026-08-03T10:00:00+05:30,escalated,AGT015,,,Hostel & Maintenance,open > 48h in daily review
EV003769,TKT-100559,2026-08-21T09:16:43+05:30,created,STU25241,,New,,channel=email
EV003931,TKT-100581,2026-08-25T17:05:31+05:30,status_change,AGT012,In Progress,Resolved,Library,resolution provided
EV002127,TKT-100319,2026-08-13T09:00:00+05:30,status_change,AGT010,In Progress,Resolved,Academics & Exams,resolution provided
EV003875,TKT-100574,2026-08-27T09:23:44+05:30,reassigned,AGT013,In Progress,Assigned,Library,from=Hostel & Maintenance; assigned_to=AGT012
EV004104,TKT-100605,2026-08-27T09:49:58+05:30,status_change,AGT011,Reopened,Resolved,Academics & Exams,resolved after reopen
EV000867,TKT-100129,2026-08-05T09:00:00+05:30,status_change,AGT010,In Progress,Resolved,Academics & Exams,resolution provided
EV003416,TKT-100505,2026-08-24T08:23:59+05:30,status_change,SYSTEM,Resolved,Closed,Hostel & Maintenance,auto-closed 3 days after resolution
EV004029,TKT-100596,2026-08-24T16:04:11+05:30,first_response,AGT003,Assigned,In Progress,IT Support,
EV005870,TKT-100873,2026-09-07T12:40:24+05:30,created,STU24573,,New,,channel=portal
EV002487,TKT-100372,2026-08-12T15:24:21+05:30,assigned,SYSTEM,New,Assigned,Fees & Finance,assigned_to=AGT009
EV003620,TKT-100536,2026-08-22T04:44:46+05:30,first_response,AGT005,Assigned,In Progress,Hostel & Maintenance,
EV006530,TKT-100976,2026-09-11T20:04:15+05:30,created,STU24957,,New,,channel=portal
EV004190,TKT-100619,2026-08-29T08:00:00+05:30,status_change,AGT006,In Progress,Resolved,Hostel & Maintenance,resolution provided
EV000548,TKT-100085,2026-07-31T10:57:43+05:30,first_response,AGT006,Assigned,In Progress,Hostel & Maintenance,
EV000376,TKT-100059,2026-08-07T16:04:58+05:30,status_change,SYSTEM,Resolved,Closed,Academics & Exams,auto-closed 3 days after resolution
EV002228,TKT-100335,2026-08-10T10:26:24+05:30,created,STU24902,,New,,channel=portal
EV000712,TKT-100109,2026-07-31T22:41:55+05:30,assigned,SYSTEM,New,Assigned,Hostel & Maintenance,assigned_to=AGT006
EV006221,TKT-100927,2026-09-11T12:11:12+05:30,status_change,AGT010,In Progress,Resolved,Academics & Exams,resolution provided
EV002033,TKT-100304,2026-08-09T17:58:37+05:30,assigned,SYSTEM,New,Assigned,IT Support,assigned_to=AGT002
EV004133,TKT-100610,2026-09-05T09:03:09+05:30,status_change,SYSTEM,Resolved,Closed,Hostel & Maintenance,auto-closed 3 days after resolution
EV001843,TKT-100276,2026-08-10T07:01:56+05:30,first_response,AGT010,Assigned,In Progress,Academics & Exams,
EV007542,TKT-101137,2026-09-17T13:22:17+05:30,first_response,AGT002,Assigned,In Progress,IT Support,
EV001426,TKT-100218,2026-08-06T20:45:39+05:30,assigned,SYSTEM,New,Assigned,IT Support,assigned_to=AGT003
EV005477,TKT-100813,2026-09-05T09:26:16+05:30,status_change,AGT003,In Progress,Waiting on Student,IT Support,asked student for details
EV000861,TKT-100128,2026-08-15T09:00:00+05:30,status_change,SYSTEM,Resolved,Closed,Fees & Finance,auto-closed 3 days after resolution
EV004507,TKT-100667,2026-08-31T10:00:00+05:30,escalated,AGT015,,,Academics & Exams,open > 48h in daily review
EV007759,TKT-101173,2026-09-19T17:01:38+05:30,created,STU24542,,New,,channel=portal
EV006307,TKT-100942,2026-09-10T15:17:04+05:30,status_change,AGT003,In Progress,Resolved,IT Support,resolution provided
EV006959,TKT-101039,2026-09-14T18:48:52+05:30,assigned,SYSTEM,New,Assigned,Fees & Finance,assigned_to=AGT009
EV001532,TKT-100233,2026-08-08T02:40:36+05:30,status_change,STU25650,Waiting on Student,In Progress,Hostel & Maintenance,student replied
EV006794,TKT-101013,2026-09-16T17:25:29+05:30,first_response,AGT010,Assigned,In Progress,Academics & Exams,
EV007619,TKT-101151,2026-09-18T12:29:52+05:30,created,STU25773,,New,,channel=portal
EV005347,TKT-100793,2026-09-04T12:36:34+05:30,status_change,AGT003,In Progress,Resolved,IT Support,resolution provided
EV001938,TKT-100289,2026-08-10T09:24:01+05:30,first_response,AGT007,Assigned,In Progress,Hostel & Maintenance,
EV002394,TKT-100358,2026-08-11T11:48:21+05:30,assigned,SYSTEM,New,Assigned,Hostel & Maintenance,assigned_to=AGT007
EV000057,TKT-100008,2026-07-31T09:25:44+05:30,status_change,SYSTEM,Resolved,Closed,IT Support,auto-closed 3 days after resolution
EV001893,TKT-100283,2026-08-08T12:56:20+05:30,status_change,AGT012,In Progress,Resolved,Library,resolution provided
EV006668,TKT-100996,2026-09-12T16:42:42+05:30,assigned,SYSTEM,New,Assigned,Hostel & Maintenance,assigned_to=AGT006
EV000452,TKT-100070,2026-08-07T09:00:00+05:30,status_change,SYSTEM,Resolved,Closed,Fees & Finance,auto-closed 3 days after resolution
EV006796,TKT-101013,2026-09-17T11:49:39+05:30,status_change,STU25398,Waiting on Student,In Progress,Academics & Exams,student replied
EV003781,TKT-100561,2026-08-21T14:20:29+05:30,first_response,AGT007,Assigned,In Progress,Hostel & Maintenance,
EV001480,TKT-100225,2026-08-07T10:15:47+05:30,first_response,AGT004,Assigned,In Progress,IT Support,
EV002082,TKT-100313,2026-08-09T15:12:13+05:30,created,STU24606,,New,,channel=portal
EV006692,TKT-100999,2026-09-12T16:33:09+05:30,assigned,AGT014,New,Assigned,Academics & Exams,assigned_to=AGT011
EV004323,TKT-100639,2026-08-31T10:00:00+05:30,escalated,AGT015,,,Academics & Exams,open > 48h in daily review
EV005701,TKT-100846,2026-09-08T16:23:39+05:30,status_change,AGT009,In Progress,Resolved,Fees & Finance,resolution provided
EV006403,TKT-100957,2026-09-14T11:35:35+05:30,status_change,AGT005,In Progress,Resolved,Hostel & Maintenance,resolution provided
EV006212,TKT-100926,2026-09-11T14:49:44+05:30,agent_response,AGT010,Assigned,In Progress,Academics & Exams,
EV006864,TKT-101024,2026-09-14T15:42:59+05:30,created,STU24250,,New,,channel=portal
EV003759,TKT-100557,2026-08-21T12:13:41+05:30,first_response,AGT003,Assigned,In Progress,IT Support,
EV000011,TKT-100002,2026-08-04T09:40:27+05:30,agent_response,AGT010,Assigned,In Progress,Academics & Exams,
EV000952,TKT-100142,2026-08-03T17:13:08+05:30,first_response,AGT005,Assigned,In Progress,Hostel & Maintenance,
EV005186,TKT-100768,2026-09-04T10:28:06+05:30,reminder_sent,SYSTEM,,,Hostel & Maintenance,auto-reminder: no response in 24h
EV007012,TKT-101048,2026-09-14T18:53:05+05:30,created,STU25157,,New,,channel=portal
EV001490,TKT-100226,2026-08-10T10:00:00+05:30,escalated,AGT015,,,Hostel & Maintenance,open > 48h in daily review
EV002044,TKT-100305,2026-08-14T18:07:18+05:30,status_change,SYSTEM,Resolved,Closed,IT Support,auto-closed 3 days after resolution
EV005515,TKT-100818,2026-09-08T08:11:05+05:30,status_change,STU24112,Waiting on Student,In Progress,IT Support,student replied
EV007045,TKT-101054,2026-09-15T18:54:57+05:30,created,STU25399,,New,,channel=portal
EV005254,TKT-100778,2026-09-08T09:05:06+05:30,status_change,SYSTEM,Resolved,Closed,Hostel & Maintenance,auto-closed 3 days after resolution
EV007227,TKT-101081,2026-09-15T15:47:43+05:30,created,STU24509,,New,,channel=portal
EV006810,TKT-101015,2026-09-14T10:38:12+05:30,status_change,AGT012,In Progress,Resolved,Library,resolution provided
EV007529,TKT-101135,2026-09-17T16:20:24+05:30,status_change,AGT003,In Progress,Waiting on Student,IT Support,asked student for details
EV003239,TKT-100480,2026-08-19T13:37:32+05:30,agent_response,AGT010,Assigned,In Progress,Academics & Exams,
EV007490,TKT-101128,2026-09-17T17:29:15+05:30,created,STU25364,,New,,channel=portal
EV005163,TKT-100764,2026-09-09T09:00:00+05:30,status_change,AGT009,In Progress,Resolved,Fees & Finance,resolution provided
EV002325,TKT-100348,2026-08-11T14:26:33+05:30,first_response,AGT011,Assigned,In Progress,Academics & Exams,
EV001204,TKT-100181,2026-08-17T09:00:00+05:30,status_change,SYSTEM,Resolved,Closed,Fees & Finance,auto-closed 3 days after resolution
EV004677,TKT-100691,2026-08-30T19:25:11+05:30,reminder_sent,SYSTEM,,,Academics & Exams,auto-reminder: no response in 24h
EV000681,TKT-100105,2026-08-01T11:37:14+05:30,assigned,AGT014,New,Assigned,Fees & Finance,assigned_to=AGT008
EV000859,TKT-100128,2026-08-04T10:00:00+05:30,escalated,AGT015,,,Fees & Finance,open > 48h in daily review
EV001868,TKT-100280,2026-08-10T09:40:11+05:30,assigned,AGT014,New,Assigned,IT Support,assigned_to=AGT002
EV002652,TKT-100397,2026-08-14T09:47:24+05:30,first_response,AGT009,Assigned,In Progress,Fees & Finance,
EV000534,TKT-100083,2026-07-30T01:45:45+05:30,assigned,SYSTEM,New,Assigned,IT Support,assigned_to=AGT001
EV001145,TKT-100172,2026-08-04T16:42:52+05:30,first_response,AGT012,Assigned,In Progress,Library,
EV007804,TKT-101181,2026-09-19T12:04:04+05:30,first_response,AGT002,Assigned,In Progress,IT Support,
EV004268,TKT-100631,2026-08-27T11:54:12+05:30,first_response,AGT010,Assigned,In Progress,Academics & Exams,
EV005030,TKT-100745,2026-09-02T11:03:52+05:30,first_response,AGT009,Assigned,In Progress,Fees & Finance,
EV006594,TKT-100986,2026-09-12T11:52:41+05:30,reminder_sent,SYSTEM,,,Fees & Finance,auto-reminder: no response in 24h
EV000386,TKT-100061,2026-07-29T20:04:20+05:30,assigned,SYSTEM,New,Assigned,Academics & Exams,assigned_to=AGT011
EV002699,TKT-100403,2026-08-20T09:00:00+05:30,status_change,AGT008,In Progress,Resolved,Fees & Finance,resolution provided
EV004603,TKT-100680,2026-09-02T19:53:54+05:30,status_change,STU24998,Waiting on Student,In Progress,Fees & Finance,student replied
EV000578,TKT-100090,2026-07-31T14:24:05+05:30,reminder_sent,SYSTEM,,,Fees & Finance,auto-reminder: no response in 24h
EV004019,TKT-100594,2026-08-27T12:10:39+05:30,status_change,AGT011,In Progress,Resolved,Academics & Exams,resolution provided
EV002767,TKT-100413,2026-08-14T09:47:11+05:30,reassigned,AGT013,In Progress,Assigned,IT Support,from=Academics & Exams; assigned_to=AGT004
EV006995,TKT-101045,2026-09-14T08:12:00+05:30,created,STU24839,,New,,channel=portal
EV006220,TKT-100927,2026-09-11T10:00:00+05:30,escalated,AGT015,,,Academics & Exams,open > 48h in daily review
EV006850,TKT-101021,2026-09-16T17:56:26+05:30,status_change,AGT001,In Progress,Resolved,IT Support,resolution provided
EV007185,TKT-101074,2026-09-15T12:19:27+05:30,assigned,AGT014,New,Assigned,IT Support,assigned_to=AGT004
EV005803,TKT-100862,2026-09-09T13:22:18+05:30,assigned,AGT014,New,Assigned,Fees & Finance,assigned_to=AGT009
EV006774,TKT-101011,2026-09-14T12:17:51+05:30,first_response,AGT008,Assigned,In Progress,Fees & Finance,
EV007043,TKT-101053,2026-09-15T10:25:07+05:30,status_change,AGT011,In Progress,Resolved,Academics & Exams,resolution provided
EV006249,TKT-100932,2026-09-10T18:46:26+05:30,status_change,AGT004,In Progress,Resolved,IT Support,resolution provided
EV005283,TKT-100783,2026-09-03T13:48:43+05:30,created,STU24903,,New,,channel=email
EV004631,TKT-100684,2026-08-29T14:30:53+05:30,status_change,STU25451,Waiting on Student,In Progress,Hostel & Maintenance,student replied
EV006329,TKT-100946,2026-09-10T21:24:34+05:30,created,STU25548,,New,,channel=portal
EV004790,TKT-100708,2026-09-02T10:00:00+05:30,escalated,AGT015,,,IT Support,open > 48h in daily review
EV006172,TKT-100920,2026-09-11T10:23:32+05:30,status_change,AGT012,In Progress,Resolved,Library,resolution provided
EV007156,TKT-101070,2026-09-15T16:49:26+05:30,assigned,SYSTEM,New,Assigned,Library,assigned_to=AGT012
EV001336,TKT-100203,2026-08-10T00:14:12+05:30,first_response,AGT009,Assigned,In Progress,Fees & Finance,
EV000890,TKT-100133,2026-08-04T10:00:00+05:30,escalated,AGT015,,,Hostel & Maintenance,open > 48h in daily review
EV004738,TKT-100700,2026-09-01T12:31:22+05:30,status_change,AGT010,In Progress,Resolved,Academics & Exams,resolution provided
EV004622,TKT-100683,2026-08-28T10:19:11+05:30,created,STU24113,,New,,channel=email
EV007310,TKT-101096,2026-09-16T14:00:18+05:30,status_change,AGT001,In Progress,Resolved,IT Support,resolution provided
EV006512,TKT-100972,2026-09-15T19:26:26+05:30,status_change,AGT006,In Progress,Resolved,Hostel & Maintenance,resolution provided
EV001568,TKT-100237,2026-08-06T10:45:53+05:30,assigned,SYSTEM,New,Assigned,Hostel & Maintenance,assigned_to=AGT007
EV000368,TKT-100058,2026-08-03T10:00:00+05:30,escalated,AGT015,,,Fees & Finance,open > 48h in daily review
EV004339,TKT-100642,2026-08-27T15:50:43+05:30,status_change,AGT001,In Progress,Resolved,IT Support,resolution provided
EV003584,TKT-100530,2026-08-21T15:41:05+05:30,status_change,AGT002,In Progress,Resolved,IT Support,resolution provided
EV007035,TKT-101052,2026-09-14T13:36:45+05:30,created,STU25773,,New,,channel=email
EV003111,TKT-100461,2026-08-16T11:06:53+05:30,assigned,SYSTEM,New,Assigned,IT Support,assigned_to=AGT002
EV001569,TKT-100237,2026-08-06T15:03:40+05:30,first_response,AGT007,Assigned,In Progress,Hostel & Maintenance,
EV002103,TKT-100316,2026-08-10T08:51:40+05:30,first_response,AGT002,Assigned,In Progress,IT Support,
EV002859,TKT-100427,2026-08-14T15:36:47+05:30,created,STU25735,,New,,channel=email
EV003068,TKT-100455,2026-08-15T16:00:43+05:30,created,STU25335,,New,,channel=walk_in
EV008032,TKT-9000027,2026-09-19T15:56:49+05:30,agent_response,AGT007,Assigned,In Progress,Hostel & Maintenance,
EV007081,TKT-101059,2026-09-16T19:52:06+05:30,agent_response,AGT004,Assigned,In Progress,IT Support,
EV006845,TKT-101021,2026-09-15T14:48:38+05:30,reassigned,AGT013,In Progress,Assigned,IT Support,from=Library; assigned_to=AGT001
EV006372,TKT-100953,2026-09-11T12:05:35+05:30,reassigned,AGT014,In Progress,Assigned,Academics & Exams,from=Library; assigned_to=AGT011
EV000026,TKT-100004,2026-07-29T19:20:33+05:30,status_change,STU25454,Waiting on Student,In Progress,Fees & Finance,student replied
EV008033,TKT-9000028,2026-08-05T17:14:43+05:30,assigned,SYSTEM,New,Assigned,Fees & Finance,assigned_to=AGT009
EV001095,TKT-100164,2026-08-03T19:10:18+05:30,created,STU24995,,New,,channel=portal
EV001935,TKT-100289,2026-08-08T20:34:31+05:30,created,STU25254,,New,,channel=portal
EV004879,TKT-100722,2026-08-31T13:51:07+05:30,assigned,SYSTEM,New,Assigned,IT Support,assigned_to=AGT002
EV003748,TKT-100556,2026-08-21T21:36:25+05:30,created,STU25606,,New,,channel=portal
EV004560,TKT-100675,2026-08-28T13:18:44+05:30,created,STU25236,,New,,channel=walk_in
EV001213,TKT-100183,2026-08-11T20:49:55+05:30,first_response,AGT008,Assigned,In Progress,Fees & Finance,
EV006102,TKT-100909,2026-09-10T05:21:23+05:30,reminder_sent,SYSTEM,,,Hostel & Maintenance,auto-reminder: no response in 24h
EV003339,TKT-100495,2026-08-18T12:53:12+05:30,created,STU24911,,New,,channel=portal
EV002048,TKT-100306,2026-08-12T10:00:00+05:30,escalated,AGT015,,,Hostel & Maintenance,open > 48h in daily review
EV003768,TKT-100558,2026-08-30T09:10:21+05:30,status_change,SYSTEM,Resolved,Closed,Academics & Exams,auto-closed 3 days after resolution
EV000232,TKT-100036,2026-07-30T17:53:32+05:30,status_change,STU25628,Waiting on Student,In Progress,Fees & Finance,student replied
EV004185,TKT-100619,2026-08-25T22:09:15+05:30,created,STU24740,,New,,channel=email
EV001421,TKT-100217,2026-08-08T16:47:42+05:30,agent_response,AGT012,Assigned,In Progress,Library,
EV003502,TKT-100517,2026-08-26T12:48:58+05:30,status_change,STU24264,Resolved,Reopened,Fees & Finance,student: issue not fixed
EV000518,TKT-100080,2026-07-31T14:02:34+05:30,status_change,AGT001,In Progress,Resolved,IT Support,resolution provided
EV005968,TKT-100888,2026-09-09T05:41:24+05:30,status_change,STU25092,Waiting on Student,In Progress,Library,student replied
EV007690,TKT-101163,2026-09-20T10:38:58+05:30,reminder_sent,SYSTEM,,,Fees & Finance,auto-reminder: no response in 24h
EV005861,TKT-100871,2026-09-11T15:52:37+05:30,status_change,AGT006,In Progress,Resolved,Hostel & Maintenance,resolution provided
EV006733,TKT-101005,2026-09-12T23:59:16+05:30,created,STU25060,,New,,channel=portal
EV006989,TKT-101043,2026-09-19T13:21:35+05:30,status_change,SYSTEM,Resolved,Closed,IT Support,auto-closed 3 days after resolution
EV002326,TKT-100348,2026-08-11T14:41:21+05:30,reassigned,AGT013,In Progress,Assigned,IT Support,from=Academics & Exams; assigned_to=AGT003
EV002418,TKT-100362,2026-08-11T14:02:44+05:30,assigned,AGT013,New,Assigned,Hostel & Maintenance,assigned_to=AGT006
EV004085,TKT-100602,2026-08-26T08:04:27+05:30,status_change,AGT007,In Progress,Resolved,Hostel & Maintenance,resolution provided
EV004147,TKT-100613,2026-08-25T13:10:11+05:30,first_response,AGT002,Assigned,In Progress,IT Support,
EV002433,TKT-100365,2026-08-11T15:49:28+05:30,created,STU25382,,New,,channel=walk_in
EV001396,TKT-100213,2026-08-05T16:00:22+05:30,assigned,AGT013,New,Assigned,Academics & Exams,assigned_to=AGT011
EV004074,TKT-100601,2026-08-27T16:42:09+05:30,status_change,STU25561,Waiting on Student,In Progress,Hostel & Maintenance,student replied
EV006229,TKT-100928,2026-09-17T11:11:59+05:30,status_change,SYSTEM,Resolved,Closed,Academics & Exams,auto-closed 3 days after resolution
EV007141,TKT-101068,2026-09-16T23:41:20+05:30,reminder_sent,SYSTEM,,,Academics & Exams,auto-reminder: no response in 24h
EV001514,TKT-100230,2026-08-09T13:09:29+05:30,status_change,SYSTEM,Resolved,Closed,Library,auto-closed 3 days after resolution
EV000547,TKT-100085,2026-07-30T20:58:42+05:30,assigned,SYSTEM,New,Assigned,Hostel & Maintenance,assigned_to=AGT006
EV000180,TKT-100029,2026-07-28T09:04:49+05:30,assigned,AGT013,New,Assigned,Library,assigned_to=AGT012
EV004845,TKT-100717,2026-08-31T07:16:59+05:30,created,STU25271,,New,,channel=portal
EV001338,TKT-100203,2026-08-11T09:00:00+05:30,status_change,AGT009,In Progress,Resolved,Fees & Finance,resolution provided
EV007884,TKT-101195,2026-09-20T07:20:12+05:30,created,STU24743,,New,,channel=portal
EV003093,TKT-100458,2026-08-19T22:28:38+05:30,status_change,STU25089,Waiting on Student,In Progress,IT Support,student replied
EV000864,TKT-100129,2026-08-02T10:08:14+05:30,reminder_sent,SYSTEM,,,Academics & Exams,auto-reminder: no response in 24h
EV001159,TKT-100174,2026-08-10T09:16:38+05:30,status_change,SYSTEM,Resolved,Closed,Academics & Exams,auto-closed 3 days after resolution
EV000393,TKT-100062,2026-07-29T14:44:38+05:30,first_response,AGT003,Assigned,In Progress,IT Support,
EV004281,TKT-100633,2026-08-31T13:04:12+05:30,status_change,AGT010,In Progress,Resolved,Academics & Exams,resolution provided
EV004459,TKT-100661,2026-08-27T09:01:30+05:30,assigned,SYSTEM,New,Assigned,Fees & Finance,assigned_to=AGT009
EV006700,TKT-101000,2026-09-14T06:54:23+05:30,first_response,AGT011,Assigned,In Progress,Academics & Exams,
EV001357,TKT-100207,2026-08-05T09:52:09+05:30,created,STU24838,,New,,channel=portal
EV006480,TKT-100968,2026-09-15T19:12:33+05:30,status_change,SYSTEM,Resolved,Closed,IT Support,auto-closed 3 days after resolution
EV005393,TKT-100800,2026-09-17T08:00:00+05:30,status_change,SYSTEM,Resolved,Closed,Hostel & Maintenance,auto-closed 3 days after resolution
EV000206,TKT-100032,2026-08-01T15:35:57+05:30,status_change,SYSTEM,Resolved,Closed,Hostel & Maintenance,auto-closed 3 days after resolution
EV002268,TKT-100340,2026-08-10T17:30:22+05:30,assigned,AGT014,New,Assigned,Hostel & Maintenance,assigned_to=AGT005
EV004600,TKT-100680,2026-08-29T17:45:19+05:30,reminder_sent,SYSTEM,,,Fees & Finance,auto-reminder: no response in 24h
EV001641,TKT-100248,2026-08-07T13:33:15+05:30,first_response,AGT008,Assigned,In Progress,Fees & Finance,
EV007305,TKT-101095,2026-09-18T12:45:06+05:30,first_response,AGT011,Assigned,In Progress,Academics & Exams,
EV001369,TKT-100209,2026-08-06T09:20:10+05:30,first_response,AGT008,Assigned,In Progress,Fees & Finance,
EV006964,TKT-101039,2026-09-17T10:00:00+05:30,escalated,AGT015,,,Fees & Finance,open > 48h in daily review
EV005133,TKT-100760,2026-09-01T16:06:29+05:30,created,STU25017,,New,,channel=email
EV004496,TKT-100666,2026-08-30T10:35:21+05:30,reminder_sent,SYSTEM,,,Fees & Finance,auto-reminder: no response in 24h
EV003687,TKT-100547,2026-08-24T21:46:35+05:30,status_change,STU24905,Waiting on Student,In Progress,Academics & Exams,student replied
EV003171,TKT-100470,2026-08-20T10:00:00+05:30,escalated,AGT015,,,Academics & Exams,open > 48h in daily review
EV005173,TKT-100766,2026-09-07T10:00:00+05:30,escalated,AGT015,,,Academics & Exams,open > 48h in daily review
EV003169,TKT-100470,2026-08-20T15:00:42+05:30,status_change,AGT010,In Progress,Waiting on Student,Academics & Exams,asked student for details
EV006219,TKT-100927,2026-09-10T12:39:43+05:30,first_response,AGT010,Assigned,In Progress,Academics & Exams,
EV003322,TKT-100493,2026-08-18T20:30:18+05:30,created,STU24389,,New,,channel=email
EV003160,TKT-100468,2026-08-23T12:31:03+05:30,status_change,SYSTEM,Resolved,Closed,Fees & Finance,auto-closed 3 days after resolution
EV007015,TKT-101048,2026-09-15T12:51:48+05:30,status_change,AGT004,In Progress,Resolved,IT Support,resolution provided
EV000383,TKT-100060,2026-08-07T11:42:34+05:30,status_change,AGT005,Reopened,Resolved,Hostel & Maintenance,resolved after reopen
EV006562,TKT-100981,2026-09-11T14:43:44+05:30,first_response,AGT004,Assigned,In Progress,IT Support,
EV003741,TKT-100555,2026-08-21T17:45:40+05:30,created,STU25541,,New,,channel=walk_in
EV004328,TKT-100640,2026-08-28T11:57:51+05:30,first_response,AGT004,Assigned,In Progress,IT Support,
EV004464,TKT-100661,2026-09-07T21:48:55+05:30,status_change,STU24095,Resolved,Reopened,Fees & Finance,student: issue not fixed
EV004995,TKT-100739,2026-09-01T18:51:31+05:30,status_change,AGT002,In Progress,Resolved,IT Support,resolution provided
EV003443,TKT-100509,2026-08-20T09:36:40+05:30,first_response,AGT006,Assigned,In Progress,Hostel & Maintenance,
EV003689,TKT-100547,2026-08-27T09:00:00+05:30,status_change,AGT011,In Progress,Resolved,Academics & Exams,resolution provided
EV006491,TKT-100970,2026-09-12T14:10:07+05:30,reminder_sent,SYSTEM,,,Hostel & Maintenance,auto-reminder: no response in 24h
EV001563,TKT-100236,2026-08-12T21:51:28+05:30,status_change,STU25630,Waiting on Student,In Progress,Fees & Finance,student replied
EV004658,TKT-100688,2026-08-30T17:34:54+05:30,reminder_sent,SYSTEM,,,Academics & Exams,auto-reminder: no response in 24h
EV002243,TKT-100336,2026-08-12T15:25:38+05:30,status_change,STU24320,Waiting on Student,In Progress,Hostel & Maintenance,student replied
EV004681,TKT-100691,2026-09-10T09:00:00+05:30,status_change,SYSTEM,Resolved,Closed,Academics & Exams,auto-closed 3 days after resolution
EV002611,TKT-100390,2026-08-13T15:07:45+05:30,created,STU24077,,New,,channel=email
EV000375,TKT-100059,2026-08-04T16:04:58+05:30,status_change,AGT011,In Progress,Resolved,Academics & Exams,resolution provided
EV001103,TKT-100165,2026-08-03T15:30:41+05:30,assigned,SYSTEM,New,Assigned,Hostel & Maintenance,assigned_to=AGT007
EV003194,TKT-100473,2026-08-24T12:42:01+05:30,status_change,AGT009,Reopened,Resolved,Fees & Finance,resolved after reopen
EV002635,TKT-100394,2026-08-13T11:30:38+05:30,created,STU24391,,New,,channel=portal
EV004394,TKT-100650,2026-08-27T12:43:22+05:30,assigned,SYSTEM,New,Assigned,Hostel & Maintenance,assigned_to=AGT005
EV004023,TKT-100595,2026-08-25T10:45:32+05:30,first_response,AGT011,Assigned,In Progress,Academics & Exams,
EV001948,TKT-100290,2026-08-12T10:14:26+05:30,status_change,AGT002,In Progress,Resolved,IT Support,resolution provided
EV002624,TKT-100392,2026-08-13T21:44:42+05:30,created,STU25538,,New,,channel=portal
EV002745,TKT-100410,2026-08-16T21:11:51+05:30,first_response,AGT011,Assigned,In Progress,Academics & Exams,
EV006032,TKT-100899,2026-09-09T09:11:14+05:30,assigned,AGT014,New,Assigned,IT Support,assigned_to=AGT003
EV004690,TKT-100693,2026-08-29T10:20:59+05:30,assigned,SYSTEM,New,Assigned,IT Support,assigned_to=AGT002
EV000970,TKT-100144,2026-08-08T15:58:23+05:30,status_change,SYSTEM,Resolved,Closed,Hostel & Maintenance,auto-closed 3 days after resolution
EV005651,TKT-100839,2026-09-06T11:13:01+05:30,assigned,SYSTEM,New,Assigned,IT Support,assigned_to=AGT002
EV004898,TKT-100725,2026-08-31T20:08:40+05:30,created,STU24460,,New,,channel=portal
EV006565,TKT-100982,2026-09-11T15:13:30+05:30,created,STU24483,,New,,channel=email
EV004401,TKT-100651,2026-08-27T07:18:41+05:30,created,STU25175,,New,,channel=email
EV000508,TKT-100079,2026-07-30T14:30:32+05:30,created,STU25229,,New,,channel=portal
EV007280,TKT-101091,2026-09-16T15:16:53+05:30,created,STU25302,,New,,channel=email
EV007282,TKT-101091,2026-09-17T14:56:34+05:30,first_response,AGT003,Assigned,In Progress,IT Support,
EV005462,TKT-100811,2026-09-04T11:36:20+05:30,created,STU25334,,New,,channel=portal
EV000742,TKT-100112,2026-08-05T15:30:45+05:30,status_change,AGT009,Reopened,Resolved,Fees & Finance,resolved after reopen
EV001504,TKT-100228,2026-08-10T16:24:59+05:30,status_change,SYSTEM,Resolved,Closed,Fees & Finance,auto-closed 3 days after resolution
EV005652,TKT-100839,2026-09-07T11:13:01+05:30,reminder_sent,SYSTEM,,,IT Support,auto-reminder: no response in 24h
EV006885,TKT-101027,2026-09-14T21:32:50+05:30,assigned,SYSTEM,New,Assigned,Fees & Finance,assigned_to=AGT008
EV006411,TKT-100959,2026-09-11T17:03:25+05:30,assigned,SYSTEM,New,Assigned,Library,assigned_to=AGT012
EV006795,TKT-101013,2026-09-17T10:23:57+05:30,status_change,AGT010,In Progress,Waiting on Student,Academics & Exams,asked student for details
EV005991,TKT-100892,2026-09-09T14:33:50+05:30,status_change,AGT004,In Progress,Resolved,IT Support,resolution provided
EV004448,TKT-100659,2026-08-27T17:56:05+05:30,created,STU24010,,New,,channel=portal
EV007467,TKT-101124,2026-09-17T17:46:39+05:30,assigned,AGT013,New,Assigned,Academics & Exams,assigned_to=AGT010
EV006301,TKT-100941,2026-09-11T12:27:58+05:30,first_response,AGT001,Assigned,In Progress,IT Support,
EV006117,TKT-100912,2026-09-09T10:14:12+05:30,assigned,SYSTEM,New,Assigned,Academics & Exams,assigned_to=AGT010
EV003708,TKT-100550,2026-08-26T09:10:37+05:30,status_change,AGT009,In Progress,Resolved,Fees & Finance,resolution provided
EV001798,TKT-100269,2026-08-16T12:03:30+05:30,status_change,SYSTEM,Resolved,Closed,Fees & Finance,auto-closed 3 days after resolution
EV006199,TKT-100924,2026-09-14T11:30:22+05:30,status_change,SYSTEM,Resolved,Closed,Academics & Exams,auto-closed 3 days after resolution
EV004208,TKT-100622,2026-08-28T10:00:00+05:30,escalated,AGT015,,,Hostel & Maintenance,open > 48h in daily review
EV001717,TKT-100258,2026-08-14T14:01:22+05:30,status_change,SYSTEM,Resolved,Closed,Hostel & Maintenance,auto-closed 3 days after resolution
EV004979,TKT-100737,2026-09-01T10:20:28+05:30,status_change,AGT004,In Progress,Waiting on Student,IT Support,asked student for details
EV005261,TKT-100780,2026-09-03T09:27:28+05:30,assigned,SYSTEM,New,Assigned,Hostel & Maintenance,assigned_to=AGT005
EV004729,TKT-100699,2026-08-31T17:50:55+05:30,first_response,AGT004,Assigned,In Progress,IT Support,
EV002694,TKT-100403,2026-08-13T20:27:17+05:30,created,STU25368,,New,,channel=email
EV004816,TKT-100712,2026-09-02T00:21:23+05:30,status_change,STU24505,Waiting on Student,In Progress,IT Support,student replied
EV002310,TKT-100345,2026-08-14T13:01:21+05:30,status_change,SYSTEM,Resolved,Closed,IT Support,auto-closed 3 days after resolution
EV001030,TKT-100154,2026-08-05T09:50:07+05:30,first_response,AGT012,Assigned,In Progress,Library,
EV000005,TKT-100001,2026-08-01T19:21:15+05:30,status_change,SYSTEM,Resolved,Closed,Hostel & Maintenance,auto-closed 3 days after resolution
EV001737,TKT-100261,2026-08-11T12:55:43+05:30,status_change,AGT005,In Progress,Waiting on Student,Hostel & Maintenance,asked student for details
EV001021,TKT-100153,2026-08-03T15:45:21+05:30,created,STU24831,,New,,channel=email
EV004699,TKT-100694,2026-08-31T10:57:05+05:30,status_change,AGT001,In Progress,Resolved,IT Support,resolution provided
EV000331,TKT-100052,2026-08-06T08:00:00+05:30,status_change,SYSTEM,Resolved,Closed,Hostel & Maintenance,auto-closed 3 days after resolution
EV005362,TKT-100795,2026-09-13T09:00:00+05:30,status_change,SYSTEM,Resolved,Closed,Academics & Exams,auto-closed 3 days after resolution
EV002066,TKT-100309,2026-08-14T16:06:14+05:30,status_change,SYSTEM,Resolved,Closed,Academics & Exams,auto-closed 3 days after resolution
EV001255,TKT-100190,2026-08-04T21:40:51+05:30,assigned,SYSTEM,New,Assigned,IT Support,assigned_to=AGT001
EV006140,TKT-100915,2026-09-15T15:21:51+05:30,status_change,AGT008,In Progress,Resolved,Fees & Finance,resolution provided
EV002561,TKT-100382,2026-08-14T10:04:07+05:30,reassigned,AGT013,In Progress,Assigned,Hostel & Maintenance,from=Library; assigned_to=AGT006
EV001205,TKT-100182,2026-08-04T20:29:35+05:30,created,STU24000,,New,,channel=portal
EV002948,TKT-100439,2026-08-15T12:02:52+05:30,first_response,AGT006,Assigned,In Progress,Hostel & Maintenance,
EV006135,TKT-100914,2026-09-13T15:42:59+05:30,status_change,SYSTEM,Resolved,Closed,Academics & Exams,auto-closed 3 days after resolution
EV001628,TKT-100246,2026-08-12T08:00:00+05:30,status_change,AGT007,In Progress,Resolved,Hostel & Maintenance,resolution provided
EV000826,TKT-100124,2026-08-01T11:44:45+05:30,assigned,AGT014,New,Assigned,Hostel & Maintenance,assigned_to=AGT007
EV007657,TKT-101157,2026-09-18T15:58:10+05:30,created,STU25651,,New,,channel=portal
EV006737,TKT-101005,2026-09-14T18:39:52+05:30,status_change,AGT003,In Progress,Resolved,IT Support,resolution provided
EV006097,TKT-100908,2026-09-12T11:04:47+05:30,status_change,STU25755,Waiting on Student,In Progress,Hostel & Maintenance,student replied
EV003943,TKT-100584,2026-08-23T11:07:34+05:30,created,STU25097,,New,,channel=email
EV002132,TKT-100320,2026-08-11T10:00:00+05:30,escalated,AGT015,,,Hostel & Maintenance,open > 48h in daily review
EV002399,TKT-100358,2026-08-14T10:00:00+05:30,escalated,AGT015,,,Hostel & Maintenance,open > 48h in daily review
EV003597,TKT-100533,2026-08-20T14:14:01+05:30,created,STU25372,,New,,channel=walk_in
EV005227,TKT-100774,2026-09-07T10:00:00+05:30,escalated,AGT015,,,Fees & Finance,open > 48h in daily review
EV006218,TKT-100927,2026-09-10T09:18:39+05:30,reminder_sent,SYSTEM,,,Academics & Exams,auto-reminder: no response in 24h
EV001704,TKT-100256,2026-08-12T08:00:00+05:30,status_change,AGT005,In Progress,Resolved,Hostel & Maintenance,resolution provided
EV004996,TKT-100739,2026-09-04T18:51:31+05:30,status_change,SYSTEM,Resolved,Closed,IT Support,auto-closed 3 days after resolution
EV001736,TKT-100261,2026-08-10T12:38:28+05:30,first_response,AGT005,Assigned,In Progress,Hostel & Maintenance,
EV007238,TKT-101083,2026-09-16T10:59:24+05:30,created,STU24733,,New,,channel=portal
EV007223,TKT-101080,2026-09-17T04:18:52+05:30,status_change,STU24961,Waiting on Student,In Progress,IT Support,student replied
EV000408,TKT-100065,2026-07-29T07:00:42+05:30,created,STU25755,,New,,channel=portal
EV006237,TKT-100930,2026-09-09T16:09:23+05:30,first_response,AGT010,Assigned,In Progress,Academics & Exams,
EV000291,TKT-100046,2026-07-28T15:27:22+05:30,assigned,AGT013,New,Assigned,Hostel & Maintenance,assigned_to=AGT007
EV001132,TKT-100169,2026-08-07T16:03:35+05:30,status_change,SYSTEM,Resolved,Closed,IT Support,auto-closed 3 days after resolution
EV004946,TKT-100732,2026-08-31T15:14:03+05:30,first_response,AGT003,Assigned,In Progress,IT Support,
EV004867,TKT-100720,2026-09-03T10:00:00+05:30,escalated,AGT015,,,Fees & Finance,open > 48h in daily review
EV000704,TKT-100107,2026-08-08T16:56:08+05:30,status_change,SYSTEM,Resolved,Closed,Hostel & Maintenance,auto-closed 3 days after resolution
EV004351,TKT-100644,2026-08-31T12:34:23+05:30,first_response,AGT010,Assigned,In Progress,Academics & Exams,
EV001036,TKT-100155,2026-08-05T10:00:00+05:30,escalated,AGT015,,,Academics & Exams,open > 48h in daily review
EV006854,TKT-101022,2026-09-14T16:55:24+05:30,first_response,AGT007,Assigned,In Progress,Hostel & Maintenance,
EV000850,TKT-100127,2026-08-04T14:31:24+05:30,status_change,AGT005,In Progress,Resolved,Hostel & Maintenance,resolution provided
EV006863,TKT-101023,2026-09-19T10:19:27+05:30,status_change,SYSTEM,Resolved,Closed,Academics & Exams,auto-closed 3 days after resolution
EV007663,TKT-101158,2026-09-18T20:05:19+05:30,created,STU24598,,New,,channel=portal
EV006187,TKT-100922,2026-09-15T17:53:08+05:30,status_change,SYSTEM,Resolved,Closed,Hostel & Maintenance,auto-closed 3 days after resolution
EV004224,TKT-100624,2026-09-03T13:48:16+05:30,status_change,SYSTEM,Resolved,Closed,Hostel & Maintenance,auto-closed 3 days after resolution
EV007776,TKT-101176,2026-09-19T08:17:24+05:30,assigned,SYSTEM,New,Assigned,Hostel & Maintenance,assigned_to=AGT005
EV007323,TKT-101099,2026-09-16T17:37:02+05:30,created,STU25734,,New,,channel=portal
EV008028,TKT-9000023,2026-09-05T09:47:20+05:30,status_change,SYSTEM,Resolved,Closed,IT Support,auto-closed 3 days after resolution
EV000060,TKT-100009,2026-07-28T08:58:18+05:30,first_response,AGT003,Assigned,In Progress,IT Support,
EV000842,TKT-100126,2026-08-04T14:43:46+05:30,first_response,AGT009,Assigned,In Progress,Fees & Finance,
EV006701,TKT-101000,2026-09-14T15:23:19+05:30,status_change,AGT011,In Progress,Resolved,Academics & Exams,resolution provided
EV004644,TKT-100686,2026-09-01T09:00:29+05:30,reminder_sent,SYSTEM,,,Hostel & Maintenance,auto-reminder: no response in 24h
EV004264,TKT-100630,2026-08-27T14:26:32+05:30,status_change,AGT002,In Progress,Resolved,IT Support,resolution provided
EV007991,TKT-101224,2026-09-01T10:42:57+05:30,created,STU24976,,New,,channel=email
EV002385,TKT-100356,2026-08-11T11:53:19+05:30,first_response,AGT001,Assigned,In Progress,IT Support,
EV000831,TKT-100125,2026-08-01T08:11:08+05:30,assigned,SYSTEM,New,Assigned,Hostel & Maintenance,assigned_to=AGT006
EV005180,TKT-100767,2026-09-04T20:37:15+05:30,status_change,STU25193,Waiting on Student,In Progress,Fees & Finance,student replied
EV002999,TKT-100445,2026-08-17T10:08:44+05:30,reassigned,AGT013,In Progress,Assigned,IT Support,from=Fees & Finance; assigned_to=AGT001
EV001726,TKT-100260,2026-08-07T16:07:19+05:30,assigned,SYSTEM,New,Assigned,Hostel & Maintenance,assigned_to=AGT007
EV002113,TKT-100317,2026-08-12T08:09:51+05:30,status_change,AGT005,In Progress,Resolved,Hostel & Maintenance,resolution provided
EV001955,TKT-100291,2026-08-17T09:00:00+05:30,status_change,AGT009,In Progress,Resolved,Fees & Finance,resolution provided
EV002222,TKT-100333,2026-08-16T09:00:00+05:30,status_change,SYSTEM,Resolved,Closed,Academics & Exams,auto-closed 3 days after resolution
EV002317,TKT-100347,2026-08-11T10:36:53+05:30,assigned,SYSTEM,New,Assigned,IT Support,assigned_to=AGT002
EV006393,TKT-100956,2026-09-12T09:12:21+05:30,assigned,AGT013,New,Assigned,Library,assigned_to=AGT012
EV002408,TKT-100360,2026-08-11T12:48:03+05:30,assigned,SYSTEM,New,Assigned,IT Support,assigned_to=AGT001
EV004347,TKT-100643,2026-08-31T14:51:54+05:30,status_change,SYSTEM,Resolved,Closed,Library,auto-closed 3 days after resolution
EV002221,TKT-100333,2026-08-13T09:00:00+05:30,status_change,AGT010,In Progress,Resolved,Academics & Exams,resolution provided
EV001140,TKT-100171,2026-08-04T15:46:32+05:30,first_response,AGT003,Assigned,In Progress,IT Support,
EV004900,TKT-100725,2026-09-01T16:34:18+05:30,first_response,AGT007,Assigned,In Progress,Hostel & Maintenance,
EV005428,TKT-100805,2026-09-05T17:06:07+05:30,reminder_sent,SYSTEM,,,Academics & Exams,auto-reminder: no response in 24h
EV003961,TKT-100586,2026-08-25T10:00:00+05:30,escalated,AGT015,,,Hostel & Maintenance,open > 48h in daily review
EV001062,TKT-100159,2026-08-07T13:23:19+05:30,status_change,STU24430,Resolved,Reopened,Hostel & Maintenance,student: issue not fixed
EV007743,TKT-101170,2026-09-19T22:47:04+05:30,assigned,SYSTEM,New,Assigned,Library,assigned_to=AGT012
EV004282,TKT-100633,2026-08-31T19:50:39+05:30,status_change,STU24345,Resolved,Reopened,Academics & Exams,student: issue not fixed
EV003753,TKT-100556,2026-08-24T15:11:45+05:30,status_change,STU25606,Waiting on Student,In Progress,Fees & Finance,student replied
EV003546,TKT-100524,2026-08-21T09:04:27+05:30,status_change,AGT007,In Progress,Resolved,Hostel & Maintenance,resolution provided
EV001379,TKT-100211,2026-08-06T16:39:13+05:30,first_response,AGT007,Assigned,In Progress,Hostel & Maintenance,
EV002225,TKT-100334,2026-08-11T18:51:40+05:30,first_response,AGT006,Assigned,In Progress,Hostel & Maintenance,
EV000458,TKT-100071,2026-08-04T09:00:00+05:30,status_change,AGT009,In Progress,Resolved,Fees & Finance,resolution provided
EV004891,TKT-100724,2026-08-31T09:34:44+05:30,created,STU25749,,New,,channel=portal
EV003876,TKT-100574,2026-08-27T12:17:56+05:30,agent_response,AGT012,Assigned,In Progress,Library,
EV002484,TKT-100371,2026-08-27T10:01:41+05:30,status_change,AGT012,Reopened,Resolved,Library,resolved after reopen
EV004623,TKT-100683,2026-08-28T12:45:49+05:30,assigned,AGT014,New,Assigned,IT Support,assigned_to=AGT001
EV006836,TKT-101020,2026-09-14T13:18:59+05:30,first_response,AGT007,Assigned,In Progress,Hostel & Maintenance,
EV002609,TKT-100389,2026-08-19T09:00:00+05:30,status_change,AGT011,In Progress,Resolved,Academics & Exams,resolution provided
EV004596,TKT-100679,2026-08-31T12:56:59+05:30,status_change,AGT011,In Progress,Resolved,Academics & Exams,resolution provided
EV002700,TKT-100403,2026-08-23T09:00:00+05:30,status_change,SYSTEM,Resolved,Closed,Fees & Finance,auto-closed 3 days after resolution
EV006402,TKT-100957,2026-09-14T10:00:00+05:30,escalated,AGT015,,,Hostel & Maintenance,open > 48h in daily review
EV001595,TKT-100241,2026-08-06T14:59:57+05:30,assigned,SYSTEM,New,Assigned,IT Support,assigned_to=AGT003
EV004491,TKT-100665,2026-09-01T04:45:47+05:30,status_change,STU25053,Resolved,Reopened,IT Support,student: issue not fixed
EV007158,TKT-101070,2026-09-17T10:09:12+05:30,first_response,AGT012,Assigned,In Progress,Library,
EV001560,TKT-100236,2026-08-07T13:16:43+05:30,reminder_sent,SYSTEM,,,Fees & Finance,auto-reminder: no response in 24h
EV001612,TKT-100243,2026-08-10T13:20:38+05:30,status_change,AGT007,In Progress,Resolved,Hostel & Maintenance,resolution provided
EV002946,TKT-100439,2026-08-15T09:41:20+05:30,created,STU24807,,New,,channel=email
EV006620,TKT-100989,2026-09-15T09:17:42+05:30,status_change,AGT004,In Progress,Resolved,IT Support,resolution provided
EV001400,TKT-100214,2026-08-05T10:31:34+05:30,created,STU25545,,New,,channel=portal
EV004001,TKT-100592,2026-08-24T12:49:13+05:30,assigned,SYSTEM,New,Assigned,IT Support,assigned_to=AGT001
EV000457,TKT-100071,2026-08-03T10:00:00+05:30,escalated,AGT015,,,Fees & Finance,open > 48h in daily review
EV005608,TKT-100833,2026-09-09T10:55:43+05:30,agent_response,AGT012,Assigned,In Progress,Library,
EV001952,TKT-100291,2026-08-09T18:50:45+05:30,reminder_sent,SYSTEM,,,Fees & Finance,auto-reminder: no response in 24h
EV000236,TKT-100037,2026-07-28T15:42:37+05:30,created,STU25642,,New,,channel=portal
EV006469,TKT-100966,2026-09-15T08:00:00+05:30,status_change,AGT006,In Progress,Resolved,Hostel & Maintenance,resolution provided
EV003269,TKT-100485,2026-08-18T13:54:54+05:30,created,STU25162,,New,,channel=email
EV006210,TKT-100926,2026-09-10T14:41:52+05:30,agent_response,AGT012,Assigned,In Progress,Library,
EV000652,TKT-100101,2026-07-31T13:46:24+05:30,created,STU24788,,New,,channel=portal
EV001239,TKT-100187,2026-08-06T06:23:26+05:30,first_response,AGT006,Assigned,In Progress,Hostel & Maintenance,
EV005717,TKT-100849,2026-09-07T21:16:12+05:30,created,STU24973,,New,,channel=portal
EV005480,TKT-100813,2026-09-08T16:20:45+05:30,status_change,SYSTEM,Resolved,Closed,IT Support,auto-closed 3 days after resolution
EV001655,TKT-100250,2026-08-07T14:15:50+05:30,assigned,SYSTEM,New,Assigned,IT Support,assigned_to=AGT003
EV001384,TKT-100211,2026-08-10T10:00:00+05:30,escalated,AGT015,,,Fees & Finance,open > 48h in daily review
EV005484,TKT-100814,2026-09-07T10:00:00+05:30,escalated,AGT015,,,Hostel & Maintenance,open > 48h in daily review
EV001891,TKT-100283,2026-08-08T10:09:11+05:30,assigned,SYSTEM,New,Assigned,Library,assigned_to=AGT012
EV004122,TKT-100608,2026-08-28T14:00:12+05:30,status_change,SYSTEM,Resolved,Closed,Academics & Exams,auto-closed 3 days after resolution
EV007482,TKT-101127,2026-09-17T11:10:27+05:30,assigned,SYSTEM,New,Assigned,Academics & Exams,assigned_to=AGT010
EV002890,TKT-100430,2026-08-17T10:00:00+05:30,escalated,AGT015,,,Hostel & Maintenance,open > 48h in daily review
EV004056,TKT-100599,2026-08-24T16:18:12+05:30,first_response,AGT003,Assigned,In Progress,IT Support,
EV004625,TKT-100683,2026-08-29T14:42:30+05:30,status_change,AGT001,In Progress,Resolved,IT Support,resolution provided
EV004411,TKT-100652,2026-08-29T12:54:12+05:30,status_change,AGT007,In Progress,Resolved,Hostel & Maintenance,resolution provided
EV000326,TKT-100052,2026-07-28T22:59:54+05:30,assigned,SYSTEM,New,Assigned,Hostel & Maintenance,assigned_to=AGT005
EV002923,TKT-100435,2026-08-20T08:12:12+05:30,status_change,SYSTEM,Resolved,Closed,IT Support,auto-closed 3 days after resolution
EV006494,TKT-100970,2026-09-14T18:40:55+05:30,status_change,STU24347,Waiting on Student,In Progress,Hostel & Maintenance,student replied
EV002430,TKT-100364,2026-08-14T10:00:00+05:30,escalated,AGT015,,,Hostel & Maintenance,open > 48h in daily review
EV002602,TKT-100388,2026-08-27T09:00:00+05:30,status_change,SYSTEM,Resolved,Closed,Academics & Exams,auto-closed 3 days after resolution
EV003591,TKT-100531,2026-08-28T09:00:00+05:30,status_change,SYSTEM,Resolved,Closed,Fees & Finance,auto-closed 3 days after resolution
EV004901,TKT-100725,2026-09-03T10:00:00+05:30,escalated,AGT015,,,Hostel & Maintenance,open > 48h in daily review
EV001367,TKT-100209,2026-08-05T10:57:26+05:30,created,STU25417,,New,,channel=email
EV002538,TKT-100379,2026-08-13T09:54:38+05:30,assigned,AGT013,New,Assigned,Library,assigned_to=AGT012
EV003879,TKT-100574,2026-08-24T10:00:00+05:30,escalated,AGT015,,,Hostel & Maintenance,open > 48h in daily review
EV003045,TKT-100451,2026-08-18T10:00:00+05:30,escalated,AGT015,,,IT Support,open > 48h in daily review
EV005307,TKT-100786,2026-09-08T08:00:00+05:30,status_change,AGT006,In Progress,Resolved,Hostel & Maintenance,resolution provided
EV005579,TKT-100829,2026-09-06T17:29:53+05:30,reminder_sent,SYSTEM,,,Library,auto-reminder: no response in 24h
EV000143,TKT-100023,2026-07-31T09:00:00+05:30,status_change,AGT009,In Progress,Resolved,Fees & Finance,resolution provided
EV006262,TKT-100935,2026-09-10T16:13:19+05:30,created,STU24823,,New,,channel=portal
EV001378,TKT-100211,2026-08-05T20:12:37+05:30,assigned,SYSTEM,New,Assigned,Hostel & Maintenance,assigned_to=AGT007
EV007078,TKT-101059,2026-09-16T14:11:46+05:30,reminder_sent,SYSTEM,,,Hostel & Maintenance,auto-reminder: no response in 24h
EV006856,TKT-101022,2026-09-18T18:24:13+05:30,status_change,SYSTEM,Resolved,Closed,Hostel & Maintenance,auto-closed 3 days after resolution
EV006890,TKT-101027,2026-09-19T12:29:33+05:30,status_change,SYSTEM,Resolved,Closed,Academics & Exams,auto-closed 3 days after resolution
EV002304,TKT-100344,2026-08-11T13:52:39+05:30,status_change,AGT004,In Progress,Resolved,IT Support,resolution provided
EV000779,TKT-100117,2026-08-01T11:36:04+05:30,first_response,AGT003,Assigned,In Progress,IT Support,
EV004160,TKT-100615,2026-08-25T18:50:18+05:30,created,STU25115,,New,,channel=portal
EV001126,TKT-100168,2026-08-04T13:02:03+05:30,status_change,AGT001,In Progress,Resolved,IT Support,resolution provided
EV006739,TKT-101006,2026-09-12T19:58:25+05:30,created,STU25646,,New,,channel=portal
EV001765,TKT-100266,2026-08-07T14:27:49+05:30,created,STU24513,,New,,channel=email
EV001812,TKT-100271,2026-08-10T12:33:01+05:30,status_change,AGT007,In Progress,Resolved,Hostel & Maintenance,resolution provided
EV001452,TKT-100221,2026-08-11T08:00:00+05:30,status_change,AGT006,In Progress,Resolved,Hostel & Maintenance,resolution provided
EV000731,TKT-100111,2026-08-03T16:03:55+05:30,first_response,AGT010,Assigned,In Progress,Academics & Exams,
EV006383,TKT-100954,2026-09-18T16:17:21+05:30,status_change,SYSTEM,Resolved,Closed,Academics & Exams,auto-closed 3 days after resolution
EV002233,TKT-100335,2026-08-12T16:01:29+05:30,status_change,STU24902,Waiting on Student,In Progress,Academics & Exams,student replied
EV002102,TKT-100316,2026-08-09T15:52:35+05:30,assigned,SYSTEM,New,Assigned,IT Support,assigned_to=AGT002
EV001979,TKT-100295,2026-08-10T17:57:29+05:30,status_change,AGT005,In Progress,Resolved,Hostel & Maintenance,resolution provided
EV006666,TKT-100995,2026-09-15T19:19:35+05:30,status_change,SYSTEM,Resolved,Closed,IT Support,auto-closed 3 days after resolution
EV002143,TKT-100322,2026-08-11T09:00:45+05:30,assigned,AGT013,New,Assigned,Fees & Finance,assigned_to=AGT008
EV000806,TKT-100121,2026-08-02T12:23:05+05:30,reminder_sent,SYSTEM,,,Fees & Finance,auto-reminder: no response in 24h
EV002959,TKT-100440,2026-08-20T15:10:27+05:30,status_change,SYSTEM,Resolved,Closed,IT Support,auto-closed 3 days after resolution
EV006081,TKT-100906,2026-09-10T09:20:00+05:30,first_response,AGT005,Assigned,In Progress,Hostel & Maintenance,
EV007781,TKT-101177,2026-09-19T11:00:43+05:30,assigned,SYSTEM,New,Assigned,Academics & Exams,assigned_to=AGT010
EV005001,TKT-100740,2026-09-03T11:48:10+05:30,agent_response,AGT009,Assigned,In Progress,Fees & Finance,
EV003434,TKT-100508,2026-08-20T10:53:34+05:30,agent_response,AGT002,Assigned,In Progress,IT Support,
EV000084,TKT-100013,2026-07-28T11:01:02+05:30,first_response,AGT005,Assigned,In Progress,Hostel & Maintenance,
EV003191,TKT-100473,2026-08-19T10:00:00+05:30,escalated,AGT015,,,Fees & Finance,open > 48h in daily review
EV006797,TKT-101013,2026-09-16T10:00:00+05:30,escalated,AGT015,,,Academics & Exams,open > 48h in daily review
EV002773,TKT-100414,2026-08-14T16:05:57+05:30,first_response,AGT012,Assigned,In Progress,Library,
EV005675,TKT-100842,2026-09-07T13:45:48+05:30,agent_response,AGT001,Assigned,In Progress,IT Support,
EV000780,TKT-100117,2026-08-01T17:57:06+05:30,status_change,AGT003,In Progress,Resolved,IT Support,resolution provided
EV007376,TKT-101107,2026-09-18T05:11:51+05:30,first_response,AGT008,Assigned,In Progress,Fees & Finance,
EV005234,TKT-100775,2026-09-04T16:54:35+05:30,status_change,AGT009,In Progress,Resolved,Fees & Finance,resolution provided
EV003312,TKT-100491,2026-08-18T08:06:33+05:30,created,STU24614,,New,,channel=portal
EV005546,TKT-100823,2026-09-07T11:11:01+05:30,reassigned,AGT014,In Progress,Assigned,Library,from=Academics & Exams; assigned_to=AGT012
EV007179,TKT-101073,2026-09-15T17:27:24+05:30,agent_response,AGT004,Assigned,In Progress,IT Support,
EV000509,TKT-100079,2026-07-30T14:41:32+05:30,assigned,SYSTEM,New,Assigned,Hostel & Maintenance,assigned_to=AGT006
EV003972,TKT-100588,2026-08-24T16:11:51+05:30,first_response,AGT004,Assigned,In Progress,IT Support,
EV006832,TKT-101019,2026-09-15T15:31:56+05:30,status_change,AGT004,In Progress,Resolved,IT Support,resolution provided
EV001738,TKT-100261,2026-08-11T16:49:03+05:30,status_change,STU24580,Waiting on Student,In Progress,Hostel & Maintenance,student replied
EV003658,TKT-100542,2026-08-28T15:55:55+05:30,status_change,SYSTEM,Waiting on Student,Closed - No Response,Hostel & Maintenance,auto-closed after 72h without student reply
EV005795,TKT-100861,2026-09-07T14:18:30+05:30,created,STU24168,,New,,channel=portal
EV001540,TKT-100234,2026-08-07T16:59:23+05:30,status_change,AGT009,In Progress,Waiting on Student,Fees & Finance,asked student for details
EV003636,TKT-100539,2026-08-21T14:27:50+05:30,reminder_sent,SYSTEM,,,Hostel & Maintenance,auto-reminder: no response in 24h
EV000303,TKT-100048,2026-07-28T10:39:39+05:30,created,STU25239,,New,,channel=portal
EV005437,TKT-100806,2026-09-07T18:52:27+05:30,status_change,SYSTEM,Resolved,Closed,IT Support,auto-closed 3 days after resolution
EV004789,TKT-100708,2026-08-31T09:24:59+05:30,first_response,AGT004,Assigned,In Progress,IT Support,
EV002481,TKT-100371,2026-08-17T10:00:00+05:30,escalated,AGT015,,,Fees & Finance,open > 48h in daily review
EV003835,TKT-100569,2026-08-25T10:00:00+05:30,escalated,AGT015,,,Academics & Exams,open > 48h in daily review
EV002858,TKT-100426,2026-08-20T11:10:20+05:30,status_change,SYSTEM,Resolved,Closed,IT Support,auto-closed 3 days after resolution
EV000577,TKT-100090,2026-07-30T14:24:05+05:30,assigned,AGT014,New,Assigned,Fees & Finance,assigned_to=AGT008
EV003784,TKT-100561,2026-08-24T10:00:00+05:30,escalated,AGT015,,,Academics & Exams,open > 48h in daily review
EV002049,TKT-100306,2026-08-13T08:00:00+05:30,status_change,AGT006,In Progress,Resolved,Hostel & Maintenance,resolution provided
EV003002,TKT-100445,2026-08-18T14:27:33+05:30,status_change,AGT001,In Progress,Resolved,IT Support,resolution provided
EV003205,TKT-100475,2026-08-18T13:08:01+05:30,reminder_sent,SYSTEM,,,Academics & Exams,auto-reminder: no response in 24h
EV001233,TKT-100186,2026-08-07T10:00:00+05:30,escalated,AGT015,,,Academics & Exams,open > 48h in daily review
EV000789,TKT-100119,2026-07-31T11:40:16+05:30,created,STU24849,,New,,channel=portal
EV000892,TKT-100133,2026-08-08T08:00:00+05:30,status_change,SYSTEM,Resolved,Closed,Hostel & Maintenance,auto-closed 3 days after resolution
EV005879,TKT-100874,2026-09-10T10:00:00+05:30,escalated,AGT015,,,Fees & Finance,open > 48h in daily review
EV006902,TKT-101029,2026-09-17T10:00:00+05:30,escalated,AGT015,,,Academics & Exams,open > 48h in daily review
EV004499,TKT-100666,2026-09-03T09:00:00+05:30,status_change,AGT009,In Progress,Resolved,Fees & Finance,resolution provided
EV006756,TKT-101009,2026-09-13T08:45:22+05:30,created,STU24843,,New,,channel=email
EV000006,TKT-100002,2026-07-27T13:09:59+05:30,created,STU25714,,New,,channel=portal
EV000346,TKT-100054,2026-08-02T16:08:26+05:30,status_change,SYSTEM,Resolved,Closed,Library,auto-closed 3 days after resolution
EV001434,TKT-100219,2026-08-11T10:21:34+05:30,reassigned,AGT013,In Progress,Assigned,Library,from=Academics & Exams; assigned_to=AGT012
EV000369,TKT-100058,2026-08-04T09:00:00+05:30,status_change,AGT009,In Progress,Resolved,Fees & Finance,resolution provided
EV000436,TKT-100069,2026-07-30T07:42:12+05:30,reminder_sent,SYSTEM,,,Fees & Finance,auto-reminder: no response in 24h
EV001978,TKT-100295,2026-08-08T18:03:21+05:30,first_response,AGT005,Assigned,In Progress,Hostel & Maintenance,
EV004824,TKT-100713,2026-09-02T12:23:51+05:30,agent_response,AGT008,Assigned,In Progress,Fees & Finance,
EV005742,TKT-100852,2026-09-08T14:58:37+05:30,first_response,AGT002,Assigned,In Progress,IT Support,
EV007426,TKT-101116,2026-09-18T10:44:54+05:30,reminder_sent,SYSTEM,,,Academics & Exams,auto-reminder: no response in 24h
EV003606,TKT-100534,2026-08-21T16:03:09+05:30,first_response,AGT006,Assigned,In Progress,Hostel & Maintenance,
EV005806,TKT-100862,2026-09-10T10:00:00+05:30,escalated,AGT015,,,Fees & Finance,open > 48h in daily review
EV004169,TKT-100616,2026-08-29T09:52:23+05:30,status_change,SYSTEM,Waiting on Student,Closed - No Response,Library,auto-closed after 72h without student reply
EV005711,TKT-100848,2026-09-07T10:53:15+05:30,assigned,AGT013,New,Assigned,Academics & Exams,assigned_to=AGT011
EV001035,TKT-100155,2026-08-03T11:27:53+05:30,first_response,AGT011,Assigned,In Progress,Academics & Exams,
EV004226,TKT-100625,2026-08-26T16:05:02+05:30,assigned,AGT014,New,Assigned,Fees & Finance,assigned_to=AGT008
EV006801,TKT-101014,2026-09-14T10:29:59+05:30,assigned,AGT013,New,Assigned,Hostel & Maintenance,assigned_to=AGT006
EV000098,TKT-100015,2026-07-27T14:11:17+05:30,first_response,AGT006,Assigned,In Progress,Hostel & Maintenance,
EV000059,TKT-100009,2026-07-27T17:12:30+05:30,assigned,AGT013,New,Assigned,IT Support,assigned_to=AGT003
EV005743,TKT-100852,2026-09-08T19:49:21+05:30,status_change,AGT002,In Progress,Resolved,IT Support,resolution provided
EV003643,TKT-100540,2026-08-21T10:00:06+05:30,first_response,AGT004,Assigned,In Progress,IT Support,
EV002023,TKT-100302,2026-08-12T10:00:00+05:30,escalated,AGT015,,,Hostel & Maintenance,open > 48h in daily review
EV001785,TKT-100268,2026-08-10T10:14:26+05:30,status_change,AGT001,In Progress,Waiting on Student,IT Support,asked student for details
EV002660,TKT-100398,2026-08-14T13:43:42+05:30,first_response,AGT005,Assigned,In Progress,Hostel & Maintenance,
EV006043,TKT-100900,2026-09-11T10:39:32+05:30,status_change,STU25523,Resolved,Reopened,IT Support,student: issue not fixed
EV002625,TKT-100392,2026-08-13T21:49:41+05:30,assigned,SYSTEM,New,Assigned,IT Support,assigned_to=AGT002
EV005041,TKT-100747,2026-09-02T11:36:47+05:30,assigned,AGT014,New,Assigned,Hostel & Maintenance,assigned_to=AGT006
EV004059,TKT-100600,2026-08-24T16:42:16+05:30,created,STU24803,,New,,channel=portal
EV001166,TKT-100176,2026-08-05T09:36:54+05:30,assigned,AGT014,New,Assigned,Fees & Finance,assigned_to=AGT009
EV003861,TKT-100573,2026-08-24T06:24:19+05:30,first_response,AGT006,Assigned,In Progress,Hostel & Maintenance,
EV007225,TKT-101080,2026-09-18T15:44:12+05:30,status_change,STU24961,Resolved,Reopened,IT Support,student: issue not fixed
EV007088,TKT-101060,2026-09-15T11:22:47+05:30,created,STU24592,,New,,channel=portal
EV005073,TKT-100751,2026-09-04T09:32:01+05:30,status_change,AGT008,In Progress,Waiting on Student,Fees & Finance,asked student for details
EV000792,TKT-100119,2026-07-31T13:44:42+05:30,reassigned,AGT013,In Progress,Assigned,Fees & Finance,from=Hostel & Maintenance; assigned_to=AGT009
EV000903,TKT-100135,2026-08-03T09:05:14+05:30,status_change,AGT002,Reopened,Resolved,IT Support,resolved after reopen
EV006614,TKT-100989,2026-09-12T22:51:17+05:30,created,STU25609,,New,,channel=portal
EV006983,TKT-101042,2026-09-15T11:07:23+05:30,status_change,AGT011,In Progress,Resolved,Academics & Exams,resolution provided
EV000641,TKT-100099,2026-07-31T09:00:05+05:30,first_response,AGT006,Assigned,In Progress,Hostel & Maintenance,
EV000926,TKT-100139,2026-08-02T15:11:13+05:30,created,STU25426,,New,,channel=portal
EV007149,TKT-101069,2026-09-17T11:15:09+05:30,reassigned,AGT014,In Progress,Assigned,Library,from=Fees & Finance; assigned_to=AGT012
EV002672,TKT-100399,2026-08-17T10:00:00+05:30,escalated,AGT015,,,Fees & Finance,open > 48h in daily review
EV004829,TKT-100714,2026-08-31T20:53:03+05:30,assigned,SYSTEM,New,Assigned,Academics & Exams,assigned_to=AGT010
EV006072,TKT-100905,2026-09-09T14:17:33+05:30,created,STU25380,,New,,channel=email
EV003799,TKT-100563,2026-08-26T13:48:15+05:30,status_change,STU24222,Resolved,Reopened,Fees & Finance,student: issue not fixed
EV001656,TKT-100250,2026-08-08T10:50:18+05:30,first_response,AGT003,Assigned,In Progress,IT Support,
EV001805,TKT-100270,2026-08-10T16:15:25+05:30,status_change,SYSTEM,Resolved,Closed,IT Support,auto-closed 3 days after resolution
EV002903,TKT-100432,2026-08-18T14:50:15+05:30,status_change,AGT010,In Progress,Resolved,Academics & Exams,resolution provided
EV000545,TKT-100084,2026-08-10T15:45:10+05:30,status_change,SYSTEM,Resolved,Closed,Hostel & Maintenance,auto-closed 3 days after resolution
EV000293,TKT-100046,2026-07-31T10:00:00+05:30,escalated,AGT015,,,Hostel & Maintenance,open > 48h in daily review
EV004756,TKT-100703,2026-08-31T09:50:53+05:30,reminder_sent,SYSTEM,,,Academics & Exams,auto-reminder: no response in 24h
EV002369,TKT-100354,2026-08-11T17:13:53+05:30,created,STU25414,,New,,channel=portal
EV005332,TKT-100791,2026-09-03T12:16:01+05:30,created,STU25266,,New,,channel=portal
EV006921,TKT-101033,2026-09-15T15:33:03+05:30,first_response,AGT011,Assigned,In Progress,Academics & Exams,
EV003262,TKT-100484,2026-08-18T13:29:13+05:30,assigned,SYSTEM,New,Assigned,IT Support,assigned_to=AGT002
EV003916,TKT-100579,2026-08-24T21:49:00+05:30,first_response,AGT011,Assigned,In Progress,Academics & Exams,
EV004285,TKT-100634,2026-08-26T21:32:27+05:30,created,STU25666,,New,,channel=portal
EV003539,TKT-100523,2026-08-19T11:44:16+05:30,status_change,AGT001,In Progress,Resolved,IT Support,resolution provided
EV005666,TKT-100841,2026-09-08T13:09:13+05:30,reassigned,AGT013,In Progress,Assigned,Academics & Exams,from=Hostel & Maintenance; assigned_to=AGT011
EV002804,TKT-100419,2026-08-14T21:15:11+05:30,created,STU24911,,New,,channel=portal
EV003435,TKT-100508,2026-08-20T14:30:51+05:30,status_change,AGT002,In Progress,Waiting on Student,IT Support,asked student for details
EV007433,TKT-101117,2026-09-18T09:33:50+05:30,status_change,AGT002,In Progress,Resolved,IT Support,resolution provided
EV000966,TKT-100144,2026-08-04T10:49:32+05:30,status_change,AGT006,In Progress,Waiting on Student,Hostel & Maintenance,asked student for details
EV003720,TKT-100552,2026-08-22T13:35:47+05:30,reminder_sent,SYSTEM,,,Hostel & Maintenance,auto-reminder: no response in 24h
EV002855,TKT-100426,2026-08-14T15:06:42+05:30,status_change,AGT004,In Progress,Resolved,IT Support,resolution provided
EV004284,TKT-100633,2026-09-05T11:40:52+05:30,status_change,SYSTEM,Resolved,Closed,Academics & Exams,auto-closed 3 days after resolution
EV005543,TKT-100823,2026-09-05T14:54:30+05:30,created,STU24473,,New,,channel=email
EV003962,TKT-100586,2026-08-25T13:23:00+05:30,status_change,AGT006,In Progress,Resolved,Hostel & Maintenance,resolution provided
EV000634,TKT-100098,2026-08-01T10:09:58+05:30,reassigned,AGT014,In Progress,Assigned,IT Support,from=Library; assigned_to=AGT001
EV006319,TKT-100944,2026-09-14T16:46:31+05:30,first_response,AGT010,Assigned,In Progress,Academics & Exams,
EV000253,TKT-100040,2026-07-28T09:18:28+05:30,first_response,AGT009,Assigned,In Progress,Fees & Finance,
EV007128,TKT-101066,2026-09-15T20:35:31+05:30,created,STU24214,,New,,channel=portal
EV000214,TKT-100034,2026-07-28T22:34:27+05:30,created,STU24981,,New,,channel=portal
EV006496,TKT-100970,2026-09-15T09:38:37+05:30,status_change,AGT005,In Progress,Resolved,Hostel & Maintenance,resolution provided
EV003470,TKT-100513,2026-08-19T18:31:37+05:30,first_response,AGT002,Assigned,In Progress,IT Support,
EV005466,TKT-100811,2026-09-07T10:00:00+05:30,escalated,AGT015,,,Hostel & Maintenance,open > 48h in daily review
EV005032,TKT-100745,2026-09-04T09:00:00+05:30,status_change,AGT009,In Progress,Resolved,Fees & Finance,resolution provided
EV003302,TKT-100489,2026-08-20T04:29:30+05:30,first_response,AGT012,Assigned,In Progress,Library,
EV004674,TKT-100690,2026-09-03T10:57:03+05:30,status_change,SYSTEM,Resolved,Closed,IT Support,auto-closed 3 days after resolution
EV004536,TKT-100671,2026-08-31T10:00:00+05:30,escalated,AGT015,,,Fees & Finance,open > 48h in daily review
EV000154,TKT-100025,2026-07-27T15:08:08+05:30,first_response,AGT012,Assigned,In Progress,Library,
EV007603,TKT-101149,2026-09-18T10:03:19+05:30,created,STU25683,,New,,channel=portal
EV002807,TKT-100419,2026-08-22T00:58:09+05:30,first_response,AGT011,Assigned,In Progress,Academics & Exams,
EV006288,TKT-100939,2026-09-10T16:34:41+05:30,first_response,AGT011,Assigned,In Progress,Academics & Exams,
EV000327,TKT-100052,2026-07-29T22:59:54+05:30,reminder_sent,SYSTEM,,,Hostel & Maintenance,auto-reminder: no response in 24h
EV004572,TKT-100676,2026-08-28T17:11:20+05:30,reassigned,AGT014,In Progress,Assigned,IT Support,from=Hostel & Maintenance; assigned_to=AGT004
EV001467,TKT-100223,2026-08-08T02:41:03+05:30,status_change,STU25300,Resolved,Reopened,IT Support,student: issue not fixed
EV007928,TKT-101202,2026-09-20T14:38:39+05:30,created,STU24127,,New,,channel=portal
EV007344,TKT-101102,2026-09-17T11:24:06+05:30,reminder_sent,SYSTEM,,,Academics & Exams,auto-reminder: no response in 24h
EV004042,TKT-100598,2026-08-24T16:34:33+05:30,first_response,AGT012,Assigned,In Progress,Library,
EV001377,TKT-100211,2026-08-05T20:04:17+05:30,created,STU25433,,New,,channel=portal
EV001811,TKT-100271,2026-08-10T10:00:00+05:30,escalated,AGT015,,,Hostel & Maintenance,open > 48h in daily review
EV002659,TKT-100398,2026-08-14T10:57:48+05:30,assigned,AGT013,New,Assigned,Hostel & Maintenance,assigned_to=AGT005
EV006091,TKT-100907,2026-09-14T14:01:56+05:30,status_change,SYSTEM,Waiting on Student,Closed - No Response,Hostel & Maintenance,auto-closed after 72h without student reply
EV004447,TKT-100658,2026-09-01T10:43:41+05:30,status_change,SYSTEM,Resolved,Closed,IT Support,auto-closed 3 days after resolution
EV000738,TKT-100112,2026-08-03T03:53:27+05:30,first_response,AGT009,Assigned,In Progress,Fees & Finance,
EV007627,TKT-101152,2026-09-19T13:39:08+05:30,first_response,AGT006,Assigned,In Progress,Hostel & Maintenance,
EV005358,TKT-100795,2026-09-05T09:13:02+05:30,reminder_sent,SYSTEM,,,Academics & Exams,auto-reminder: no response in 24h
EV003761,TKT-100557,2026-08-24T14:29:30+05:30,status_change,SYSTEM,Waiting on Student,Closed - No Response,IT Support,auto-closed after 72h without student reply
EV005607,TKT-100833,2026-09-09T10:18:21+05:30,reassigned,AGT014,In Progress,Assigned,Library,from=Academics & Exams; assigned_to=AGT012
EV002909,TKT-100433,2026-08-17T10:00:00+05:30,escalated,AGT015,,,Academics & Exams,open > 48h in daily review
EV002165,TKT-100326,2026-08-10T23:53:00+05:30,created,STU24934,,New,,channel=portal
EV004353,TKT-100644,2026-09-02T09:00:00+05:30,status_change,AGT010,In Progress,Resolved,Academics & Exams,resolution provided
EV005846,TKT-100869,2026-09-07T09:00:06+05:30,created,STU24880,,New,,channel=portal
EV000883,TKT-100132,2026-08-03T10:00:00+05:30,escalated,AGT015,,,Hostel & Maintenance,open > 48h in daily review
EV003998,TKT-100591,2026-08-24T17:16:42+05:30,status_change,AGT007,In Progress,Resolved,Hostel & Maintenance,resolution provided
EV007985,TKT-101221,2026-07-28T23:50:31+05:30,created,STU25582,,New,,channel=portal
EV004179,TKT-100618,2026-08-25T10:36:54+05:30,assigned,SYSTEM,New,Assigned,Library,assigned_to=AGT012
EV004691,TKT-100693,2026-08-29T12:05:25+05:30,first_response,AGT002,Assigned,In Progress,IT Support,
EV007014,TKT-101048,2026-09-14T19:35:23+05:30,first_response,AGT004,Assigned,In Progress,IT Support,
EV008039,TKT-9000034,2026-07-28T13:52:58+05:30,created,STU24516,,New,,channel=portal
EV007798,TKT-101180,2026-09-20T12:35:44+05:30,reminder_sent,SYSTEM,,,Hostel & Maintenance,auto-reminder: no response in 24h
EV001761,TKT-100265,2026-08-07T12:55:59+05:30,assigned,AGT013,New,Assigned,IT Support,assigned_to=AGT002
EV007988,TKT-101222,2026-08-24T16:09:52+05:30,status_change,AGT013,New,Cancelled,,duplicate of earlier ticket
EV005774,TKT-100858,2026-09-07T20:37:58+05:30,created,STU24068,,New,,channel=portal
EV001638,TKT-100247,2026-08-20T16:53:48+05:30,status_change,SYSTEM,Resolved,Closed,Fees & Finance,auto-closed 3 days after resolution
EV007324,TKT-101099,2026-09-16T17:45:24+05:30,assigned,SYSTEM,New,Assigned,Academics & Exams,assigned_to=AGT011
EV004640,TKT-100685,2026-09-01T12:52:56+05:30,status_change,AGT009,In Progress,Resolved,Fees & Finance,resolution provided
EV003974,TKT-100588,2026-08-28T11:01:19+05:30,status_change,SYSTEM,Resolved,Closed,IT Support,auto-closed 3 days after resolution
EV004428,TKT-100655,2026-08-27T14:10:18+05:30,first_response,AGT012,Assigned,In Progress,Library,
EV006046,TKT-100901,2026-09-09T06:40:56+05:30,created,STU24561,,New,,channel=portal
EV005917,TKT-100880,2026-09-10T09:53:54+05:30,status_change,AGT011,In Progress,Waiting on Student,Academics & Exams,asked student for details
EV002528,TKT-100377,2026-08-14T00:44:58+05:30,status_change,STU25642,Waiting on Student,In Progress,Academics & Exams,student replied
EV006637,TKT-100992,2026-09-12T18:42:48+05:30,assigned,SYSTEM,New,Assigned,Library,assigned_to=AGT012
EV003186,TKT-100472,2026-08-23T10:29:37+05:30,status_change,SYSTEM,Resolved,Closed,Hostel & Maintenance,auto-closed 3 days after resolution
EV004959,TKT-100734,2026-08-31T11:12:03+05:30,assigned,SYSTEM,New,Assigned,IT Support,assigned_to=AGT002
EV003180,TKT-100471,2026-08-21T12:02:50+05:30,status_change,SYSTEM,Resolved,Closed,IT Support,auto-closed 3 days after resolution
EV001813,TKT-100271,2026-08-13T12:33:01+05:30,status_change,SYSTEM,Resolved,Closed,Hostel & Maintenance,auto-closed 3 days after resolution
EV007508,TKT-101131,2026-09-18T21:11:03+05:30,reminder_sent,SYSTEM,,,Hostel & Maintenance,auto-reminder: no response in 24h
EV002472,TKT-100370,2026-08-22T09:00:00+05:30,status_change,SYSTEM,Resolved,Closed,Fees & Finance,auto-closed 3 days after resolution
EV003640,TKT-100539,2026-08-27T15:28:26+05:30,status_change,SYSTEM,Resolved,Closed,Hostel & Maintenance,auto-closed 3 days after resolution
EV005140,TKT-100761,2026-09-01T11:21:29+05:30,created,STU24357,,New,,channel=email
EV002439,TKT-100366,2026-08-12T17:54:54+05:30,assigned,SYSTEM,New,Assigned,Academics & Exams,assigned_to=AGT011
EV006374,TKT-100953,2026-09-14T10:00:00+05:30,escalated,AGT015,,,Academics & Exams,open > 48h in daily review
EV004999,TKT-100740,2026-09-01T14:40:28+05:30,first_response,AGT003,Assigned,In Progress,IT Support,
EV007741,TKT-101169,2026-09-19T15:39:01+05:30,status_change,AGT004,In Progress,Resolved,IT Support,resolution provided
EV002749,TKT-100411,2026-08-13T20:37:25+05:30,created,STU25062,,New,,channel=email
EV002557,TKT-100382,2026-08-13T11:32:02+05:30,reminder_sent,SYSTEM,,,Academics & Exams,auto-reminder: no response in 24h
EV005520,TKT-100819,2026-09-04T15:40:45+05:30,assigned,SYSTEM,New,Assigned,Academics & Exams,assigned_to=AGT011
EV005637,TKT-100837,2026-09-09T10:00:00+05:30,escalated,AGT015,,,IT Support,open > 48h in daily review
EV005223,TKT-100774,2026-09-02T12:58:21+05:30,created,STU25107,,New,,channel=email
EV004522,TKT-100669,2026-09-03T13:51:58+05:30,status_change,SYSTEM,Resolved,Closed,IT Support,auto-closed 3 days after resolution
EV002386,TKT-100356,2026-08-12T16:29:48+05:30,status_change,AGT001,In Progress,Resolved,IT Support,resolution provided
EV002324,TKT-100348,2026-08-11T11:13:18+05:30,assigned,SYSTEM,New,Assigned,Academics & Exams,assigned_to=AGT011
EV004578,TKT-100677,2026-08-29T11:43:00+05:30,reminder_sent,SYSTEM,,,Hostel & Maintenance,auto-reminder: no response in 24h
EV002621,TKT-100391,2026-08-13T12:06:40+05:30,first_response,AGT003,Assigned,In Progress,IT Support,
EV001231,TKT-100186,2026-08-06T09:35:52+05:30,status_change,AGT011,In Progress,Waiting on Student,Academics & Exams,asked student for details
EV005387,TKT-100800,2026-09-05T16:06:13+05:30,reminder_sent,SYSTEM,,,Academics & Exams,auto-reminder: no response in 24h
EV002267,TKT-100340,2026-08-10T15:43:28+05:30,created,STU25195,,New,,channel=email
EV007287,TKT-101092,2026-09-16T16:18:44+05:30,status_change,AGT011,In Progress,Waiting on Student,Academics & Exams,asked student for details
EV004962,TKT-100734,2026-09-03T17:58:51+05:30,status_change,SYSTEM,Resolved,Closed,IT Support,auto-closed 3 days after resolution
EV007121,TKT-101065,2026-09-15T13:11:27+05:30,first_response,AGT012,Assigned,In Progress,Library,
EV006348,TKT-100949,2026-09-15T09:00:00+05:30,status_change,AGT011,In Progress,Resolved,Academics & Exams,resolution provided
EV005708,TKT-100847,2026-09-11T08:52:22+05:30,status_change,AGT005,Reopened,Resolved,Hostel & Maintenance,resolved after reopen
EV000750,TKT-100114,2026-07-31T12:26:57+05:30,assigned,SYSTEM,New,Assigned,Academics & Exams,assigned_to=AGT011
EV006961,TKT-101039,2026-09-16T23:57:05+05:30,first_response,AGT009,Assigned,In Progress,Fees & Finance,
EV007021,TKT-101049,2026-09-15T00:45:50+05:30,status_change,STU24225,Waiting on Student,In Progress,IT Support,student replied
EV002080,TKT-100312,2026-08-11T08:14:20+05:30,status_change,AGT003,In Progress,Resolved,IT Support,resolution provided
EV003154,TKT-100468,2026-08-17T12:56:38+05:30,assigned,SYSTEM,New,Assigned,Academics & Exams,assigned_to=AGT011
EV005856,TKT-100871,2026-09-07T18:28:01+05:30,created,STU24550,,New,,channel=email
EV004427,TKT-100655,2026-08-27T12:51:58+05:30,assigned,SYSTEM,New,Assigned,Library,assigned_to=AGT012
EV001360,TKT-100207,2026-08-05T12:53:07+05:30,status_change,AGT004,In Progress,Resolved,IT Support,resolution provided
EV004456,TKT-100660,2026-08-27T16:56:01+05:30,status_change,AGT003,In Progress,Resolved,IT Support,resolution provided
EV006657,TKT-100994,2026-09-15T16:40:06+05:30,status_change,AGT006,In Progress,Waiting on Student,Hostel & Maintenance,asked student for details
EV000238,TKT-100037,2026-07-28T17:05:38+05:30,first_response,AGT007,Assigned,In Progress,Hostel & Maintenance,
EV001535,TKT-100233,2026-08-13T12:23:33+05:30,status_change,SYSTEM,Resolved,Closed,Hostel & Maintenance,auto-closed 3 days after resolution
EV003693,TKT-100548,2026-08-22T23:41:08+05:30,reminder_sent,SYSTEM,,,Fees & Finance,auto-reminder: no response in 24h
EV002456,TKT-100368,2026-08-12T12:58:02+05:30,created,STU25172,,New,,channel=portal
EV003411,TKT-100505,2026-08-19T11:30:33+05:30,reminder_sent,SYSTEM,,,Hostel & Maintenance,auto-reminder: no response in 24h
EV001475,TKT-100224,2026-08-10T10:00:00+05:30,escalated,AGT015,,,Hostel & Maintenance,open > 48h in daily review
EV000884,TKT-100132,2026-08-04T16:31:24+05:30,status_change,AGT005,In Progress,Resolved,Hostel & Maintenance,resolution provided
EV000655,TKT-100101,2026-08-01T08:48:18+05:30,status_change,AGT006,In Progress,Waiting on Student,Hostel & Maintenance,asked student for details
EV006684,TKT-100998,2026-09-12T07:50:17+05:30,assigned,SYSTEM,New,Assigned,Library,assigned_to=AGT012
EV001872,TKT-100280,2026-08-11T15:54:51+05:30,status_change,AGT002,Reopened,Resolved,IT Support,resolved after reopen
EV002636,TKT-100394,2026-08-13T11:45:19+05:30,assigned,SYSTEM,New,Assigned,IT Support,assigned_to=AGT001
EV007002,TKT-101046,2026-09-14T14:16:16+05:30,created,STU24830,,New,,channel=portal
EV002371,TKT-100354,2026-08-12T13:46:19+05:30,first_response,AGT012,Assigned,In Progress,Library,
EV000033,TKT-100005,2026-07-29T12:16:48+05:30,reassigned,AGT013,In Progress,Assigned,IT Support,from=Library; assigned_to=AGT003
EV005345,TKT-100793,2026-09-03T22:36:00+05:30,assigned,SYSTEM,New,Assigned,IT Support,assigned_to=AGT003
EV003577,TKT-100529,2026-08-21T17:46:15+05:30,status_change,AGT004,In Progress,Resolved,IT Support,resolution provided
EV004770,TKT-100705,2026-08-30T14:48:48+05:30,created,STU25758,,New,,channel=portal
EV005352,TKT-100794,2026-09-06T12:17:53+05:30,first_response,AGT011,Assigned,In Progress,Academics & Exams,
EV001203,TKT-100181,2026-08-14T09:00:00+05:30,status_change,AGT009,In Progress,Resolved,Fees & Finance,resolution provided
EV000895,TKT-100134,2026-08-01T18:01:53+05:30,first_response,AGT002,Assigned,In Progress,IT Support,
EV003080,TKT-100457,2026-08-16T17:24:10+05:30,created,STU25042,,New,,channel=portal
EV003437,TKT-100508,2026-08-21T10:00:00+05:30,escalated,AGT015,,,IT Support,open > 48h in daily review
EV000891,TKT-100133,2026-08-05T08:00:00+05:30,status_change,AGT006,In Progress,Resolved,Hostel & Maintenance,resolution provided
EV004005,TKT-100593,2026-08-24T21:30:15+05:30,created,STU25619,,New,,channel=portal
EV006000,TKT-100894,2026-09-08T20:09:43+05:30,assigned,SYSTEM,New,Assigned,Hostel & Maintenance,assigned_to=AGT007
EV001326,TKT-100202,2026-08-07T09:29:10+05:30,reassigned,AGT014,In Progress,Assigned,Fees & Finance,from=Library; assigned_to=AGT008
EV004485,TKT-100664,2026-09-01T11:35:35+05:30,status_change,SYSTEM,Resolved,Closed,IT Support,auto-closed 3 days after resolution
EV006036,TKT-100899,2026-09-11T10:00:00+05:30,escalated,AGT015,,,Academics & Exams,open > 48h in daily review
EV002347,TKT-100351,2026-08-12T13:26:10+05:30,assigned,AGT014,New,Assigned,IT Support,assigned_to=AGT003
EV002407,TKT-100360,2026-08-11T12:42:32+05:30,created,STU25376,,New,,channel=portal
EV003732,TKT-100553,2026-08-27T11:21:25+05:30,agent_response,AGT002,Assigned,In Progress,IT Support,
EV006409,TKT-100958,2026-09-17T08:35:57+05:30,status_change,SYSTEM,Resolved,Closed,IT Support,auto-closed 3 days after resolution
EV000360,TKT-100057,2026-07-29T17:28:01+05:30,assigned,AGT014,New,Assigned,IT Support,assigned_to=AGT002
EV007563,TKT-101142,2026-09-18T11:51:38+05:30,created,STU25255,,New,,channel=portal
EV005052,TKT-100748,2026-09-02T09:35:33+05:30,first_response,AGT006,Assigned,In Progress,Hostel & Maintenance,
EV000388,TKT-100061,2026-08-03T10:00:00+05:30,escalated,AGT015,,,Academics & Exams,open > 48h in daily review
EV001670,TKT-100252,2026-08-07T16:31:44+05:30,first_response,AGT007,Assigned,In Progress,Hostel & Maintenance,
EV000607,TKT-100094,2026-08-03T10:00:00+05:30,escalated,AGT015,,,Hostel & Maintenance,open > 48h in daily review
EV001193,TKT-100179,2026-08-10T08:00:00+05:30,status_change,SYSTEM,Resolved,Closed,Hostel & Maintenance,auto-closed 3 days after resolution
EV007517,TKT-101133,2026-09-17T11:02:44+05:30,assigned,AGT013,New,Assigned,Hostel & Maintenance,assigned_to=AGT007
EV003012,TKT-100446,2026-08-28T14:57:58+05:30,status_change,STU25767,Resolved,Reopened,Fees & Finance,student: issue not fixed
EV004511,TKT-100668,2026-08-28T16:00:29+05:30,assigned,SYSTEM,New,Assigned,Fees & Finance,assigned_to=AGT009
EV005906,TKT-100878,2026-09-11T15:23:31+05:30,status_change,SYSTEM,Resolved,Closed,Academics & Exams,auto-closed 3 days after resolution
EV003251,TKT-100482,2026-08-18T14:00:50+05:30,created,STU24589,,New,,channel=portal
EV000335,TKT-100053,2026-07-29T09:20:41+05:30,reassigned,AGT013,In Progress,Assigned,Hostel & Maintenance,from=Library; assigned_to=AGT005
EV001873,TKT-100280,2026-08-14T15:54:51+05:30,status_change,SYSTEM,Resolved,Closed,IT Support,auto-closed 3 days after resolution
EV006729,TKT-101004,2026-09-12T13:44:40+05:30,assigned,SYSTEM,New,Assigned,IT Support,assigned_to=AGT004
EV007139,TKT-101068,2026-09-15T23:30:18+05:30,created,STU24047,,New,,channel=portal
EV002115,TKT-100317,2026-08-14T18:42:20+05:30,status_change,AGT005,Reopened,Resolved,Hostel & Maintenance,resolved after reopen
EV005476,TKT-100813,2026-09-05T09:04:08+05:30,first_response,AGT003,Assigned,In Progress,IT Support,
EV006543,TKT-100978,2026-09-12T09:01:07+05:30,assigned,AGT014,New,Assigned,Hostel & Maintenance,assigned_to=AGT007
EV007356,TKT-101104,2026-09-17T12:13:30+05:30,status_change,AGT002,In Progress,Resolved,IT Support,resolution provided
EV002597,TKT-100388,2026-08-13T09:54:15+05:30,first_response,AGT011,Assigned,In Progress,Academics & Exams,
EV000676,TKT-100104,2026-07-31T14:05:49+05:30,agent_response,AGT007,Assigned,In Progress,Hostel & Maintenance,
EV006083,TKT-100906,2026-09-10T21:09:04+05:30,status_change,STU25583,Waiting on Student,In Progress,Hostel & Maintenance,student replied
EV000202,TKT-100032,2026-07-28T12:37:40+05:30,created,STU24016,,New,,channel=portal
EV001260,TKT-100191,2026-08-04T10:30:36+05:30,assigned,SYSTEM,New,Assigned,IT Support,assigned_to=AGT002
EV003977,TKT-100589,2026-08-24T14:56:53+05:30,first_response,AGT001,Assigned,In Progress,IT Support,
EV005471,TKT-100812,2026-09-05T14:24:24+05:30,first_response,AGT012,Assigned,In Progress,Library,
EV004086,TKT-100602,2026-08-29T08:04:27+05:30,status_change,SYSTEM,Resolved,Closed,Hostel & Maintenance,auto-closed 3 days after resolution
EV005679,TKT-100843,2026-09-07T10:03:59+05:30,assigned,AGT013,New,Assigned,IT Support,assigned_to=AGT001
EV006385,TKT-100955,2026-09-12T13:41:25+05:30,assigned,AGT013,New,Assigned,IT Support,assigned_to=AGT003
EV003664,TKT-100544,2026-08-20T15:35:08+05:30,created,STU24538,,New,,channel=portal
EV004506,TKT-100667,2026-09-01T13:51:09+05:30,status_change,STU24877,Waiting on Student,In Progress,Academics & Exams,student replied
EV000370,TKT-100058,2026-08-07T09:00:00+05:30,status_change,SYSTEM,Resolved,Closed,Fees & Finance,auto-closed 3 days after resolution
EV005871,TKT-100873,2026-09-07T12:54:37+05:30,assigned,SYSTEM,New,Assigned,Hostel & Maintenance,assigned_to=AGT006
EV003473,TKT-100513,2026-08-20T18:26:45+05:30,status_change,AGT002,In Progress,Resolved,IT Support,resolution provided
EV004254,TKT-100629,2026-08-26T13:45:59+05:30,created,STU25608,,New,,channel=portal
EV000930,TKT-100139,2026-08-04T15:46:03+05:30,reassigned,AGT013,In Progress,Assigned,IT Support,from=Library; assigned_to=AGT001
EV000961,TKT-100143,2026-08-03T18:45:00+05:30,status_change,AGT003,In Progress,Resolved,IT Support,resolution provided
EV007847,TKT-101189,2026-09-20T21:12:41+05:30,assigned,SYSTEM,New,Assigned,Academics & Exams,assigned_to=AGT010
EV001630,TKT-100247,2026-08-07T19:35:13+05:30,created,STU24134,,New,,channel=email
EV002356,TKT-100352,2026-08-12T19:26:29+05:30,reminder_sent,SYSTEM,,,Hostel & Maintenance,auto-reminder: no response in 24h
EV002106,TKT-100316,2026-08-11T15:37:45+05:30,status_change,AGT007,In Progress,Resolved,Hostel & Maintenance,resolution provided
EV006270,TKT-100936,2026-09-10T12:20:32+05:30,assigned,AGT014,New,Assigned,Academics & Exams,assigned_to=AGT010
EV000124,TKT-100020,2026-07-27T22:01:41+05:30,assigned,SYSTEM,New,Assigned,Hostel & Maintenance,assigned_to=AGT006
EV003966,TKT-100587,2026-08-25T10:48:59+05:30,first_response,AGT011,Assigned,In Progress,Academics & Exams,
EV006314,TKT-100943,2026-09-14T09:39:45+05:30,status_change,AGT006,In Progress,Resolved,Hostel & Maintenance,resolution provided
EV006308,TKT-100942,2026-09-13T15:17:04+05:30,status_change,SYSTEM,Resolved,Closed,IT Support,auto-closed 3 days after resolution
EV005257,TKT-100779,2026-09-04T10:21:00+05:30,first_response,AGT007,Assigned,In Progress,Hostel & Maintenance,
EV004583,TKT-100677,2026-08-31T17:41:55+05:30,status_change,AGT005,In Progress,Resolved,Hostel & Maintenance,resolution provided
EV003181,TKT-100472,2026-08-17T19:30:06+05:30,created,STU24121,,New,,channel=email
EV000120,TKT-100019,2026-07-28T14:27:18+05:30,first_response,AGT001,Assigned,In Progress,IT Support,
EV000663,TKT-100102,2026-08-06T10:57:06+05:30,status_change,AGT010,Reopened,Resolved,Academics & Exams,resolved after reopen
EV002558,TKT-100382,2026-08-13T12:38:47+05:30,first_response,AGT010,Assigned,In Progress,Academics & Exams,
EV003833,TKT-100569,2026-08-23T15:17:02+05:30,reminder_sent,SYSTEM,,,Academics & Exams,auto-reminder: no response in 24h
EV006320,TKT-100944,2026-09-14T10:00:00+05:30,escalated,AGT015,,,Academics & Exams,open > 48h in daily review
EV007146,TKT-101069,2026-09-15T12:41:40+05:30,assigned,SYSTEM,New,Assigned,Fees & Finance,assigned_to=AGT008
EV007876,TKT-101193,2026-09-20T09:47:26+05:30,assigned,SYSTEM,New,Assigned,Academics & Exams,assigned_to=AGT011
EV000688,TKT-100105,2026-08-09T12:28:42+05:30,status_change,SYSTEM,Resolved,Closed,Fees & Finance,auto-closed 3 days after resolution
EV002041,TKT-100305,2026-08-11T12:02:21+05:30,reassigned,AGT013,In Progress,Assigned,IT Support,from=Academics & Exams; assigned_to=AGT001
EV006547,TKT-100979,2026-09-11T18:15:04+05:30,created,STU24510,,New,,channel=portal
EV001365,TKT-100208,2026-08-06T17:41:06+05:30,status_change,AGT002,In Progress,Resolved,IT Support,resolution provided
EV000262,TKT-100041,2026-07-30T10:20:07+05:30,status_change,AGT006,In Progress,Resolved,Hostel & Maintenance,resolution provided
EV007159,TKT-101070,2026-09-17T17:44:25+05:30,status_change,AGT012,In Progress,Resolved,Library,resolution provided
EV001019,TKT-100152,2026-08-05T08:48:07+05:30,status_change,AGT001,In Progress,Resolved,IT Support,resolution provided
EV004594,TKT-100679,2026-08-28T10:55:03+05:30,first_response,AGT011,Assigned,In Progress,Academics & Exams,
EV006014,TKT-100896,2026-09-11T10:00:00+05:30,escalated,AGT015,,,Academics & Exams,open > 48h in daily review
EV001887,TKT-100282,2026-08-11T10:00:00+05:30,escalated,AGT015,,,Hostel & Maintenance,open > 48h in daily review
EV001716,TKT-100258,2026-08-11T14:01:22+05:30,status_change,AGT005,In Progress,Resolved,Hostel & Maintenance,resolution provided
EV006858,TKT-101023,2026-09-14T10:10:49+05:30,assigned,SYSTEM,New,Assigned,Academics & Exams,assigned_to=AGT010
EV000003,TKT-100001,2026-07-27T18:58:20+05:30,first_response,AGT006,Assigned,In Progress,Hostel & Maintenance,
EV004163,TKT-100615,2026-08-26T19:57:33+05:30,status_change,AGT001,In Progress,Resolved,IT Support,resolution provided
EV000656,TKT-100101,2026-08-04T08:48:18+05:30,status_change,SYSTEM,Waiting on Student,Closed - No Response,Hostel & Maintenance,auto-closed after 72h without student reply
EV006472,TKT-100967,2026-09-11T10:53:53+05:30,assigned,AGT014,New,Assigned,IT Support,assigned_to=AGT001
EV002204,TKT-100330,2026-08-14T12:36:28+05:30,status_change,SYSTEM,Resolved,Closed,Academics & Exams,auto-closed 3 days after resolution
EV002798,TKT-100417,2026-08-17T14:40:57+05:30,status_change,SYSTEM,Resolved,Closed,Library,auto-closed 3 days after resolution
EV005243,TKT-100776,2026-09-19T09:00:00+05:30,status_change,SYSTEM,Resolved,Closed,Academics & Exams,auto-closed 3 days after resolution
EV005226,TKT-100774,2026-09-04T10:54:29+05:30,first_response,AGT009,Assigned,In Progress,Fees & Finance,
EV002188,TKT-100328,2026-08-11T19:49:12+05:30,agent_response,AGT007,Assigned,In Progress,Hostel & Maintenance,
EV000467,TKT-100073,2026-07-29T07:10:46+05:30,created,STU24839,,New,,channel=portal
EV003248,TKT-100481,2026-08-20T10:00:00+05:30,escalated,AGT015,,,Hostel & Maintenance,open > 48h in daily review
EV005216,TKT-100773,2026-09-03T12:35:51+05:30,reminder_sent,SYSTEM,,,Hostel & Maintenance,auto-reminder: no response in 24h
EV000933,TKT-100139,2026-08-07T19:42:33+05:30,status_change,SYSTEM,Resolved,Closed,IT Support,auto-closed 3 days after resolution
EV004683,TKT-100692,2026-08-29T10:59:55+05:30,assigned,SYSTEM,New,Assigned,IT Support,assigned_to=AGT001
EV006597,TKT-100986,2026-09-15T12:00:46+05:30,agent_response,AGT005,Assigned,In Progress,Hostel & Maintenance,
EV003067,TKT-100454,2026-08-23T09:00:00+05:30,status_change,SYSTEM,Resolved,Closed,Fees & Finance,auto-closed 3 days after resolution
EV001985,TKT-100296,2026-08-11T10:00:00+05:30,escalated,AGT015,,,Fees & Finance,open > 48h in daily review
EV004769,TKT-100704,2026-09-08T08:00:00+05:30,status_change,SYSTEM,Resolved,Closed,IT Support,auto-closed 3 days after resolution
EV006731,TKT-101004,2026-09-12T16:35:46+05:30,status_change,AGT004,In Progress,Resolved,IT Support,resolution provided
EV007493,TKT-101128,2026-09-20T15:16:02+05:30,first_response,AGT009,Assigned,In Progress,Fees & Finance,
EV002277,TKT-100341,2026-08-10T07:01:37+05:30,created,STU24474,,New,,channel=email
EV000858,TKT-100128,2026-08-11T05:06:08+05:30,status_change,STU24973,Waiting on Student,In Progress,Fees & Finance,student replied
EV003644,TKT-100540,2026-08-21T13:32:08+05:30,status_change,AGT004,In Progress,Resolved,IT Support,resolution provided
EV006521,TKT-100974,2026-09-12T09:50:39+05:30,assigned,AGT014,New,Assigned,Library,assigned_to=AGT012
EV006628,TKT-100990,2026-09-20T08:00:00+05:30,status_change,SYSTEM,Resolved,Closed,Hostel & Maintenance,auto-closed 3 days after resolution
EV007027,TKT-101050,2026-09-14T19:54:52+05:30,first_response,AGT001,Assigned,In Progress,IT Support,
EV005110,TKT-100756,2026-09-03T17:57:27+05:30,status_change,AGT012,Reopened,Resolved,Library,resolved after reopen
EV007098,TKT-101061,2026-09-18T10:00:00+05:30,escalated,AGT015,,,Fees & Finance,open > 48h in daily review
EV006648,TKT-100993,2026-09-13T14:20:32+05:30,reminder_sent,SYSTEM,,,Academics & Exams,auto-reminder: no response in 24h
EV004030,TKT-100596,2026-08-24T18:38:50+05:30,status_change,AGT003,In Progress,Resolved,IT Support,resolution provided
EV001450,TKT-100221,2026-08-06T19:55:07+05:30,first_response,AGT006,Assigned,In Progress,Hostel & Maintenance,
EV001674,TKT-100252,2026-08-11T08:00:00+05:30,status_change,AGT007,In Progress,Resolved,Hostel & Maintenance,resolution provided
EV002936,TKT-100437,2026-08-17T10:00:00+05:30,escalated,AGT015,,,Fees & Finance,open > 48h in daily review
EV002351,TKT-100351,2026-08-14T10:00:00+05:30,escalated,AGT015,,,Hostel & Maintenance,open > 48h in daily review
EV002319,TKT-100347,2026-08-11T12:39:47+05:30,status_change,AGT002,In Progress,Waiting on Student,IT Support,asked student for details
EV003137,TKT-100465,2026-08-16T21:38:59+05:30,created,STU25370,,New,,channel=portal
EV003626,TKT-100537,2026-08-20T13:40:51+05:30,first_response,AGT001,Assigned,In Progress,IT Support,
EV001511,TKT-100230,2026-08-06T10:08:03+05:30,assigned,AGT013,New,Assigned,Library,assigned_to=AGT012
EV001679,TKT-100253,2026-08-09T23:50:22+05:30,first_response,AGT008,Assigned,In Progress,Fees & Finance,
EV001252,TKT-100189,2026-08-04T14:30:29+05:30,status_change,AGT003,In Progress,Resolved,IT Support,resolution provided
EV007274,TKT-101090,2026-09-17T11:47:15+05:30,assigned,AGT014,New,Assigned,Academics & Exams,assigned_to=AGT010
EV004613,TKT-100681,2026-09-04T15:13:07+05:30,status_change,SYSTEM,Resolved,Closed,Fees & Finance,auto-closed 3 days after resolution
EV007544,TKT-101137,2026-09-20T15:27:35+05:30,status_change,SYSTEM,Resolved,Closed,IT Support,auto-closed 3 days after resolution
EV002973,TKT-100442,2026-08-18T10:00:00+05:30,escalated,AGT015,,,Academics & Exams,open > 48h in daily review
EV004893,TKT-100724,2026-08-31T10:45:13+05:30,first_response,AGT004,Assigned,In Progress,IT Support,
EV002995,TKT-100445,2026-08-15T13:36:58+05:30,created,STU25018,,New,,channel=portal
EV007864,TKT-101191,2026-09-20T11:52:12+05:30,created,STU25182,,New,,channel=portal
EV005075,TKT-100751,2026-09-04T10:00:00+05:30,escalated,AGT015,,,Fees & Finance,open > 48h in daily review
EV007026,TKT-101050,2026-09-14T13:51:32+05:30,assigned,AGT013,New,Assigned,IT Support,assigned_to=AGT001
EV006439,TKT-100963,2026-09-14T01:09:47+05:30,first_response,AGT007,Assigned,In Progress,Hostel & Maintenance,
EV007616,TKT-101150,2026-09-19T15:02:00+05:30,reassigned,AGT014,In Progress,Assigned,IT Support,from=Hostel & Maintenance; assigned_to=AGT002
EV000700,TKT-100107,2026-08-03T15:07:43+05:30,status_change,AGT005,In Progress,Waiting on Student,Hostel & Maintenance,asked student for details
EV002663,TKT-100398,2026-08-15T13:14:22+05:30,status_change,AGT005,In Progress,Resolved,Hostel & Maintenance,resolution provided
EV003136,TKT-100464,2026-08-22T13:58:21+05:30,status_change,SYSTEM,Resolved,Closed,Academics & Exams,auto-closed 3 days after resolution
EV004338,TKT-100642,2026-08-27T11:33:59+05:30,first_response,AGT001,Assigned,In Progress,IT Support,
EV005321,TKT-100788,2026-09-10T11:13:41+05:30,status_change,SYSTEM,Resolved,Closed,Academics & Exams,auto-closed 3 days after resolution
EV006179,TKT-100921,2026-09-10T09:51:01+05:30,status_change,AGT011,In Progress,Waiting on Student,Academics & Exams,asked student for details
EV003249,TKT-100481,2026-08-20T11:11:59+05:30,status_change,AGT005,In Progress,Resolved,Hostel & Maintenance,resolution provided
EV005596,TKT-100831,2026-09-07T08:34:40+05:30,status_change,AGT004,In Progress,Resolved,IT Support,resolution provided
EV003446,TKT-100509,2026-08-24T14:39:51+05:30,status_change,SYSTEM,Resolved,Closed,Hostel & Maintenance,auto-closed 3 days after resolution
EV001435,TKT-100219,2026-08-11T14:06:46+05:30,agent_response,AGT012,Assigned,In Progress,Library,
EV004256,TKT-100629,2026-08-27T13:58:18+05:30,reminder_sent,SYSTEM,,,Academics & Exams,auto-reminder: no response in 24h
EV002389,TKT-100357,2026-08-11T14:32:22+05:30,assigned,SYSTEM,New,Assigned,Fees & Finance,assigned_to=AGT008
EV005794,TKT-100860,2026-09-11T15:26:56+05:30,status_change,SYSTEM,Resolved,Closed,Hostel & Maintenance,auto-closed 3 days after resolution
EV006273,TKT-100936,2026-09-13T15:52:48+05:30,status_change,SYSTEM,Waiting on Student,Closed - No Response,Academics & Exams,auto-closed after 72h without student reply
EV005719,TKT-100849,2026-09-08T10:57:05+05:30,first_response,AGT006,Assigned,In Progress,Hostel & Maintenance,
EV004570,TKT-100676,2026-08-28T09:53:56+05:30,assigned,SYSTEM,New,Assigned,Hostel & Maintenance,assigned_to=AGT007
EV000333,TKT-100053,2026-07-28T12:02:01+05:30,assigned,AGT013,New,Assigned,Library,assigned_to=AGT012
EV007715,TKT-101166,2026-09-19T09:20:42+05:30,reassigned,AGT014,In Progress,Assigned,Academics & Exams,from=IT Support; assigned_to=AGT011
EV000568,TKT-100088,2026-07-31T13:33:18+05:30,first_response,AGT012,Assigned,In Progress,Library,
EV000137,TKT-100022,2026-08-01T12:16:05+05:30,status_change,SYSTEM,Resolved,Closed,IT Support,auto-closed 3 days after resolution
EV001064,TKT-100159,2026-08-11T15:31:24+05:30,status_change,SYSTEM,Resolved,Closed,Hostel & Maintenance,auto-closed 3 days after resolution
EV003920,TKT-100580,2026-08-22T20:25:37+05:30,created,STU24825,,New,,channel=portal
EV007164,TKT-101071,2026-09-16T10:57:08+05:30,status_change,AGT011,In Progress,Waiting on Student,Academics & Exams,asked student for details
EV001571,TKT-100237,2026-08-11T14:51:10+05:30,status_change,SYSTEM,Resolved,Closed,Hostel & Maintenance,auto-closed 3 days after resolution
EV006029,TKT-100898,2026-09-09T09:39:11+05:30,status_change,AGT001,Reopened,Resolved,IT Support,resolved after reopen
EV007615,TKT-101150,2026-09-19T13:39:31+05:30,first_response,AGT007,Assigned,In Progress,Hostel & Maintenance,
EV003496,TKT-100517,2026-08-19T20:48:03+05:30,created,STU24264,,New,,channel=portal
EV006772,TKT-101011,2026-09-13T10:47:50+05:30,assigned,SYSTEM,New,Assigned,Fees & Finance,assigned_to=AGT008
EV006293,TKT-100940,2026-09-10T17:06:16+05:30,assigned,SYSTEM,New,Assigned,Fees & Finance,assigned_to=AGT009
EV003415,TKT-100505,2026-08-21T08:23:59+05:30,status_change,AGT005,In Progress,Resolved,Hostel & Maintenance,resolution provided
EV001023,TKT-100153,2026-08-04T13:25:50+05:30,first_response,AGT006,Assigned,In Progress,Hostel & Maintenance,
EV004161,TKT-100615,2026-08-25T19:00:36+05:30,assigned,SYSTEM,New,Assigned,IT Support,assigned_to=AGT001
EV000578,TKT-100090,2026-07-31T14:24:05+05:30,reminder_sent,SYSTEM,,,Fees & Finance,auto-reminder: no response in 24h
EV006008,TKT-100895,2026-09-14T09:00:00+05:30,status_change,AGT011,In Progress,Resolved,Academics & Exams,resolution provided
EV001061,TKT-100159,2026-08-05T10:13:00+05:30,status_change,AGT007,In Progress,Resolved,Hostel & Maintenance,resolution provided
EV006464,TKT-100966,2026-09-11T16:51:13+05:30,assigned,SYSTEM,New,Assigned,Hostel & Maintenance,assigned_to=AGT006
EV003602,TKT-100533,2026-08-21T11:09:16+05:30,status_change,AGT003,In Progress,Resolved,IT Support,resolution provided
EV005585,TKT-100830,2026-09-05T07:28:22+05:30,created,STU24054,,New,,channel=portal
EV006815,TKT-101016,2026-09-14T16:05:59+05:30,status_change,AGT012,In Progress,Resolved,Library,resolution provided
EV001604,TKT-100242,2026-08-10T10:00:00+05:30,escalated,AGT015,,,Academics & Exams,open > 48h in daily review
EV002728,TKT-100408,2026-08-16T15:20:02+05:30,first_response,AGT010,Assigned,In Progress,Academics & Exams,
EV000251,TKT-100040,2026-07-28T08:36:30+05:30,created,STU24820,,New,,channel=portal
EV003368,TKT-100499,2026-08-18T10:55:54+05:30,assigned,SYSTEM,New,Assigned,Library,assigned_to=AGT012
EV003531,TKT-100522,2026-08-19T10:40:09+05:30,created,STU24188,,New,,channel=walk_in
EV003176,TKT-100471,2026-08-17T12:01:32+05:30,first_response,AGT002,Assigned,In Progress,IT Support,
EV004617,TKT-100682,2026-08-31T10:00:00+05:30,escalated,AGT015,,,Academics & Exams,open > 48h in daily review
EV000934,TKT-100140,2026-08-02T07:12:32+05:30,created,STU24429,,New,,channel=portal
EV006652,TKT-100993,2026-09-18T10:42:08+05:30,status_change,SYSTEM,Resolved,Closed,Academics & Exams,auto-closed 3 days after resolution
EV006150,TKT-100917,2026-09-10T14:05:49+05:30,status_change,AGT007,In Progress,Waiting on Student,Hostel & Maintenance,asked student for details
EV001044,TKT-100157,2026-08-03T18:38:13+05:30,created,STU25088,,New,,channel=portal
EV000113,TKT-100018,2026-07-27T17:45:53+05:30,created,STU25154,,New,,channel=walk_in
EV004359,TKT-100645,2026-09-01T17:12:57+05:30,status_change,SYSTEM,Resolved,Closed,Hostel & Maintenance,auto-closed 3 days after resolution
EV003673,TKT-100545,2026-08-22T20:58:07+05:30,status_change,STU25448,Waiting on Student,In Progress,IT Support,student replied
EV004439,TKT-100657,2026-08-28T12:43:40+05:30,first_response,AGT010,Assigned,In Progress,Academics & Exams,
EV000442,TKT-100069,2026-08-07T14:30:07+05:30,status_change,SYSTEM,Resolved,Closed,Fees & Finance,auto-closed 3 days after resolution
EV006310,TKT-100943,2026-09-11T10:01:47+05:30,assigned,AGT013,New,Assigned,Hostel & Maintenance,assigned_to=AGT006
EV004429,TKT-100655,2026-08-28T10:01:40+05:30,status_change,AGT012,In Progress,Resolved,Library,resolution provided
EV007545,TKT-101138,2026-09-17T10:53:28+05:30,created,STU24405,,New,,channel=walk_in
EV000342,TKT-100054,2026-07-29T18:12:31+05:30,created,STU25013,,New,,channel=portal
EV005279,TKT-100782,2026-09-05T13:35:32+05:30,status_change,AGT007,In Progress,Resolved,Hostel & Maintenance,resolution provided
EV003928,TKT-100581,2026-08-24T12:40:22+05:30,first_response,AGT012,Assigned,In Progress,Library,
EV005647,TKT-100838,2026-09-08T10:00:00+05:30,escalated,AGT015,,,Fees & Finance,open > 48h in daily review
EV005022,TKT-100744,2026-09-01T17:08:56+05:30,created,STU24908,,New,,channel=email
EV005509,TKT-100818,2026-09-04T20:07:47+05:30,assigned,SYSTEM,New,Assigned,Academics & Exams,assigned_to=AGT010
EV005406,TKT-100802,2026-09-06T19:39:43+05:30,status_change,STU24709,Waiting on Student,In Progress,Hostel & Maintenance,student replied
EV004606,TKT-100680,2026-09-10T09:00:00+05:30,status_change,SYSTEM,Resolved,Closed,Fees & Finance,auto-closed 3 days after resolution
EV002832,TKT-100423,2026-08-14T22:01:38+05:30,created,STU25466,,New,,channel=email
EV007193,TKT-101075,2026-09-19T14:04:09+05:30,status_change,SYSTEM,Resolved,Closed,IT Support,auto-closed 3 days after resolution
EV003609,TKT-100534,2026-08-22T15:18:09+05:30,status_change,AGT006,In Progress,Resolved,Hostel & Maintenance,resolution provided
EV004844,TKT-100716,2026-09-05T12:27:29+05:30,status_change,SYSTEM,Resolved,Closed,Fees & Finance,auto-closed 3 days after resolution
EV006633,TKT-100991,2026-09-12T15:41:58+05:30,agent_response,AGT001,Assigned,In Progress,IT Support,
EV000924,TKT-100138,2026-08-05T10:38:46+05:30,status_change,AGT011,In Progress,Resolved,Academics & Exams,resolution provided
EV004216,TKT-100623,2026-08-31T12:18:35+05:30,status_change,SYSTEM,Resolved,Closed,Hostel & Maintenance,auto-closed 3 days after resolution
EV002396,TKT-100358,2026-08-12T14:31:07+05:30,first_response,AGT007,Assigned,In Progress,Hostel & Maintenance,
EV004526,TKT-100670,2026-08-30T20:24:49+05:30,first_response,AGT005,Assigned,In Progress,Hostel & Maintenance,
EV007031,TKT-101051,2026-09-14T15:18:55+05:30,assigned,SYSTEM,New,Assigned,Academics & Exams,assigned_to=AGT011
EV004240,TKT-100626,2026-09-01T18:58:40+05:30,status_change,STU25617,Waiting on Student,In Progress,Academics & Exams,student replied
EV003061,TKT-100454,2026-08-15T09:22:48+05:30,created,STU24047,,New,,channel=portal
EV001777,TKT-100267,2026-08-08T09:10:48+05:30,status_change,AGT004,In Progress,Resolved,IT Support,resolution provided
EV000942,TKT-100140,2026-08-16T15:45:14+05:30,status_change,SYSTEM,Resolved,Closed,Academics & Exams,auto-closed 3 days after resolution
EV005006,TKT-100741,2026-09-02T14:26:18+05:30,assigned,AGT013,New,Assigned,Library,assigned_to=AGT012
EV003112,TKT-100461,2026-08-17T11:06:53+05:30,reminder_sent,SYSTEM,,,IT Support,auto-reminder: no response in 24h
EV004746,TKT-100702,2026-08-30T08:28:28+05:30,assigned,SYSTEM,New,Assigned,Library,assigned_to=AGT012
EV004400,TKT-100650,2026-09-10T08:00:00+05:30,status_change,SYSTEM,Resolved,Closed,Hostel & Maintenance,auto-closed 3 days after resolution
EV003734,TKT-100553,2026-08-28T08:00:00+05:30,status_change,AGT002,In Progress,Resolved,IT Support,resolution provided
EV003509,TKT-100518,2026-08-23T12:06:33+05:30,status_change,SYSTEM,Resolved,Closed,IT Support,auto-closed 3 days after resolution
EV003029,TKT-100449,2026-08-16T16:44:23+05:30,reminder_sent,SYSTEM,,,IT Support,auto-reminder: no response in 24h
EV003332,TKT-100494,2026-08-18T17:47:32+05:30,assigned,AGT014,New,Assigned,Fees & Finance,assigned_to=AGT008
EV006453,TKT-100965,2026-09-11T15:06:45+05:30,assigned,SYSTEM,New,Assigned,IT Support,assigned_to=AGT003
EV001629,TKT-100246,2026-08-15T08:00:00+05:30,status_change,SYSTEM,Resolved,Closed,Hostel & Maintenance,auto-closed 3 days after resolution
EV000103,TKT-100016,2026-07-28T09:30:18+05:30,first_response,AGT002,Assigned,In Progress,IT Support,
EV005049,TKT-100748,2026-09-01T09:06:37+05:30,created,STU25650,,New,,channel=portal
EV005206,TKT-100772,2026-09-03T10:22:31+05:30,assigned,AGT013,New,Assigned,Fees & Finance,assigned_to=AGT008
EV004336,TKT-100642,2026-08-27T06:11:43+05:30,created,STU24956,,New,,channel=portal
EV005197,TKT-100770,2026-09-03T12:55:16+05:30,first_response,AGT004,Assigned,In Progress,IT Support,
EV001837,TKT-100275,2026-08-10T10:00:00+05:30,escalated,AGT015,,,IT Support,open > 48h in daily review
EV000838,TKT-100125,2026-08-06T15:23:57+05:30,status_change,SYSTEM,Resolved,Closed,Hostel & Maintenance,auto-closed 3 days after resolution
EV005810,TKT-100863,2026-09-07T13:17:37+05:30,assigned,SYSTEM,New,Assigned,IT Support,assigned_to=AGT003
EV002110,TKT-100317,2026-08-10T14:37:14+05:30,first_response,AGT005,Assigned,In Progress,Hostel & Maintenance,
EV006026,TKT-100898,2026-09-08T09:04:26+05:30,first_response,AGT001,Assigned,In Progress,IT Support,
EV005665,TKT-100841,2026-09-08T12:46:14+05:30,first_response,AGT006,Assigned,In Progress,Hostel & Maintenance,
EV000684,TKT-100105,2026-08-03T10:00:00+05:30,escalated,AGT015,,,Fees & Finance,open > 48h in daily review
EV004414,TKT-100653,2026-08-27T19:18:10+05:30,assigned,SYSTEM,New,Assigned,IT Support,assigned_to=AGT003
EV000840,TKT-100126,2026-08-01T12:31:00+05:30,assigned,SYSTEM,New,Assigned,Fees & Finance,assigned_to=AGT009
EV005828,TKT-100866,2026-09-08T11:49:32+05:30,first_response,AGT007,Assigned,In Progress,Hostel & Maintenance,
EV006908,TKT-101030,2026-09-18T10:09:13+05:30,status_change,SYSTEM,Resolved,Closed,IT Support,auto-closed 3 days after resolution
EV002983,TKT-100444,2026-08-15T18:19:27+05:30,created,STU25480,,New,,channel=email
EV002522,TKT-100376,2026-08-18T11:19:49+05:30,status_change,SYSTEM,Resolved,Closed,Library,auto-closed 3 days after resolution
EV007097,TKT-101061,2026-09-18T12:40:34+05:30,agent_response,AGT008,Assigned,In Progress,Fees & Finance,
EV001446,TKT-100220,2026-08-10T09:47:23+05:30,status_change,AGT010,In Progress,Resolved,Academics & Exams,resolution provided
EV006647,TKT-100993,2026-09-12T14:20:32+05:30,assigned,AGT013,New,Assigned,Academics & Exams,assigned_to=AGT011
EV001094,TKT-100163,2026-08-07T15:15:45+05:30,status_change,SYSTEM,Resolved,Closed,IT Support,auto-closed 3 days after resolution
EV003461,TKT-100512,2026-08-19T11:47:12+05:30,assigned,SYSTEM,New,Assigned,Hostel & Maintenance,assigned_to=AGT006
EV000574,TKT-100089,2026-07-31T17:36:26+05:30,status_change,AGT012,In Progress,Resolved,Library,resolution provided
EV004215,TKT-100623,2026-08-28T12:18:35+05:30,status_change,AGT005,In Progress,Resolved,Hostel & Maintenance,resolution provided
EV005699,TKT-100846,2026-09-06T12:02:12+05:30,assigned,SYSTEM,New,Assigned,Fees & Finance,assigned_to=AGT009
EV002149,TKT-100323,2026-08-10T23:00:29+05:30,created,STU24423,,New,,channel=email
EV000694,TKT-100106,2026-08-03T10:00:00+05:30,escalated,AGT015,,,Hostel & Maintenance,open > 48h in daily review
EV003050,TKT-100452,2026-08-15T11:53:44+05:30,first_response,AGT006,Assigned,In Progress,Hostel & Maintenance,
EV005096,TKT-100754,2026-09-10T09:00:00+05:30,status_change,SYSTEM,Resolved,Closed,Academics & Exams,auto-closed 3 days after resolution
EV002365,TKT-100353,2026-08-13T17:49:26+05:30,agent_response,AGT005,Assigned,In Progress,Hostel & Maintenance,
EV006713,TKT-101001,2026-09-15T10:00:00+05:30,escalated,AGT015,,,Library,open > 48h in daily review
EV000014,TKT-100002,2026-08-08T09:00:00+05:30,status_change,SYSTEM,Resolved,Closed,Academics & Exams,auto-closed 3 days after resolution
