ticket_id,created_at,first_assigned_at,first_response_at,first_resolved_at,final_resolved_at,reassign_count,reopened,escalated_at,reminder_at,first_department,resolving_department,dept_response_at,pause_hours,followup_count,agent_reply_count,student_id,channel,priority,priority_imputed,intake_category,status_canonical,csat_rating,manual_triage,triage_hours,first_response_wait_hours,rerouting_hours,work_hours,reopen_cycle_hours,gross_resolution_hours,net_resolution_hours,first_resolution_net_hours,sla_target_hours,sla_deadline,sla_met,escalated,reminder_sent,escalated_after_hours,escalated_after_sla_breach,created_weekday,created_week,kpi_exclusion_reason,in_kpi_population,open_past_sla
TKT-100001,2026-07-27 13:44:08,2026-07-27 14:08:16,2026-07-27 18:58:20,2026-07-29 19:21:15,2026-07-29 19:21:15,0,False,,,Hostel & Maintenance,Hostel & Maintenance,2026-07-27 18:58:20,0.0,2,1,STU25730,email,Medium,True,Hostel & Maintenance,Closed,,False,0.4022222222222222,4.834444444444444,0.0,48.38194444444444,0.0,53.618611111111115,53.618611111111115,53.618611111111115,72,2026-07-30 13:44:08,1.0,False,False,,False,Monday,2026-07-27,,True,False
TKT-100002,2026-07-27 13:09:59,2026-07-27 13:22:25,2026-08-01 16:50:04,2026-08-05 09:00:00,2026-08-05 09:00:00,1,False,2026-07-30 10:00:00,2026-07-28 13:22:25,Fees & Finance,Academics & Exams,2026-08-04 09:40:27,0.0,5,2,STU25714,portal,Low,False,Fees & Finance,Closed,,False,0.20722222222222222,123.46083333333333,64.83972222222222,23.325833333333332,0.0,211.8336111111111,211.8336111111111,211.8336111111111,120,2026-08-01 13:09:59,0.0,True,True,68.83361111111111,False,Monday,2026-07-27,,True,False
TKT-100003,2026-07-27 12:44:32,2026-07-27 12:58:34,2026-07-28 16:00:24,2026-07-30 13:55:49,2026-07-30 13:55:49,0,False,2026-07-30 10:00:00,2026-07-28 12:58:34,Hostel & Maintenance,Hostel & Maintenance,2026-07-28 16:00:24,0.0,0,1,STU25581,portal,Medium,False,Hostel & Maintenance,Closed,,False,0.2338888888888889,27.030555555555555,0.0,45.923611111111114,0.0,73.18805555555555,73.18805555555555,73.18805555555555,72,2026-07-30 12:44:32,0.0,True,True,69.25777777777778,False,Monday,2026-07-27,,True,False
TKT-100004,2026-07-27 09:44:02,2026-07-27 10:48:44,2026-07-28 10:19:26,2026-07-31 09:00:00,2026-07-31 09:00:00,0,False,2026-07-29 10:00:00,,Fees & Finance,Fees & Finance,2026-07-28 10:19:26,29.080277777777777,1,1,STU25454,portal,Low,False,Fees & Finance,Closed,,True,1.0783333333333334,23.511666666666667,0.0,41.59583333333333,0.0,95.26611111111112,66.18583333333333,66.18583333333333,120,2026-08-01 09:44:02,1.0,True,False,48.26611111111111,False,Monday,2026-07-27,,True,False
TKT-100005,2026-07-27 23:45:01,2026-07-27 23:58:20,2026-07-28 10:31:39,2026-07-31 10:32:19,2026-07-31 10:32:19,1,False,2026-07-30 10:00:00,,Library,IT Support,2026-07-29 12:51:38,40.96222222222222,2,2,STU24648,portal,Medium,False,Library,Closed,,False,0.22194444444444444,10.555277777777778,26.333055555555557,4.715833333333329,0.0,82.78833333333333,41.8261111111111,41.8261111111111,72,2026-07-30 23:45:01,1.0,True,False,58.249722222222225,False,Monday,2026-07-27,,True,False
TKT-100006,2026-07-27 09:27:37,2026-07-27 12:16:50,2026-07-27 15:36:39,2026-07-29 13:31:10,2026-07-29 13:31:10,0,False,2026-07-29 10:00:00,,Academics & Exams,Academics & Exams,2026-07-27 15:36:39,0.0,1,1,STU24556,portal,Medium,False,Unknown,Closed,5.0,True,2.8202777777777777,3.330277777777778,0.0,45.908611111111114,0.0,52.05916666666667,52.05916666666667,52.05916666666667,72,2026-07-30 09:27:37,1.0,True,False,48.539722222222224,False,Monday,2026-07-27,,True,False
TKT-100007,2026-07-27 11:24:12,2026-07-27 11:27:58,2026-07-30 13:55:16,2026-08-03 16:14:12,2026-08-03 16:14:12,0,False,2026-07-30 10:00:00,2026-07-28 11:27:58,Fees & Finance,Fees & Finance,2026-07-30 13:55:16,0.0,7,1,STU25485,portal,Low,False,Fees & Finance,Closed,,False,0.06277777777777778,74.455,0.0,98.31555555555556,0.0,172.83333333333334,172.83333333333334,172.83333333333334,120,2026-08-01 11:24:12,0.0,True,True,70.59666666666666,False,Monday,2026-07-27,,True,False
TKT-100008,2026-07-27 17:08:27,2026-07-27 17:21:45,2026-07-27 18:24:01,2026-07-28 09:25:44,2026-07-28 09:25:44,0,False,,,IT Support,IT Support,2026-07-27 18:24:01,0.0,1,1,STU24865,portal,Medium,False,IT Support,Closed,4.0,False,0.22166666666666668,1.0377777777777777,0.0,15.028611111111111,0.0,16.288055555555555,16.288055555555555,16.288055555555555,72,2026-07-30 17:08:27,1.0,False,False,,False,Monday,2026-07-27,,True,False
TKT-100009,2026-07-27 17:10:52,2026-07-27 17:12:30,2026-07-28 08:58:18,2026-07-29 10:09:10,2026-07-29 10:09:10,0,False,,,IT Support,IT Support,2026-07-28 08:58:18,4.231111111111111,2,1,STU24148,email,High,False,IT Support,Closed,,False,0.02722222222222222,15.763333333333334,0.0,20.95,0.0,40.971666666666664,36.74055555555555,36.74055555555555,24,2026-07-28 17:10:52,0.0,False,False,,False,Monday,2026-07-27,,True,False
TKT-100010,2026-07-27 22:12:34,2026-07-28 10:27:02,2026-07-28 14:46:17,2026-07-29 18:51:48,2026-07-29 18:51:48,0,False,,,Hostel & Maintenance,Hostel & Maintenance,2026-07-28 14:46:17,0.0,1,1,STU24883,portal,Medium,False,Hostel & Maintenance,Closed,4.0,True,12.241111111111111,4.320833333333334,0.0,28.091944444444444,0.0,44.653888888888886,44.653888888888886,44.653888888888886,72,2026-07-30 22:12:34,1.0,False,False,,False,Monday,2026-07-27,,True,False
TKT-100011,2026-07-27 15:25:25,2026-07-28 11:23:15,2026-07-28 14:29:19,2026-07-29 11:02:19,2026-07-29 11:02:19,0,False,,,IT Support,IT Support,2026-07-28 14:29:19,0.0,0,1,STU24816,email,Medium,True,IT Support,Closed,,True,19.96388888888889,3.101111111111111,0.0,20.55,0.0,43.615,43.615,43.615,72,2026-07-30 15:25:25,1.0,False,False,,False,Monday,2026-07-27,,True,False
TKT-100012,2026-07-27 20:58:36,2026-07-27 20:59:44,2026-07-28 14:43:45,2026-07-29 12:05:21,2026-07-31 09:12:49,0,True,,,IT Support,IT Support,2026-07-28 14:43:45,0.0,1,1,STU25315,portal,Medium,False,IT Support,Closed,2.0,False,0.01888888888888889,17.73361111111111,0.0,21.36,45.12444444444444,84.23694444444445,84.23694444444445,39.1125,72,2026-07-30 20:58:36,0.0,False,False,,False,Monday,2026-07-27,,True,False
TKT-100013,2026-07-27 18:38:29,2026-07-28 10:11:44,2026-07-28 11:01:02,2026-07-29 09:49:42,2026-07-29 09:49:42,0,False,,,Hostel & Maintenance,Hostel & Maintenance,2026-07-28 11:01:02,5.564722222222223,1,1,STU25575,portal,Low,False,Unknown,Closed,5.0,True,15.554166666666667,0.8216666666666667,0.0,17.246388888888887,0.0,39.18694444444444,33.62222222222222,33.62222222222222,120,2026-08-01 18:38:29,1.0,False,False,,False,Monday,2026-07-27,,True,False
TKT-100014,2026-07-27 19:09:07,2026-07-27 19:13:03,2026-07-29 09:33:11,2026-07-30 13:02:41,2026-07-30 13:02:41,0,False,2026-07-30 10:00:00,2026-07-28 19:13:03,Fees & Finance,Fees & Finance,2026-07-29 09:33:11,0.0,3,1,STU24380,portal,High,False,Fees & Finance,Closed,2.0,False,0.06555555555555556,38.33555555555556,0.0,27.491666666666667,0.0,65.89277777777778,65.89277777777778,65.89277777777778,24,2026-07-28 19:09:07,0.0,True,True,62.848055555555554,True,Monday,2026-07-27,,True,False
TKT-100015,2026-07-27 13:31:50,2026-07-27 13:33:02,2026-07-27 14:11:17,2026-07-28 13:02:14,2026-07-28 13:02:14,0,False,,,Hostel & Maintenance,Hostel & Maintenance,2026-07-27 14:11:17,0.0,0,1,STU24768,portal,Medium,False,Hostel & Maintenance,Closed,4.0,False,0.02,0.6375,0.0,22.849166666666665,0.0,23.506666666666668,23.506666666666668,23.506666666666668,72,2026-07-30 13:31:50,1.0,False,False,,False,Monday,2026-07-27,,True,False
TKT-100016,2026-07-27 18:00:17,2026-07-27 18:02:10,2026-07-28 09:30:18,2026-07-28 15:21:13,2026-07-28 15:21:13,0,False,,,IT Support,IT Support,2026-07-28 09:30:18,0.0,1,1,STU24106,portal,Low,False,IT Support,Closed,,False,0.03138888888888889,15.46888888888889,0.0,5.848611111111111,0.0,21.34888888888889,21.34888888888889,21.34888888888889,120,2026-08-01 18:00:17,1.0,False,False,,False,Monday,2026-07-27,,True,False
TKT-100017,2026-07-27 15:19:58,2026-07-27 15:22:20,2026-07-27 15:37:14,2026-07-29 13:23:33,2026-07-29 13:23:33,1,False,,,Library,Fees & Finance,2026-07-28 09:20:30,0.0,1,2,STU25360,portal,Medium,False,Library,Closed,4.0,False,0.03944444444444444,0.24833333333333332,17.72111111111111,28.050833333333333,0.0,46.05972222222222,46.05972222222222,46.05972222222222,72,2026-07-30 15:19:58,1.0,False,False,,False,Monday,2026-07-27,,True,False
TKT-100018,2026-07-27 17:45:53,2026-07-27 17:52:12,2026-07-28 09:06:35,2026-07-28 13:18:56,2026-07-28 13:18:56,0,False,,,IT Support,IT Support,2026-07-28 09:06:35,0.0,0,1,STU25154,walk_in,Medium,False,IT Support,Closed,4.0,False,0.10527777777777778,15.239722222222222,0.0,4.2058333333333335,0.0,19.550833333333333,19.550833333333333,19.550833333333333,72,2026-07-30 17:45:53,1.0,False,False,,False,Monday,2026-07-27,,True,False
TKT-100019,2026-07-27 22:40:02,2026-07-27 22:42:14,2026-07-28 14:27:18,2026-07-29 08:16:29,2026-07-29 08:16:29,0,False,,,IT Support,IT Support,2026-07-28 14:27:18,0.0,0,1,STU24383,portal,Low,False,IT Support,Closed,5.0,False,0.03666666666666667,15.751111111111111,0.0,17.81972222222222,0.0,33.6075,33.6075,33.6075,120,2026-08-01 22:40:02,1.0,False,False,,False,Monday,2026-07-27,,True,False
TKT-100020,2026-07-27 21:49:28,2026-07-27 22:01:41,2026-07-28 13:41:23,2026-07-28 16:26:11,2026-07-28 16:26:11,0,False,,,Hostel & Maintenance,Hostel & Maintenance,2026-07-28 13:41:23,0.0,0,1,STU25743,portal,Medium,False,Hostel & Maintenance,Closed,,False,0.2036111111111111,15.661666666666667,0.0,2.7466666666666666,0.0,18.611944444444443,18.611944444444443,18.611944444444443,72,2026-07-30 21:49:28,1.0,False,False,,False,Monday,2026-07-27,,True,False
TKT-100021,2026-07-27 15:21:43,2026-07-27 15:26:07,2026-07-27 17:15:06,2026-07-28 10:25:53,2026-07-28 10:25:53,0,False,,,IT Support,IT Support,2026-07-27 17:15:06,0.0,0,1,STU24486,walk_in,Low,False,IT Support,Closed,,False,0.07333333333333333,1.8163888888888888,0.0,17.17972222222222,0.0,19.069444444444443,19.069444444444443,19.069444444444443,120,2026-08-01 15:21:43,1.0,False,False,,False,Monday,2026-07-27,,True,False
TKT-100022,2026-07-27 17:27:20,2026-07-28 12:39:25,2026-07-28 17:58:53,2026-07-29 12:16:05,2026-07-29 12:16:05,0,False,,,IT Support,IT Support,2026-07-28 17:58:53,0.0,1,1,STU25124,email,Medium,True,IT Support,Closed,,True,19.20138888888889,5.3244444444444445,0.0,18.286666666666665,0.0,42.8125,42.8125,42.8125,72,2026-07-30 17:27:20,1.0,False,False,,False,Monday,2026-07-27,,True,False
TKT-100023,2026-07-27 20:31:22,2026-07-27 20:42:23,2026-07-29 08:28:31,2026-07-31 09:00:00,2026-07-31 09:00:00,0,False,2026-07-30 10:00:00,2026-07-28 20:42:23,Fees & Finance,Fees & Finance,2026-07-29 08:28:31,0.0,3,1,STU24329,portal,High,False,Fees & Finance,Closed,3.0,False,0.1836111111111111,35.76888888888889,0.0,48.52472222222222,0.0,84.47722222222222,84.47722222222222,84.47722222222222,24,2026-07-28 20:31:22,0.0,True,True,61.477222222222224,True,Monday,2026-07-27,,True,False
TKT-100024,2026-07-27 15:31:47,2026-07-27 15:34:07,2026-07-28 16:04:28,2026-07-30 10:45:59,2026-07-30 10:45:59,0,False,2026-07-30 10:00:00,2026-07-28 15:34:07,Fees & Finance,Fees & Finance,2026-07-28 16:04:28,0.0,1,1,STU24822,portal,Medium,False,Fees & Finance,Closed,,False,0.03888888888888889,24.50583333333333,0.0,42.691944444444445,0.0,67.23666666666666,67.23666666666666,67.23666666666666,72,2026-07-30 15:31:47,1.0,True,True,66.47027777777778,False,Monday,2026-07-27,,True,False
TKT-100025,2026-07-27 14:39:06,2026-07-27 14:44:08,2026-07-27 15:08:08,2026-07-28 13:00:33,2026-07-28 13:00:33,0,False,,,Library,Library,2026-07-27 15:08:08,0.0,0,1,STU25322,portal,High,False,Unknown,Closed,5.0,False,0.08388888888888889,0.4,0.0,21.87361111111111,0.0,22.3575,22.3575,22.3575,24,2026-07-28 14:39:06,1.0,False,False,,False,Monday,2026-07-27,,True,False
TKT-100026,2026-07-27 17:41:44,2026-07-27 17:45:27,2026-07-28 16:15:44,2026-07-30 13:53:37,2026-07-30 13:53:37,0,False,2026-07-30 10:00:00,,Fees & Finance,Fees & Finance,2026-07-28 16:15:44,14.506388888888889,1,1,STU24179,portal,Low,False,Fees & Finance,Closed,5.0,False,0.06194444444444445,22.504722222222224,0.0,31.124999999999996,0.0,68.19805555555556,53.69166666666666,53.69166666666666,120,2026-08-01 17:41:44,1.0,True,False,64.30444444444444,False,Monday,2026-07-27,,True,False
TKT-100027,2026-07-27 19:42:42,2026-07-27 19:55:29,2026-07-28 09:22:53,2026-07-31 08:00:00,2026-07-31 08:00:00,0,False,2026-07-30 10:00:00,,Hostel & Maintenance,Hostel & Maintenance,2026-07-28 09:22:53,0.0,1,1,STU24621,portal,Medium,False,Hostel & Maintenance,Closed,5.0,False,0.21305555555555555,13.456666666666667,0.0,70.61861111111111,0.0,84.28833333333333,84.28833333333333,84.28833333333333,72,2026-07-30 19:42:42,0.0,True,False,62.288333333333334,False,Monday,2026-07-27,,True,False
TKT-100028,2026-07-27 08:12:49,2026-07-27 08:22:42,2026-07-27 11:10:25,2026-07-30 08:00:00,2026-07-30 08:00:00,1,False,2026-07-29 10:00:00,,Fees & Finance,IT Support,2026-07-27 17:38:41,0.0,2,2,STU24292,portal,Low,False,Fees & Finance,Closed,4.0,False,0.16472222222222221,2.7952777777777778,6.471111111111111,62.35527777777778,0.0,71.7863888888889,71.7863888888889,71.7863888888889,120,2026-08-01 08:12:49,1.0,True,False,49.78638888888889,False,Monday,2026-07-27,,True,False
TKT-100029,2026-07-27 18:49:18,2026-07-28 09:04:49,2026-07-28 12:55:09,2026-07-31 08:00:00,2026-07-31 08:00:00,1,False,2026-07-30 10:00:00,,Library,Hostel & Maintenance,2026-07-29 14:09:12,5.240833333333334,2,2,STU24550,portal,Low,False,Library,Closed,4.0,True,14.258611111111112,3.838888888888889,25.234166666666667,36.60583333333333,0.0,85.17833333333333,79.9375,79.9375,120,2026-08-01 18:49:18,1.0,True,False,63.178333333333335,False,Monday,2026-07-27,,True,False
TKT-100030,2026-07-28 12:14:27,2026-07-28 12:24:48,2026-07-28 19:46:11,2026-07-31 10:05:53,2026-07-31 10:05:53,0,False,2026-07-31 10:00:00,,Hostel & Maintenance,Hostel & Maintenance,2026-07-28 19:46:11,12.633333333333333,2,1,STU24815,portal,Medium,False,Hostel & Maintenance,Closed,,False,0.1725,7.356388888888889,0.0,49.695,0.0,69.85722222222222,57.22388888888889,57.22388888888889,72,2026-07-31 12:14:27,1.0,True,False,69.75916666666667,False,Tuesday,2026-07-27,,True,False
TKT-100031,2026-07-28 08:32:44,2026-07-28 08:38:33,2026-07-28 10:00:28,2026-07-28 12:24:23,2026-07-28 12:24:23,0,False,,,Library,Library,2026-07-28 10:00:28,0.0,0,1,STU24624,portal,Medium,False,Library,Closed,,False,0.09694444444444444,1.3652777777777778,0.0,2.3986111111111112,0.0,3.8608333333333333,3.8608333333333333,3.8608333333333333,72,2026-07-31 08:32:44,1.0,False,False,,False,Tuesday,2026-07-27,,True,False
TKT-100032,2026-07-28 12:37:40,2026-07-28 12:40:10,2026-07-28 18:25:03,2026-07-29 15:35:57,2026-07-29 15:35:57,0,False,,,Hostel & Maintenance,Hostel & Maintenance,2026-07-28 18:25:03,0.0,0,1,STU24016,portal,Medium,False,Hostel & Maintenance,Closed,,False,0.041666666666666664,5.748055555555555,0.0,21.18166666666667,0.0,26.97138888888889,26.97138888888889,26.97138888888889,72,2026-07-31 12:37:40,1.0,False,False,,False,Tuesday,2026-07-27,,True,False
TKT-100033,2026-07-28 20:57:03,2026-07-28 20:58:54,2026-07-30 22:20:35,2026-08-03 09:00:00,2026-08-03 09:00:00,0,False,2026-07-31 10:00:00,2026-07-29 20:58:54,Academics & Exams,Academics & Exams,2026-07-30 22:20:35,0.0,3,1,STU25200,portal,High,False,Academics & Exams,Closed,3.0,False,0.030833333333333334,49.36138888888889,0.0,82.65694444444445,0.0,132.04916666666668,132.04916666666668,132.04916666666668,24,2026-07-29 20:57:03,0.0,True,True,61.049166666666665,True,Tuesday,2026-07-27,,True,False
TKT-100034,2026-07-28 22:34:27,2026-07-29 15:45:53,2026-07-29 16:10:52,2026-08-04 09:00:00,2026-08-04 09:00:00,0,False,2026-07-31 10:00:00,,Academics & Exams,Academics & Exams,2026-07-29 16:10:52,37.14361111111111,4,1,STU24981,portal,Low,False,Academics & Exams,Closed,,True,17.190555555555555,0.41638888888888886,0.0,99.67527777777778,0.0,154.42583333333334,117.28222222222223,117.28222222222223,120,2026-08-02 22:34:27,1.0,True,False,59.42583333333334,False,Tuesday,2026-07-27,,True,False
TKT-100035,2026-07-28 23:46:31,2026-07-28 23:53:33,2026-07-29 17:42:09,,,0,False,,,Hostel & Maintenance,Hostel & Maintenance,2026-07-29 17:42:09,0.0,1,1,STU25582,portal,High,False,Hostel & Maintenance,Closed - No Response,,False,0.11722222222222223,17.81,0.0,,,,,,24,2026-07-29 23:46:31,,False,False,,False,Tuesday,2026-07-27,closed - student never replied,False,False
TKT-100036,2026-07-28 19:15:06,2026-07-28 19:20:45,2026-07-30 08:36:37,2026-07-31 11:38:36,2026-07-31 11:38:36,0,False,2026-07-31 10:00:00,2026-07-29 19:20:45,Fees & Finance,Fees & Finance,2026-07-30 08:36:37,7.289722222222222,0,1,STU25628,portal,Medium,False,Fees & Finance,Closed,5.0,False,0.09416666666666666,37.26444444444444,0.0,19.743333333333332,0.0,64.39166666666667,57.10194444444444,57.10194444444444,72,2026-07-31 19:15:06,1.0,True,True,62.748333333333335,False,Tuesday,2026-07-27,,True,False
TKT-100037,2026-07-28 15:42:37,2026-07-28 15:51:38,2026-07-28 17:05:38,2026-07-29 10:35:14,2026-07-29 10:35:14,0,False,,,Hostel & Maintenance,Hostel & Maintenance,2026-07-28 17:05:38,0.0,0,1,STU25642,portal,Low,False,Hostel & Maintenance,Closed,,False,0.1502777777777778,1.2333333333333334,0.0,17.493333333333332,0.0,18.876944444444444,18.876944444444444,18.876944444444444,120,2026-08-02 15:42:37,1.0,False,False,,False,Tuesday,2026-07-27,,True,False
TKT-100038,2026-07-28 18:11:41,2026-07-29 15:45:09,2026-07-29 15:53:20,2026-07-30 10:55:25,2026-07-30 10:55:25,0,False,,,IT Support,IT Support,2026-07-29 15:53:20,0.0,1,1,STU25563,email,Medium,False,IT Support,Closed,,True,21.557777777777776,0.1363888888888889,0.0,19.03472222222222,0.0,40.72888888888889,40.72888888888889,40.72888888888889,72,2026-07-31 18:11:41,1.0,False,False,,False,Tuesday,2026-07-27,,True,False
TKT-100039,2026-07-28 13:52:58,2026-07-28 13:59:19,2026-07-28 15:53:44,2026-07-29 17:04:04,2026-07-29 17:04:04,0,False,,,Library,Library,2026-07-28 15:53:44,0.0,0,1,STU24516,portal,Medium,False,Library,Closed,5.0,False,0.10583333333333333,1.9069444444444446,0.0,25.17222222222222,0.0,27.185,27.185,27.185,72,2026-07-31 13:52:58,1.0,False,False,,False,Tuesday,2026-07-27,,True,False
TKT-100040,2026-07-28 08:36:30,2026-07-28 08:40:55,2026-07-28 09:18:28,2026-07-31 09:00:00,2026-07-31 09:00:00,0,False,2026-07-30 10:00:00,,Fees & Finance,Fees & Finance,2026-07-28 09:18:28,6.918611111111111,1,1,STU24820,portal,High,False,Fees & Finance,Closed,,False,0.07361111111111111,0.6258333333333334,0.0,64.77361111111112,0.0,72.39166666666667,65.47305555555556,65.47305555555556,24,2026-07-29 08:36:30,0.0,True,False,49.391666666666666,True,Tuesday,2026-07-27,,True,False
TKT-100041,2026-07-28 10:52:10,2026-07-28 11:01:44,2026-07-28 17:05:14,2026-07-30 10:20:07,2026-07-30 10:20:07,0,False,,,Hostel & Maintenance,Hostel & Maintenance,2026-07-28 17:05:14,0.0,3,1,STU24248,portal,Medium,False,Hostel & Maintenance,Closed,,False,0.15944444444444444,6.058333333333334,0.0,41.24805555555555,0.0,47.465833333333336,47.465833333333336,47.465833333333336,72,2026-07-31 10:52:10,1.0,False,False,,False,Tuesday,2026-07-27,,True,False
TKT-100042,2026-07-28 08:05:16,2026-07-28 11:09:12,2026-07-29 15:02:56,2026-07-29 17:49:39,2026-07-29 17:49:39,0,False,,2026-07-29 11:09:12,Library,Library,2026-07-29 15:02:56,0.0,0,1,STU24932,email,Medium,False,Library,Closed,,True,3.0655555555555556,27.895555555555557,0.0,2.778611111111111,0.0,33.73972222222222,33.73972222222222,33.73972222222222,72,2026-07-31 08:05:16,1.0,False,True,,False,Tuesday,2026-07-27,,True,False
TKT-100043,2026-07-28 23:23:25,2026-07-28 23:29:26,2026-07-29 11:42:45,2026-07-31 11:55:35,2026-07-31 11:55:35,0,False,2026-07-31 10:00:00,,Hostel & Maintenance,Hostel & Maintenance,2026-07-29 11:42:45,6.091111111111111,1,1,STU24161,portal,Medium,False,Hostel & Maintenance,Closed,4.0,False,0.10027777777777777,12.221944444444444,0.0,42.12277777777778,0.0,60.53611111111111,54.445,54.445,72,2026-07-31 23:23:25,1.0,True,False,58.609722222222224,False,Tuesday,2026-07-27,,True,False
TKT-100044,2026-07-28 20:12:08,2026-07-29 11:02:18,2026-07-29 11:55:42,2026-07-30 11:15:02,2026-07-30 11:15:02,0,False,,,IT Support,IT Support,2026-07-29 11:55:42,3.1038888888888887,0,1,STU25685,portal,High,False,Unknown,Closed,3.0,True,14.83611111111111,0.89,0.0,20.218333333333334,0.0,39.04833333333333,35.94444444444444,35.94444444444444,24,2026-07-29 20:12:08,0.0,False,False,,False,Tuesday,2026-07-27,,True,False
TKT-100045,2026-07-28 18:24:20,2026-07-28 18:35:04,2026-07-29 11:01:39,2026-07-29 19:21:22,2026-07-29 19:21:22,0,False,,,Hostel & Maintenance,Hostel & Maintenance,2026-07-29 11:01:39,0.0,0,1,STU24217,portal,Medium,False,Hostel & Maintenance,Closed,5.0,False,0.17888888888888888,16.443055555555556,0.0,8.328611111111112,0.0,24.950555555555557,24.950555555555557,24.950555555555557,72,2026-07-31 18:24:20,1.0,False,False,,False,Tuesday,2026-07-27,,True,False
TKT-100046,2026-07-28 14:09:18,2026-07-28 15:27:22,2026-07-28 17:12:10,2026-07-31 12:50:09,2026-07-31 12:50:09,0,False,2026-07-31 10:00:00,,Hostel & Maintenance,Hostel & Maintenance,2026-07-28 17:12:10,0.0,2,1,STU25689,portal,Low,False,Unknown,Closed,5.0,True,1.301111111111111,1.7466666666666666,0.0,67.63305555555556,0.0,70.68083333333334,70.68083333333334,70.68083333333334,120,2026-08-02 14:09:18,1.0,True,False,67.845,False,Tuesday,2026-07-27,,True,False
TKT-100047,2026-07-28 22:29:21,2026-07-29 13:26:48,2026-07-31 06:25:57,2026-08-07 18:01:35,2026-08-07 18:01:35,0,False,2026-07-31 10:00:00,2026-07-30 13:26:48,Hostel & Maintenance,Hostel & Maintenance,2026-07-31 06:25:57,0.0,6,1,STU24271,email,Medium,False,Hostel & Maintenance,Closed,3.0,True,14.9575,40.98583333333333,0.0,179.5938888888889,0.0,235.53722222222223,235.53722222222223,235.53722222222223,72,2026-07-31 22:29:21,0.0,True,True,59.51083333333333,False,Tuesday,2026-07-27,,True,False
TKT-100048,2026-07-28 10:39:39,2026-07-28 10:41:51,2026-07-29 11:11:05,2026-08-03 09:00:00,2026-08-03 09:00:00,0,False,2026-07-31 10:00:00,2026-07-29 10:41:51,Fees & Finance,Fees & Finance,2026-07-29 11:11:05,0.0,9,1,STU25239,portal,Low,False,Fees & Finance,Closed,,False,0.03666666666666667,24.487222222222222,0.0,117.81527777777778,0.0,142.33916666666667,142.33916666666667,142.33916666666667,120,2026-08-02 10:39:39,0.0,True,True,71.33916666666667,False,Tuesday,2026-07-27,,True,False
TKT-100049,2026-07-28 12:16:02,2026-07-28 12:40:28,2026-07-28 15:31:37,2026-07-28 18:56:23,2026-07-28 18:56:23,0,False,,,IT Support,IT Support,2026-07-28 15:31:37,0.0,0,1,STU24938,email,Medium,True,IT Support,Closed,,False,0.4072222222222222,2.8525,0.0,3.412777777777778,0.0,6.6725,6.6725,6.6725,72,2026-07-31 12:16:02,1.0,False,False,,False,Tuesday,2026-07-27,,True,False
TKT-100050,2026-07-28 11:14:22,2026-07-28 16:20:59,2026-07-29 09:58:25,2026-07-31 09:43:41,2026-07-31 09:43:41,0,False,,,Academics & Exams,Academics & Exams,2026-07-29 09:58:25,0.0,2,1,STU24540,portal,Medium,False,Academics & Exams,Closed,5.0,True,5.110277777777778,17.62388888888889,0.0,47.754444444444445,0.0,70.48861111111111,70.48861111111111,70.48861111111111,72,2026-07-31 11:14:22,1.0,False,False,,False,Tuesday,2026-07-27,,True,False
TKT-100051,2026-07-28 21:11:05,2026-07-28 21:19:00,2026-07-29 14:21:08,2026-07-30 17:26:12,2026-07-30 17:26:12,0,False,,,Hostel & Maintenance,Hostel & Maintenance,2026-07-29 14:21:08,0.0,1,1,STU24078,portal,Medium,False,Hostel & Maintenance,Closed,,False,0.13194444444444445,17.035555555555554,0.0,27.084444444444443,0.0,44.25194444444445,44.25194444444445,44.25194444444445,72,2026-07-31 21:11:05,1.0,False,False,,False,Tuesday,2026-07-27,,True,False
TKT-100052,2026-07-28 22:57:06,2026-07-28 22:59:54,2026-07-30 10:12:36,2026-08-03 08:00:00,2026-08-03 08:00:00,0,False,2026-07-31 10:00:00,2026-07-29 22:59:54,Hostel & Maintenance,Hostel & Maintenance,2026-07-30 10:12:36,0.0,3,1,STU24203,portal,Medium,False,Hostel & Maintenance,Closed,3.0,False,0.04666666666666667,35.211666666666666,0.0,93.79,0.0,129.04833333333335,129.04833333333335,129.04833333333335,72,2026-07-31 22:57:06,0.0,True,True,59.04833333333333,False,Tuesday,2026-07-27,,True,False
TKT-100053,2026-07-28 11:49:27,2026-07-28 12:02:01,2026-07-28 16:48:50,2026-08-06 12:53:49,2026-08-06 12:53:49,2,False,2026-07-31 10:00:00,,Library,Fees & Finance,2026-07-30 11:20:42,0.0,5,3,STU24874,email,Medium,False,Library,Closed,,False,0.20944444444444443,4.780277777777778,42.53111111111111,169.55194444444444,0.0,217.0727777777778,217.0727777777778,217.0727777777778,72,2026-07-31 11:49:27,0.0,True,False,70.17583333333333,False,Tuesday,2026-07-27,,True,False
TKT-100054,2026-07-29 18:12:31,2026-07-29 18:16:21,2026-07-30 14:54:37,2026-07-30 16:08:26,2026-07-30 16:08:26,0,False,,,Library,Library,2026-07-30 14:54:37,0.0,0,1,STU25013,portal,Medium,False,Library,Closed,,False,0.06388888888888888,20.637777777777778,0.0,1.2302777777777778,0.0,21.931944444444444,21.931944444444444,21.931944444444444,72,2026-08-01 18:12:31,1.0,False,False,,False,Wednesday,2026-07-27,,True,False
TKT-100055,2026-07-29 08:54:01,2026-07-29 09:01:11,2026-07-29 10:56:42,2026-07-29 18:37:37,2026-07-29 18:37:37,0,False,,,IT Support,IT Support,2026-07-29 10:56:42,0.0,0,1,STU24533,portal,Medium,False,IT Support,Closed,,False,0.11944444444444445,1.9252777777777779,0.0,7.6819444444444445,0.0,9.726666666666667,9.726666666666667,9.726666666666667,72,2026-08-01 08:54:01,1.0,False,False,,False,Wednesday,2026-07-27,,True,False
TKT-100056,2026-07-29 12:52:51,2026-07-29 14:12:04,2026-07-30 17:07:37,2026-08-04 08:00:00,2026-08-04 08:00:00,0,False,2026-08-03 10:00:00,2026-07-30 14:12:04,Hostel & Maintenance,Hostel & Maintenance,2026-07-30 17:07:37,0.0,3,1,STU25373,portal,Low,False,Hostel & Maintenance,Closed,,True,1.3202777777777779,26.925833333333333,0.0,110.87305555555555,0.0,139.11916666666667,139.11916666666667,139.11916666666667,120,2026-08-03 12:52:51,0.0,True,True,117.11916666666667,False,Wednesday,2026-07-27,,True,False
TKT-100057,2026-07-29 15:50:05,2026-07-29 17:28:01,2026-07-30 12:53:50,2026-08-01 15:40:18,2026-08-01 15:40:18,0,False,,,IT Support,IT Support,2026-07-30 12:53:50,0.0,3,1,STU24227,email,Medium,True,IT Support,Closed,5.0,True,1.6322222222222222,19.43027777777778,0.0,50.77444444444444,0.0,71.83694444444444,71.83694444444444,71.83694444444444,72,2026-08-01 15:50:05,1.0,False,False,,False,Wednesday,2026-07-27,,True,False
TKT-100058,2026-08-03 14:59:52,2026-07-29 15:01:09,2026-08-02 10:44:47,2026-08-04 09:00:00,2026-08-04 09:00:00,0,False,2026-08-03 10:00:00,2026-07-30 15:01:09,Fees & Finance,Fees & Finance,2026-08-02 10:44:47,0.0,2,1,STU24700,walk_in,Low,False,Fees & Finance,Closed,2.0,False,-119.9786111111111,91.72722222222222,0.0,46.25361111111111,0.0,18.002222222222223,18.002222222222223,18.002222222222223,120,2026-08-08 14:59:52,1.0,True,True,-4.997777777777777,False,Monday,2026-08-03,chronology violation (clock skew),False,False
TKT-100059,2026-07-29 12:15:15,2026-07-30 10:01:18,2026-07-30 13:05:18,2026-08-04 16:04:58,2026-08-04 16:04:58,0,False,2026-08-03 10:00:00,,Academics & Exams,Academics & Exams,2026-07-30 13:05:18,0.0,3,1,STU25765,email,High,False,Academics & Exams,Closed,4.0,True,21.7675,3.066666666666667,0.0,122.99444444444444,0.0,147.82861111111112,147.82861111111112,147.82861111111112,24,2026-07-30 12:15:15,0.0,True,False,117.74583333333334,True,Wednesday,2026-07-27,,True,False
TKT-100060,2026-07-29 08:54:13,2026-07-29 08:56:23,2026-07-30 08:51:38,2026-08-03 15:46:53,2026-08-07 11:42:34,0,True,2026-07-31 10:00:00,,Hostel & Maintenance,Hostel & Maintenance,2026-07-30 08:51:38,0.0,8,1,STU24342,portal,Medium,False,Hostel & Maintenance,Closed,2.0,False,0.03611111111111111,23.920833333333334,0.0,102.92083333333333,91.92805555555556,218.80583333333334,218.80583333333334,126.87777777777778,72,2026-08-01 08:54:13,0.0,True,False,49.09638888888889,False,Wednesday,2026-07-27,,True,False
TKT-100061,2026-07-29 20:01:41,2026-07-29 20:04:20,2026-07-30 14:29:51,2026-08-04 09:00:00,2026-08-04 09:00:00,0,False,2026-08-03 10:00:00,,Academics & Exams,Academics & Exams,2026-07-30 14:29:51,0.0,7,1,STU24983,portal,Medium,False,Academics & Exams,Closed,,False,0.04416666666666667,18.42527777777778,0.0,114.5025,0.0,132.97194444444443,132.97194444444443,132.97194444444443,72,2026-08-01 20:01:41,0.0,True,False,109.97194444444445,True,Wednesday,2026-07-27,,True,False
TKT-100062,2026-07-29 10:20:28,2026-07-29 10:25:01,2026-07-29 14:44:38,2026-07-30 13:33:41,2026-07-30 13:33:41,0,False,,,IT Support,IT Support,2026-07-29 14:44:38,0.0,0,1,STU24561,portal,Low,False,IT Support,Closed,4.0,False,0.07583333333333334,4.326944444444444,0.0,22.8175,0.0,27.220277777777778,27.220277777777778,27.220277777777778,120,2026-08-03 10:20:28,1.0,False,False,,False,Wednesday,2026-07-27,,True,False
TKT-100063,2026-07-29 13:51:33,2026-07-29 13:54:01,2026-07-30 09:06:58,,,0,False,,,IT Support,IT Support,2026-07-30 09:06:58,0.0,3,1,STU25390,portal,Medium,False,IT Support,Closed - No Response,,False,0.04111111111111111,19.215833333333332,0.0,,,,,,72,2026-08-01 13:51:33,,False,False,,False,Wednesday,2026-07-27,closed - student never replied,False,False
TKT-100064,2026-07-29 20:56:14,2026-07-30 09:49:53,2026-07-30 10:20:59,2026-07-31 14:53:33,2026-07-31 14:53:33,0,False,,,IT Support,IT Support,2026-07-30 10:20:59,6.238888888888889,3,1,STU25555,email,Medium,False,IT Support,Closed,,True,12.894166666666667,0.5183333333333333,0.0,22.303888888888892,0.0,41.95527777777778,35.71638888888889,35.71638888888889,72,2026-08-01 20:56:14,1.0,False,False,,False,Wednesday,2026-07-27,,True,False
TKT-100065,2026-07-29 07:00:42,2026-07-29 07:02:42,2026-07-29 08:03:14,2026-07-29 12:15:44,2026-07-29 12:15:44,0,False,,,IT Support,IT Support,2026-07-29 08:03:14,0.0,0,1,STU25755,portal,Medium,False,IT Support,Closed,,False,0.03333333333333333,1.008888888888889,0.0,4.208333333333333,0.0,5.250555555555556,5.250555555555556,5.250555555555556,72,2026-08-01 07:00:42,1.0,False,False,,False,Wednesday,2026-07-27,,True,False
TKT-100066,2026-07-29 17:30:31,2026-07-30 09:13:34,2026-08-01 05:46:20,2026-08-03 13:28:09,2026-08-03 13:28:09,0,False,2026-08-03 10:00:00,2026-07-31 09:13:34,Hostel & Maintenance,Hostel & Maintenance,2026-08-01 05:46:20,0.0,5,1,STU24009,portal,Medium,False,Hostel & Maintenance,Closed,3.0,True,15.7175,44.54611111111111,0.0,55.69694444444445,0.0,115.96055555555556,115.96055555555556,115.96055555555556,72,2026-08-01 17:30:31,0.0,True,True,112.49138888888889,True,Wednesday,2026-07-27,,True,False
TKT-100067,2026-07-29 14:57:35,2026-07-29 15:46:09,2026-08-02 06:53:13,2026-08-04 09:00:00,2026-08-04 09:00:00,0,False,2026-08-03 10:00:00,2026-07-30 15:46:09,Academics & Exams,Academics & Exams,2026-08-02 06:53:13,0.0,4,1,STU24783,email,Medium,True,Academics & Exams,Closed,,True,0.8094444444444444,87.11777777777777,0.0,50.113055555555555,0.0,138.0402777777778,138.0402777777778,138.0402777777778,72,2026-08-01 14:57:35,0.0,True,True,115.04027777777777,True,Wednesday,2026-07-27,,True,False
TKT-100068,2026-07-29 11:17:37,2026-07-29 11:26:03,2026-07-29 17:24:58,2026-07-31 09:52:39,2026-07-31 09:52:39,0,False,,,Library,Library,2026-07-29 17:24:58,5.4158333333333335,4,1,STU24074,portal,Medium,False,Library,Closed,5.0,False,0.14055555555555554,5.981944444444444,0.0,35.04555555555556,0.0,46.583888888888886,41.168055555555554,41.168055555555554,72,2026-08-01 11:17:37,1.0,False,False,,False,Wednesday,2026-07-27,,True,False
TKT-100069,2026-07-29 07:29:15,2026-07-29 07:42:12,2026-07-30 10:34:47,2026-08-03 12:34:01,2026-08-04 14:30:07,0,True,2026-07-31 10:00:00,2026-07-30 07:42:12,Fees & Finance,Fees & Finance,2026-07-30 10:34:47,0.0,3,1,STU24787,portal,Low,False,Fees & Finance,Closed,,False,0.21583333333333332,26.87638888888889,0.0,97.98722222222223,25.935,151.01444444444445,151.01444444444445,125.07944444444445,120,2026-08-03 07:29:15,0.0,True,True,50.5125,False,Wednesday,2026-07-27,,True,False
TKT-100070,2026-07-29 15:46:27,2026-07-29 15:53:35,2026-07-29 16:12:09,2026-08-04 09:00:00,2026-08-04 09:00:00,2,False,2026-08-03 10:00:00,,Library,Fees & Finance,2026-08-03 09:15:04,0.0,6,3,STU24999,portal,Medium,False,Library,Closed,,False,0.11888888888888889,0.30944444444444447,113.04861111111111,23.74888888888889,0.0,137.22583333333333,137.22583333333333,137.22583333333333,72,2026-08-01 15:46:27,0.0,True,False,114.22583333333333,True,Wednesday,2026-07-27,,True,False
TKT-100071,2026-07-29 13:24:04,2026-07-29 13:31:24,2026-08-03 01:41:11,2026-08-04 09:00:00,2026-08-04 09:00:00,0,False,2026-08-03 10:00:00,2026-07-30 13:31:24,Fees & Finance,Fees & Finance,2026-08-03 01:41:11,0.0,6,1,STU24305,portal,Medium,False,Fees & Finance,Closed,,False,0.12222222222222222,108.16305555555556,0.0,31.31361111111111,0.0,139.5988888888889,139.5988888888889,139.5988888888889,72,2026-08-01 13:24:04,0.0,True,True,116.5988888888889,True,Wednesday,2026-07-27,,True,False
TKT-100072,2026-07-29 19:45:31,2026-07-29 19:51:14,2026-07-30 10:33:44,2026-07-30 16:57:54,2026-07-30 16:57:54,0,False,,,Library,Library,2026-07-30 10:33:44,3.355277777777778,1,1,STU25789,portal,Low,False,Library,Closed,,False,0.09527777777777778,14.708333333333334,0.0,3.0475,0.0,21.20638888888889,17.85111111111111,17.85111111111111,120,2026-08-03 19:45:31,1.0,False,False,,False,Wednesday,2026-07-27,,True,False
TKT-100073,2026-07-29 07:10:46,2026-07-29 07:22:11,2026-07-29 13:36:42,2026-07-30 09:26:44,2026-07-30 09:26:44,0,False,,,Hostel & Maintenance,Hostel & Maintenance,2026-07-29 13:36:42,6.3036111111111115,0,1,STU24839,portal,Low,False,Hostel & Maintenance,Closed,,False,0.19027777777777777,6.241944444444444,0.0,13.530277777777778,0.0,26.266111111111112,19.9625,19.9625,120,2026-08-03 07:10:46,1.0,False,False,,False,Wednesday,2026-07-27,,True,False
TKT-100074,2026-07-29 23:53:53,2026-07-29 23:56:00,2026-07-30 14:34:37,2026-08-03 13:40:38,2026-08-03 13:40:38,0,False,2026-08-03 10:00:00,,Fees & Finance,Fees & Finance,2026-07-30 14:34:37,13.482222222222223,3,1,STU25444,portal,Medium,False,Fees & Finance,Closed,3.0,False,0.035277777777777776,14.643611111111111,0.0,81.61805555555556,0.0,109.77916666666667,96.29694444444445,96.29694444444445,72,2026-08-01 23:53:53,0.0,True,False,106.10194444444444,True,Wednesday,2026-07-27,,True,False
TKT-100075,2026-07-30 15:20:18,2026-07-30 15:30:50,2026-08-01 04:16:04,2026-08-01 14:14:09,2026-08-01 14:14:09,0,False,,2026-07-31 15:30:50,Hostel & Maintenance,Hostel & Maintenance,2026-08-01 04:16:04,0.0,1,1,STU24109,portal,Medium,False,Hostel & Maintenance,Closed,,False,0.17555555555555555,36.75388888888889,0.0,9.968055555555555,0.0,46.8975,46.8975,46.8975,72,2026-08-02 15:20:18,1.0,False,True,,False,Thursday,2026-07-27,,True,False
TKT-100076,2026-07-30 09:58:03,2026-07-30 10:05:00,2026-07-30 11:22:18,2026-08-10 09:00:00,2026-08-10 09:00:00,1,False,2026-08-03 10:00:00,,Library,Fees & Finance,2026-08-03 13:05:25,12.100833333333334,8,2,STU25325,portal,Low,False,Library,Closed,,False,0.11583333333333333,1.2883333333333333,97.71861111111112,151.8088888888889,0.0,263.0325,250.9316666666667,250.9316666666667,120,2026-08-04 09:58:03,0.0,True,False,96.0325,False,Thursday,2026-07-27,,True,False
TKT-100077,2026-07-30 18:48:53,2026-07-31 11:49:05,2026-07-31 13:35:46,2026-08-01 17:38:16,2026-08-01 17:38:16,0,False,,,Hostel & Maintenance,Hostel & Maintenance,2026-07-31 13:35:46,0.0,0,1,STU25371,email,Medium,False,Hostel & Maintenance,Closed,,True,17.003333333333334,1.7780555555555555,0.0,28.041666666666668,0.0,46.823055555555555,46.823055555555555,46.823055555555555,72,2026-08-02 18:48:53,1.0,False,False,,False,Thursday,2026-07-27,,True,False
TKT-100078,2026-07-30 12:35:02,2026-07-30 14:52:46,2026-07-31 09:59:13,2026-07-31 13:45:16,2026-07-31 13:45:16,0,False,,,IT Support,IT Support,2026-07-31 09:59:13,0.0,0,1,STU24350,email,Medium,True,IT Support,Closed,,True,2.2955555555555556,19.1075,0.0,3.7675,0.0,25.170555555555556,25.170555555555556,25.170555555555556,72,2026-08-02 12:35:02,1.0,False,False,,False,Thursday,2026-07-27,,True,False
TKT-100079,2026-07-30 14:30:32,2026-07-30 14:41:32,2026-07-30 19:44:45,2026-07-31 14:27:01,2026-08-01 15:28:42,0,True,,,Hostel & Maintenance,Hostel & Maintenance,2026-07-30 19:44:45,0.0,1,1,STU25229,portal,Low,False,Hostel & Maintenance,Closed,,False,0.18333333333333332,5.0536111111111115,0.0,18.704444444444444,25.028055555555557,48.96944444444444,48.96944444444444,23.941388888888888,120,2026-08-04 14:30:32,1.0,False,False,,False,Thursday,2026-07-27,,True,False
TKT-100080,2026-07-30 21:43:17,2026-07-30 21:52:11,2026-07-31 10:41:42,2026-07-31 14:02:34,2026-07-31 14:02:34,0,False,,,IT Support,IT Support,2026-07-31 10:41:42,0.0,0,1,STU24806,portal,Medium,False,IT Support,Closed,,False,0.14833333333333334,12.825277777777778,0.0,3.347777777777778,0.0,16.32138888888889,16.32138888888889,16.32138888888889,72,2026-08-02 21:43:17,1.0,False,False,,False,Thursday,2026-07-27,,True,False
TKT-100081,2026-07-30 11:50:57,2026-07-30 17:25:37,2026-07-30 18:06:15,,,1,False,,,IT Support,Hostel & Maintenance,2026-08-03 10:18:27,0.0,2,2,STU24339,portal,Low,False,Unknown,Closed - No Response,,True,5.5777777777777775,0.6772222222222222,88.20333333333333,,,,,,120,2026-08-04 11:50:57,,False,False,,False,Thursday,2026-07-27,closed - student never replied,False,False
TKT-100082,2026-07-30 19:09:50,2026-07-30 19:23:27,2026-07-31 14:49:07,2026-08-04 09:00:00,2026-08-04 09:00:00,0,False,2026-08-03 10:00:00,,Fees & Finance,Fees & Finance,2026-07-31 14:49:07,0.0,2,1,STU24612,portal,Low,False,Fees & Finance,Closed,,False,0.22694444444444445,19.427777777777777,0.0,90.18138888888889,0.0,109.83611111111111,109.83611111111111,109.83611111111111,120,2026-08-04 19:09:50,1.0,True,False,86.83611111111111,False,Thursday,2026-07-27,,True,False
TKT-100083,2026-07-30 01:44:23,2026-07-30 01:45:45,2026-07-30 09:01:39,2026-07-30 09:37:19,2026-07-30 09:37:19,0,False,,,IT Support,IT Support,2026-07-30 09:01:39,0.0,0,1,STU25329,portal,Medium,False,IT Support,Closed,,False,0.02277777777777778,7.265,0.0,0.5944444444444444,0.0,7.8822222222222225,7.8822222222222225,7.8822222222222225,72,2026-08-02 01:44:23,1.0,False,False,,False,Thursday,2026-07-27,,True,False
TKT-100084,2026-07-30 09:12:31,2026-07-30 09:16:43,2026-07-30 10:18:42,2026-08-07 15:45:10,2026-08-07 15:45:10,0,False,2026-08-03 10:00:00,,Hostel & Maintenance,Hostel & Maintenance,2026-07-30 10:18:42,2.4941666666666666,7,1,STU24551,portal,Medium,False,Hostel & Maintenance,Closed,3.0,False,0.07,1.0330555555555556,0.0,194.94694444444443,0.0,198.54416666666665,196.04999999999998,196.04999999999998,72,2026-08-02 09:12:31,0.0,True,False,96.79138888888889,True,Thursday,2026-07-27,,True,False
TKT-100085,2026-07-30 20:53:53,2026-07-30 20:58:42,2026-07-31 10:57:43,2026-08-01 16:26:46,2026-08-01 16:26:46,0,False,,,Hostel & Maintenance,Hostel & Maintenance,2026-07-31 10:57:43,0.0,2,1,STU25329,portal,Medium,False,Hostel & Maintenance,Closed,,False,0.08027777777777778,13.983611111111111,0.0,29.484166666666667,0.0,43.54805555555556,43.54805555555556,43.54805555555556,72,2026-08-02 20:53:53,1.0,False,False,,False,Thursday,2026-07-27,,True,False
TKT-100086,2026-07-30 15:14:47,2026-07-30 15:27:06,2026-07-31 13:35:22,2026-08-03 14:04:53,2026-08-03 14:04:53,1,False,2026-08-03 10:00:00,,IT Support,Hostel & Maintenance,2026-08-01 10:01:31,0.0,1,2,STU25443,portal,Low,False,IT Support,Closed,,False,0.20527777777777778,22.137777777777778,20.435833333333335,52.056111111111115,0.0,94.835,94.835,94.835,120,2026-08-04 15:14:47,1.0,True,False,90.75361111111111,False,Thursday,2026-07-27,,True,False
TKT-100087,2026-07-30 20:29:46,2026-07-30 20:30:54,2026-08-02 17:52:37,2026-08-04 09:00:00,2026-08-04 09:00:00,0,False,2026-08-03 10:00:00,2026-07-31 20:30:54,Fees & Finance,Fees & Finance,2026-08-02 17:52:37,0.0,1,1,STU24139,portal,Medium,False,Fees & Finance,Closed,,False,0.01888888888888889,69.36194444444445,0.0,39.12305555555555,0.0,108.5038888888889,108.5038888888889,108.5038888888889,72,2026-08-02 20:29:46,0.0,True,True,85.5038888888889,True,Thursday,2026-07-27,,True,False
TKT-100088,2026-07-30 12:20:26,2026-07-30 14:31:34,2026-07-31 13:33:18,2026-07-31 16:20:40,2026-07-31 16:20:40,0,False,,,Library,Library,2026-07-31 13:33:18,0.0,1,1,STU24898,email,Medium,False,Library,Closed,,True,2.1855555555555557,23.02888888888889,0.0,2.7894444444444444,0.0,28.003888888888888,28.003888888888888,28.003888888888888,72,2026-08-02 12:20:26,1.0,False,False,,False,Thursday,2026-07-27,,True,False
TKT-100089,2026-07-30 20:13:17,2026-07-30 20:20:35,2026-07-31 14:42:18,2026-07-31 17:36:26,2026-07-31 17:36:26,0,False,,,Library,Library,2026-07-31 14:42:18,0.0,0,1,STU24534,portal,Medium,False,Library,Closed,3.0,False,0.12166666666666667,18.361944444444443,0.0,2.902222222222222,0.0,21.385833333333334,21.385833333333334,21.385833333333334,72,2026-08-02 20:13:17,1.0,False,False,,False,Thursday,2026-07-27,,True,False
TKT-100090,2026-07-30 10:36:25,2026-07-30 14:24:05,2026-08-02 18:12:00,2026-08-07 16:27:59,2026-08-07 16:27:59,0,False,2026-08-03 10:00:00,2026-07-31 14:24:05,Fees & Finance,Fees & Finance,2026-08-02 18:12:00,0.0,10,1,STU25796,email,High,False,Fees & Finance,Closed,,True,3.7944444444444443,75.79861111111111,0.0,118.26638888888888,0.0,197.85944444444445,197.85944444444445,197.85944444444445,24,2026-07-31 10:36:25,0.0,True,True,95.39305555555555,True,Thursday,2026-07-27,,True,False
TKT-100091,2026-07-30 17:51:50,2026-07-30 17:56:27,2026-07-31 16:15:34,2026-08-03 08:54:03,2026-08-03 08:54:03,1,False,,,Academics & Exams,IT Support,2026-08-01 12:26:21,4.6338888888888885,2,2,STU24118,portal,Low,False,Academics & Exams,Closed,,False,0.07694444444444444,22.31861111111111,20.17972222222222,39.827777777777776,0.0,87.03694444444444,82.40305555555555,82.40305555555555,120,2026-08-04 17:51:50,1.0,False,False,,False,Thursday,2026-07-27,,True,False
TKT-100092,2026-07-31 13:19:20,2026-07-31 13:27:56,2026-07-31 13:30:45,2026-07-31 17:50:26,2026-07-31 17:50:26,0,False,,,IT Support,IT Support,2026-07-31 13:30:45,0.0,0,1,STU25058,walk_in,Medium,False,IT Support,Closed,,False,0.14333333333333334,0.04694444444444444,0.0,4.328055555555555,0.0,4.5183333333333335,4.5183333333333335,4.5183333333333335,72,2026-08-03 13:19:20,1.0,False,False,,False,Friday,2026-07-27,,True,False
TKT-100093,2026-07-31 17:58:36,2026-07-31 18:02:20,2026-08-02 22:17:45,2026-08-10 09:00:00,2026-08-10 09:00:00,0,False,2026-08-03 10:00:00,2026-08-01 18:02:20,Academics & Exams,Academics & Exams,2026-08-02 22:17:45,0.0,3,1,STU24382,portal,Medium,False,Academics & Exams,Closed,4.0,False,0.06222222222222222,52.25694444444444,0.0,178.70416666666668,0.0,231.02333333333334,231.02333333333334,231.02333333333334,72,2026-08-03 17:58:36,0.0,True,True,64.02333333333333,False,Friday,2026-07-27,,True,False
TKT-100094,2026-07-31 16:42:35,2026-08-01 09:04:08,2026-08-01 18:48:44,2026-08-06 10:17:02,2026-08-06 10:17:02,0,False,2026-08-03 10:00:00,,Hostel & Maintenance,Hostel & Maintenance,2026-08-01 18:48:44,0.0,8,1,STU24237,email,Medium,False,Hostel & Maintenance,Closed,,True,16.359166666666667,9.743333333333334,0.0,111.47166666666666,0.0,137.57416666666666,137.57416666666666,137.57416666666666,72,2026-08-03 16:42:35,0.0,True,False,65.29027777777777,False,Friday,2026-07-27,,True,False
TKT-100095,2026-07-31 07:45:33,2026-07-31 07:58:35,2026-07-31 10:08:28,2026-08-01 12:20:07,2026-08-01 12:20:07,0,False,,,IT Support,IT Support,2026-07-31 10:08:28,7.681666666666667,1,1,STU25644,portal,Medium,False,IT Support,Closed,,False,0.21722222222222223,2.164722222222222,0.0,18.512500000000003,0.0,28.57611111111111,20.894444444444446,20.894444444444446,72,2026-08-03 07:45:33,1.0,False,False,,False,Friday,2026-07-27,,True,False
TKT-100096,2026-07-31 09:54:43,2026-07-31 09:57:21,2026-07-31 11:19:56,2026-08-01 10:22:25,2026-08-01 10:22:25,0,False,,,IT Support,IT Support,2026-07-31 11:19:56,0.0,1,1,STU24463,walk_in,Low,False,IT Support,Closed,,False,0.04388888888888889,1.3763888888888889,0.0,23.04138888888889,0.0,24.461666666666666,24.461666666666666,24.461666666666666,120,2026-08-05 09:54:43,1.0,False,False,,False,Friday,2026-07-27,,True,False
TKT-100097,2026-07-31 17:01:04,2026-08-01 09:47:51,2026-08-03 05:53:07,2026-08-04 09:00:00,2026-08-04 09:00:00,0,False,2026-08-03 10:00:00,2026-08-02 09:47:51,Academics & Exams,Academics & Exams,2026-08-03 05:53:07,8.136666666666667,2,1,STU24226,email,Medium,True,Academics & Exams,Closed,5.0,True,16.779722222222222,44.08777777777778,0.0,18.978055555555557,0.0,87.98222222222222,79.84555555555555,79.84555555555555,72,2026-08-03 17:01:04,0.0,True,True,64.98222222222222,False,Friday,2026-07-27,,True,False
TKT-100098,2026-07-31 14:39:40,2026-07-31 14:45:33,2026-08-01 09:53:33,2026-08-03 12:13:29,2026-08-03 12:13:29,1,False,2026-08-03 10:00:00,,Library,IT Support,2026-08-01 12:33:10,0.0,4,2,STU24224,portal,Medium,False,Library,Closed,,False,0.09805555555555556,19.133333333333333,2.660277777777778,47.67194444444444,0.0,69.56361111111111,69.56361111111111,69.56361111111111,72,2026-08-03 14:39:40,1.0,True,False,67.33888888888889,False,Friday,2026-07-27,,True,False
TKT-100099,2026-07-31 08:43:21,2026-07-31 08:46:10,2026-07-31 09:00:05,2026-08-01 09:10:46,2026-08-01 09:10:46,0,False,,,Hostel & Maintenance,Hostel & Maintenance,2026-07-31 09:00:05,0.0,0,1,STU24698,portal,Medium,False,Hostel & Maintenance,Closed,,False,0.04694444444444444,0.23194444444444445,0.0,24.178055555555556,0.0,24.456944444444446,24.456944444444446,24.456944444444446,72,2026-08-03 08:43:21,1.0,False,False,,False,Friday,2026-07-27,,True,False
TKT-100100,2026-07-31 18:16:08,2026-08-01 11:20:45,2026-08-01 12:36:40,2026-08-03 12:30:22,2026-08-03 12:30:22,0,False,2026-08-03 10:00:00,,IT Support,IT Support,2026-08-01 12:36:40,4.97,2,1,STU25280,email,Medium,True,IT Support,Closed,4.0,True,17.076944444444443,1.2652777777777777,0.0,42.925000000000004,0.0,66.23722222222223,61.26722222222223,61.26722222222223,72,2026-08-03 18:16:08,1.0,True,False,63.73111111111111,False,Friday,2026-07-27,,True,False
TKT-100101,2026-07-31 13:46:24,2026-07-31 13:49:04,2026-07-31 17:42:14,,,0,False,,,Hostel & Maintenance,Hostel & Maintenance,2026-07-31 17:42:14,0.0,1,1,STU24788,portal,Low,False,Hostel & Maintenance,Closed - No Response,,False,0.044444444444444446,3.886111111111111,0.0,,,,,,120,2026-08-05 13:46:24,,False,False,,False,Friday,2026-07-27,closed - student never replied,False,False
TKT-100102,2026-07-31 10:13:44,2026-07-31 10:54:46,2026-07-31 14:50:29,2026-08-04 09:00:00,2026-08-06 10:57:06,0,True,2026-08-03 10:00:00,,Academics & Exams,Academics & Exams,2026-07-31 14:50:29,0.0,4,1,STU24826,email,Medium,False,Academics & Exams,Closed,,True,0.6838888888888889,3.928611111111111,0.0,90.15861111111111,49.95166666666667,144.72277777777776,144.72277777777776,94.77111111111111,72,2026-08-03 10:13:44,0.0,True,False,71.77111111111111,False,Friday,2026-07-27,,True,False
TKT-100103,2026-07-31 14:19:12,2026-07-31 14:30:40,2026-07-31 16:04:48,2026-08-01 09:13:29,2026-08-01 09:13:29,0,False,,,IT Support,IT Support,2026-07-31 16:04:48,5.095,0,1,STU24254,portal,Medium,False,IT Support,Closed,,False,0.19111111111111112,1.568888888888889,0.0,12.049722222222222,0.0,18.904722222222222,13.809722222222224,13.809722222222224,72,2026-08-03 14:19:12,1.0,False,False,,False,Friday,2026-07-27,,True,False
TKT-100104,2026-07-31 09:52:00,2026-07-31 10:05:19,2026-07-31 13:04:57,2026-08-03 13:11:07,2026-08-03 13:11:07,1,False,2026-08-03 10:00:00,,IT Support,Hostel & Maintenance,2026-07-31 14:05:49,0.0,2,2,STU24506,portal,Medium,False,IT Support,Closed,,False,0.22194444444444444,2.993888888888889,1.0144444444444445,71.08833333333334,0.0,75.31861111111111,75.31861111111111,75.31861111111111,72,2026-08-03 09:52:00,0.0,True,False,72.13333333333334,True,Friday,2026-07-27,,True,False
TKT-100105,2026-07-31 22:17:32,2026-08-01 11:37:14,2026-08-03 05:04:12,2026-08-04 09:00:00,2026-08-06 12:28:42,0,True,2026-08-03 10:00:00,2026-08-02 11:37:14,Fees & Finance,Fees & Finance,2026-08-03 05:04:12,0.0,5,1,STU25018,email,High,False,Fees & Finance,Closed,,True,13.328333333333333,41.449444444444445,0.0,27.93,51.47833333333333,134.1861111111111,134.1861111111111,82.70777777777778,24,2026-08-01 22:17:32,0.0,True,True,59.70777777777778,True,Friday,2026-07-27,,True,False
TKT-100106,2026-07-31 14:39:15,2026-08-01 10:27:26,2026-08-01 11:05:31,2026-08-03 13:32:42,2026-08-03 13:32:42,0,False,2026-08-03 10:00:00,,Hostel & Maintenance,Hostel & Maintenance,2026-08-01 11:05:31,4.145555555555555,2,1,STU24021,email,Medium,False,Hostel & Maintenance,Closed,,True,19.803055555555556,0.6347222222222222,0.0,46.307500000000005,0.0,70.89083333333333,66.74527777777777,66.74527777777777,72,2026-08-03 14:39:15,1.0,True,False,67.34583333333333,False,Friday,2026-07-27,,True,False
TKT-100107,2026-07-31 18:34:11,2026-08-01 11:40:26,2026-08-01 17:52:37,2026-08-05 16:56:08,2026-08-05 16:56:08,0,False,2026-08-03 10:00:00,,Hostel & Maintenance,Hostel & Maintenance,2026-08-01 17:52:37,22.454722222222223,3,1,STU24927,portal,Medium,False,Hostel & Maintenance,Closed,2.0,True,17.104166666666668,6.203055555555555,0.0,72.60388888888889,0.0,118.36583333333333,95.9111111111111,95.9111111111111,72,2026-08-03 18:34:11,0.0,True,False,63.430277777777775,False,Friday,2026-07-27,,True,False
TKT-100108,2026-07-31 19:57:41,2026-07-31 20:04:09,2026-08-01 08:45:33,2026-08-04 08:00:00,2026-08-04 08:00:00,0,False,2026-08-03 10:00:00,,Hostel & Maintenance,Hostel & Maintenance,2026-08-01 08:45:33,0.0,2,1,STU24092,portal,High,False,Hostel & Maintenance,Closed,,False,0.10777777777777778,12.69,0.0,71.24083333333333,0.0,84.03861111111111,84.03861111111111,84.03861111111111,24,2026-08-01 19:57:41,0.0,True,False,62.03861111111111,True,Friday,2026-07-27,,True,False
TKT-100109,2026-07-31 22:28:33,2026-07-31 22:41:55,2026-08-02 23:08:58,2026-08-05 08:00:00,2026-08-05 08:00:00,0,False,2026-08-03 10:00:00,2026-08-01 22:41:55,Hostel & Maintenance,Hostel & Maintenance,2026-08-02 23:08:58,14.844444444444445,5,1,STU25406,portal,High,False,Hostel & Maintenance,Closed,,False,0.22277777777777777,48.450833333333335,0.0,42.00611111111111,0.0,105.52416666666667,90.67972222222222,90.67972222222222,24,2026-08-01 22:28:33,0.0,True,True,59.524166666666666,True,Friday,2026-07-27,,True,False
TKT-100110,2026-07-31 22:06:06,2026-07-31 22:20:50,2026-08-01 11:11:32,2026-08-03 10:05:39,2026-08-03 10:05:39,0,False,2026-08-03 10:00:00,,Library,Library,2026-08-01 11:11:32,8.106666666666667,2,1,STU25525,portal,Medium,False,Library,Closed,,False,0.24555555555555555,12.845,0.0,38.79527777777778,0.0,59.9925,51.88583333333333,51.88583333333333,72,2026-08-03 22:06:06,1.0,True,False,59.89833333333333,False,Friday,2026-07-27,,True,False
TKT-100111,2026-07-31 14:02:22,2026-07-31 16:47:35,2026-08-03 16:03:55,2026-08-04 09:00:00,2026-08-04 09:00:00,0,False,2026-08-03 10:00:00,2026-08-01 16:47:35,Academics & Exams,Academics & Exams,2026-08-03 16:03:55,0.0,6,1,STU24560,email,Low,False,Academics & Exams,Closed,,True,2.7536111111111112,71.27222222222223,0.0,16.934722222222224,0.0,90.96055555555556,90.96055555555556,90.96055555555556,120,2026-08-05 14:02:22,1.0,True,True,67.96055555555556,False,Friday,2026-07-27,,True,False
TKT-100112,2026-07-31 19:36:20,2026-08-01 12:47:12,2026-08-03 03:53:27,2026-08-04 09:00:00,2026-08-05 15:30:45,0,True,2026-08-03 10:00:00,2026-08-02 12:47:12,Fees & Finance,Fees & Finance,2026-08-03 03:53:27,0.0,2,1,STU24177,email,Medium,True,Fees & Finance,Closed,,True,17.18111111111111,39.104166666666664,0.0,29.109166666666667,30.5125,115.90694444444445,115.90694444444445,85.39444444444445,72,2026-08-03 19:36:20,0.0,True,True,62.394444444444446,False,Friday,2026-07-27,,True,False
TKT-100113,2026-07-31 09:42:00,2026-07-31 09:55:48,2026-07-31 15:55:33,2026-08-01 15:17:20,2026-08-01 15:17:20,0,False,,,Hostel & Maintenance,Hostel & Maintenance,2026-07-31 15:55:33,0.0,0,1,STU25312,walk_in,Medium,False,Hostel & Maintenance,Closed,,False,0.23,5.995833333333334,0.0,23.363055555555555,0.0,29.58888888888889,29.58888888888889,29.58888888888889,72,2026-08-03 09:42:00,1.0,False,False,,False,Friday,2026-07-27,,True,False
TKT-100114,2026-07-31 12:22:58,2026-07-31 12:26:57,2026-08-03 15:08:23,2026-08-05 09:28:23,2026-08-05 09:28:23,0,False,2026-08-03 10:00:00,2026-08-01 12:26:57,Academics & Exams,Academics & Exams,2026-08-03 15:08:23,0.0,5,1,STU24595,portal,Medium,False,Academics & Exams,Closed,,False,0.06638888888888889,74.69055555555556,0.0,42.333333333333336,0.0,117.09027777777777,117.09027777777777,117.09027777777777,72,2026-08-03 12:22:58,0.0,True,True,69.61722222222222,False,Friday,2026-07-27,,True,False
TKT-100115,2026-07-31 10:47:56,2026-07-31 11:01:41,2026-08-04 08:59:43,2026-08-08 09:03:59,2026-08-08 09:03:59,2,False,2026-08-03 10:00:00,2026-08-01 11:01:41,Fees & Finance,Hostel & Maintenance,2026-08-07 09:13:54,9.844166666666666,5,3,STU25581,portal,Medium,False,Fees & Finance,Closed,,False,0.22916666666666666,93.96722222222222,72.23638888888888,13.990555555555556,0.0,190.2675,180.42333333333335,180.42333333333335,72,2026-08-03 10:47:56,0.0,True,True,71.20111111111112,False,Friday,2026-07-27,,True,False
TKT-100116,2026-07-31 10:01:39,2026-07-31 12:22:49,2026-07-31 14:48:18,2026-08-03 14:01:58,2026-08-03 14:01:58,0,False,2026-08-03 10:00:00,,Hostel & Maintenance,Hostel & Maintenance,2026-07-31 14:48:18,37.57388888888889,1,1,STU25723,email,Medium,False,Hostel & Maintenance,Closed,5.0,True,2.352777777777778,2.424722222222222,0.0,33.653888888888886,0.0,76.00527777777778,38.43138888888889,38.43138888888889,72,2026-08-03 10:01:39,1.0,True,False,71.9725,False,Friday,2026-07-27,,True,False
TKT-100117,2026-07-31 13:54:07,2026-08-01 09:18:52,2026-08-01 11:36:04,2026-08-01 17:57:06,2026-08-01 17:57:06,0,False,,,IT Support,IT Support,2026-08-01 11:36:04,0.0,0,1,STU24790,email,Medium,False,IT Support,Closed,5.0,True,19.4125,2.2866666666666666,0.0,6.350555555555555,0.0,28.049722222222222,28.049722222222222,28.049722222222222,72,2026-08-03 13:54:07,1.0,False,False,,False,Friday,2026-07-27,,True,False
TKT-100118,2026-07-31 14:39:35,2026-07-31 15:40:54,2026-08-02 23:52:21,2026-08-03 13:49:16,2026-08-03 13:49:16,0,False,2026-08-03 10:00:00,2026-08-01 15:40:54,Academics & Exams,Academics & Exams,2026-08-02 23:52:21,0.0,4,1,STU24988,email,Medium,False,Academics & Exams,Closed,,True,1.0219444444444445,56.19083333333333,0.0,13.948611111111111,0.0,71.1613888888889,71.1613888888889,71.1613888888889,72,2026-08-03 14:39:35,1.0,True,True,67.34027777777777,False,Friday,2026-07-27,,True,False
TKT-100119,2026-07-31 11:40:16,2026-07-31 11:50:56,2026-07-31 12:02:15,2026-08-06 09:00:00,2026-08-06 09:00:00,1,False,2026-08-03 10:00:00,,Hostel & Maintenance,Fees & Finance,2026-08-04 12:56:12,0.0,6,2,STU24849,portal,Medium,False,Hostel & Maintenance,Closed,,False,0.17777777777777778,0.18861111111111112,96.89916666666667,44.06333333333333,0.0,141.32888888888888,141.32888888888888,141.32888888888888,72,2026-08-03 11:40:16,0.0,True,False,70.32888888888888,False,Friday,2026-07-27,,True,False
TKT-100120,2026-07-31 14:51:10,2026-08-01 09:19:19,2026-08-03 04:13:02,2026-08-05 10:09:28,2026-08-05 10:09:28,0,False,2026-08-03 10:00:00,2026-08-02 09:19:19,Hostel & Maintenance,Hostel & Maintenance,2026-08-03 04:13:02,0.0,4,1,STU24976,email,Medium,False,Hostel & Maintenance,Closed,,True,18.469166666666666,42.89527777777778,0.0,53.940555555555555,0.0,115.305,115.305,115.305,72,2026-08-03 14:51:10,0.0,True,True,67.14722222222223,False,Friday,2026-07-27,,True,False
TKT-100121,2026-08-06 12:14:00,2026-08-01 12:23:05,2026-08-03 07:58:39,2026-08-04 12:42:44,2026-08-04 12:42:44,0,False,2026-08-04 10:00:00,2026-08-02 12:23:05,Fees & Finance,Fees & Finance,2026-08-03 07:58:39,0.0,1,1,STU24424,walk_in,Medium,False,Fees & Finance,Closed,2.0,False,-119.84861111111111,43.592777777777776,0.0,28.73472222222222,0.0,-47.52111111111111,-47.52111111111111,-47.52111111111111,72,2026-08-09 12:14:00,1.0,True,True,-50.233333333333334,False,Thursday,2026-08-03,chronology violation (clock skew),False,False
TKT-100122,2026-08-01 09:24:41,2026-08-01 09:30:15,2026-08-04 11:50:02,2026-08-06 09:00:00,2026-08-06 09:00:00,0,False,2026-08-03 10:00:00,2026-08-02 09:30:15,Fees & Finance,Fees & Finance,2026-08-04 11:50:02,2.951388888888889,3,1,STU24633,portal,Medium,False,Fees & Finance,Closed,,False,0.09277777777777778,74.32972222222222,0.0,42.21472222222223,0.0,119.5886111111111,116.63722222222222,116.63722222222222,72,2026-08-04 09:24:41,0.0,True,True,48.58861111111111,False,Saturday,2026-07-27,,True,False
TKT-100123,2026-08-01 11:43:47,2026-08-01 11:53:21,2026-08-01 12:04:12,2026-08-01 17:10:40,2026-08-01 17:10:40,0,False,,,IT Support,IT Support,2026-08-01 12:04:12,0.0,0,1,STU24609,portal,Low,False,IT Support,Closed,,False,0.15944444444444444,0.18083333333333335,0.0,5.107777777777778,0.0,5.448055555555555,5.448055555555555,5.448055555555555,120,2026-08-06 11:43:47,1.0,False,False,,False,Saturday,2026-07-27,,True,False
TKT-100124,2026-08-01 06:54:11,2026-08-01 11:44:45,2026-08-01 16:03:56,2026-08-03 09:24:12,2026-08-03 09:24:12,0,False,,,Hostel & Maintenance,Hostel & Maintenance,2026-08-01 16:03:56,0.0,2,1,STU25491,email,High,False,Hostel & Maintenance,Closed,,True,4.842777777777778,4.3197222222222225,0.0,41.33777777777778,0.0,50.500277777777775,50.500277777777775,50.500277777777775,24,2026-08-02 06:54:11,0.0,False,False,,False,Saturday,2026-07-27,,True,False
TKT-100125,2026-08-01 08:02:39,2026-08-01 08:11:08,2026-08-03 04:58:17,2026-08-03 15:23:57,2026-08-03 15:23:57,0,False,2026-08-03 10:00:00,2026-08-02 08:11:08,Hostel & Maintenance,Hostel & Maintenance,2026-08-03 04:58:17,5.5311111111111115,0,1,STU25137,portal,Medium,False,Hostel & Maintenance,Closed,,False,0.1413888888888889,44.785833333333336,0.0,4.896666666666666,0.0,55.355,49.82388888888889,49.82388888888889,72,2026-08-04 08:02:39,1.0,True,True,49.95583333333333,False,Saturday,2026-07-27,,True,False
TKT-100126,2026-08-01 12:21:21,2026-08-01 12:31:00,2026-08-04 14:43:46,2026-08-06 09:00:00,2026-08-06 09:00:00,0,False,2026-08-04 10:00:00,2026-08-02 12:31:00,Fees & Finance,Fees & Finance,2026-08-04 14:43:46,0.0,6,1,STU24007,walk_in,Medium,False,Fees & Finance,Closed,,False,0.16083333333333333,74.21277777777777,0.0,42.27055555555555,0.0,116.64416666666666,116.64416666666666,116.64416666666666,72,2026-08-04 12:21:21,0.0,True,True,69.64416666666666,False,Saturday,2026-07-27,,True,False
TKT-100127,2026-08-01 10:57:17,2026-08-01 11:06:05,2026-08-01 15:57:03,2026-08-04 14:31:24,2026-08-04 14:31:24,0,False,2026-08-04 10:00:00,,Hostel & Maintenance,Hostel & Maintenance,2026-08-01 15:57:03,0.0,1,1,STU24205,portal,Medium,False,Hostel & Maintenance,Closed,,False,0.14666666666666667,4.849444444444444,0.0,70.5725,0.0,75.56861111111111,75.56861111111111,75.56861111111111,72,2026-08-04 10:57:17,0.0,True,False,71.04527777777778,False,Saturday,2026-07-27,,True,False
TKT-100128,2026-08-01 10:43:21,2026-08-01 10:50:08,2026-08-01 19:05:03,2026-08-12 09:00:00,2026-08-12 09:00:00,1,False,2026-08-04 10:00:00,,Hostel & Maintenance,Fees & Finance,2026-08-10 12:06:58,12.313055555555556,7,2,STU24973,portal,Medium,False,Hostel & Maintenance,Closed,,False,0.11305555555555556,8.248611111111112,209.03194444444443,32.57083333333333,0.0,262.2775,249.9644444444444,249.9644444444444,72,2026-08-04 10:43:21,0.0,True,False,71.2775,False,Saturday,2026-07-27,,True,False
TKT-100129,2026-08-01 06:14:46,2026-08-01 10:08:14,2026-08-03 20:14:41,2026-08-05 09:00:00,2026-08-05 09:00:00,0,False,2026-08-03 10:00:00,2026-08-02 10:08:14,Academics & Exams,Academics & Exams,2026-08-03 20:14:41,0.0,6,1,STU25596,email,Low,False,Academics & Exams,Closed,5.0,True,3.891111111111111,58.1075,0.0,36.75527777777778,0.0,98.7538888888889,98.7538888888889,98.7538888888889,120,2026-08-06 06:14:46,1.0,True,True,51.75388888888889,False,Saturday,2026-07-27,,True,False
TKT-100130,2026-08-01 21:54:57,2026-08-03 11:13:37,2026-08-03 12:50:44,2026-08-03 13:23:58,2026-08-03 13:23:58,0,False,,,IT Support,IT Support,2026-08-03 12:50:44,0.0,1,1,STU24079,email,Medium,True,IT Support,Closed,5.0,True,37.31111111111111,1.618611111111111,0.0,0.5538888888888889,0.0,39.48361111111111,39.48361111111111,39.48361111111111,72,2026-08-04 21:54:57,1.0,False,False,,False,Saturday,2026-07-27,,True,False
TKT-100131,2026-08-01 12:34:37,2026-08-01 12:42:26,2026-08-01 15:07:25,2026-08-03 10:54:12,2026-08-03 10:54:12,0,False,,,IT Support,IT Support,2026-08-01 15:07:25,0.0,1,1,STU25767,portal,Low,False,IT Support,Closed,,False,0.13027777777777777,2.4163888888888887,0.0,43.77972222222222,0.0,46.326388888888886,46.326388888888886,46.326388888888886,120,2026-08-06 12:34:37,1.0,False,False,,False,Saturday,2026-07-27,,True,False
TKT-100132,2026-08-01 00:24:42,2026-08-01 09:48:22,2026-08-03 07:34:28,2026-08-04 16:31:24,2026-08-04 16:31:24,0,False,2026-08-03 10:00:00,2026-08-02 09:48:22,Hostel & Maintenance,Hostel & Maintenance,2026-08-03 07:34:28,0.0,5,1,STU25782,portal,High,False,Hostel & Maintenance,Closed,2.0,True,9.394444444444444,45.76833333333333,0.0,32.94888888888889,0.0,88.11166666666666,88.11166666666666,88.11166666666666,24,2026-08-02 00:24:42,0.0,True,True,57.58833333333333,True,Saturday,2026-07-27,,True,False
TKT-100133,2026-08-01 17:09:13,2026-08-01 17:22:48,2026-08-03 05:12:36,2026-08-05 08:00:00,2026-08-05 08:00:00,0,False,2026-08-04 10:00:00,2026-08-02 17:22:48,Hostel & Maintenance,Hostel & Maintenance,2026-08-03 05:12:36,0.0,3,1,STU24782,email,Low,False,Hostel & Maintenance,Closed,,False,0.2263888888888889,35.83,0.0,50.79,0.0,86.8463888888889,86.8463888888889,86.8463888888889,120,2026-08-06 17:09:13,1.0,True,True,64.8463888888889,False,Saturday,2026-07-27,,True,False
TKT-100134,2026-08-01 10:09:41,2026-08-01 13:16:58,2026-08-01 18:01:53,2026-08-03 08:48:27,2026-08-03 08:48:27,0,False,,,IT Support,IT Support,2026-08-01 18:01:53,0.0,0,1,STU25336,portal,High,False,IT Support,Closed,,True,3.1213888888888888,4.748611111111111,0.0,38.77611111111111,0.0,46.64611111111111,46.64611111111111,46.64611111111111,24,2026-08-02 10:09:41,0.0,False,False,,False,Saturday,2026-07-27,,True,False
TKT-100135,2026-08-01 08:00:51,2026-08-01 08:04:21,2026-08-01 09:37:05,2026-08-01 10:16:31,2026-08-03 09:05:14,0,True,,,IT Support,IT Support,2026-08-01 09:37:05,0.0,2,1,STU24808,portal,Medium,False,IT Support,Closed,,False,0.058333333333333334,1.5455555555555556,0.0,0.6572222222222223,46.81194444444444,49.073055555555555,49.073055555555555,2.261111111111111,72,2026-08-04 08:00:51,1.0,False,False,,False,Saturday,2026-07-27,,True,False
TKT-100136,2026-08-01 09:55:44,2026-08-01 10:02:00,2026-08-01 13:44:04,2026-08-01 19:20:11,2026-08-01 19:20:11,0,False,,,Hostel & Maintenance,Hostel & Maintenance,2026-08-01 13:44:04,1.8322222222222222,0,1,STU25419,portal,Medium,False,Hostel & Maintenance,Closed,,False,0.10444444444444445,3.701111111111111,0.0,3.769722222222222,0.0,9.4075,7.575277777777778,7.575277777777778,72,2026-08-04 09:55:44,1.0,False,False,,False,Saturday,2026-07-27,,True,False
TKT-100137,2026-08-02 17:55:54,2026-08-03 13:22:50,2026-08-05 03:14:35,2026-08-05 11:39:56,2026-08-05 11:39:56,0,False,2026-08-05 10:00:00,2026-08-04 13:22:50,Academics & Exams,Academics & Exams,2026-08-05 03:14:35,0.0,1,1,STU25342,email,Medium,False,Academics & Exams,Closed,,True,19.448888888888888,37.8625,0.0,8.4225,0.0,65.73388888888888,65.73388888888888,65.73388888888888,72,2026-08-05 17:55:54,1.0,True,True,64.06833333333333,False,Sunday,2026-07-27,,True,False
TKT-100138,2026-08-02 11:25:58,2026-08-02 11:35:00,2026-08-04 19:23:31,2026-08-05 10:38:46,2026-08-05 10:38:46,0,False,2026-08-05 10:00:00,2026-08-03 11:35:00,Academics & Exams,Academics & Exams,2026-08-04 19:23:31,0.0,1,1,STU24652,portal,Medium,False,Academics & Exams,Closed,,False,0.15055555555555555,55.80861111111111,0.0,15.254166666666666,0.0,71.21333333333334,71.21333333333334,71.21333333333334,72,2026-08-05 11:25:58,1.0,True,True,70.56722222222223,False,Sunday,2026-07-27,,True,False
TKT-100139,2026-08-02 15:11:13,2026-08-02 15:17:43,2026-08-03 16:25:44,2026-08-04 19:42:33,2026-08-04 19:42:33,1,False,,2026-08-03 15:17:43,Library,IT Support,2026-08-04 17:34:57,0.0,2,2,STU25426,portal,Medium,False,Library,Closed,,False,0.10833333333333334,25.13361111111111,25.15361111111111,2.1266666666666665,0.0,52.522222222222226,52.522222222222226,52.522222222222226,72,2026-08-05 15:11:13,1.0,False,True,,False,Sunday,2026-07-27,,True,False
TKT-100140,2026-08-02 07:12:32,2026-08-02 07:24:45,2026-08-04 21:07:15,2026-08-13 15:45:14,2026-08-13 15:45:14,0,False,2026-08-04 10:00:00,2026-08-03 07:24:45,Academics & Exams,Academics & Exams,2026-08-04 21:07:15,10.004166666666666,6,1,STU24429,portal,Medium,False,Academics & Exams,Closed,,False,0.2036111111111111,61.708333333333336,0.0,200.6288888888889,0.0,272.545,262.54083333333335,262.54083333333335,72,2026-08-05 07:12:32,0.0,True,True,50.791111111111114,False,Sunday,2026-07-27,,True,False
TKT-100141,2026-08-02 13:08:58,2026-08-03 13:09:06,2026-08-05 06:39:35,2026-08-06 09:00:00,2026-08-06 09:00:00,0,False,2026-08-05 10:00:00,2026-08-04 13:09:06,Fees & Finance,Fees & Finance,2026-08-05 06:39:35,0.0,3,1,STU24188,email,Medium,True,Fees & Finance,Closed,,True,24.002222222222223,41.50805555555556,0.0,26.34027777777778,0.0,91.85055555555556,91.85055555555556,91.85055555555556,72,2026-08-05 13:08:58,0.0,True,True,68.85055555555556,False,Sunday,2026-07-27,,True,False
TKT-100142,2026-08-02 11:03:32,2026-08-03 09:53:18,2026-08-03 17:13:08,2026-08-05 10:24:49,2026-08-05 10:24:49,1,False,2026-08-05 10:00:00,,Hostel & Maintenance,Academics & Exams,2026-08-05 09:30:27,0.0,1,2,STU24838,email,Medium,True,Hostel & Maintenance,Closed,,True,22.829444444444444,7.330555555555556,40.28861111111111,0.9061111111111111,0.0,71.35472222222222,71.35472222222222,71.35472222222222,72,2026-08-05 11:03:32,1.0,True,False,70.94111111111111,False,Sunday,2026-07-27,,True,False
TKT-100143,2026-08-02 08:31:31,2026-08-03 12:36:17,2026-08-03 16:25:08,2026-08-03 18:45:00,2026-08-03 18:45:00,0,False,,,IT Support,IT Support,2026-08-03 16:25:08,0.0,4,1,STU24801,email,Medium,True,IT Support,Closed,5.0,True,28.079444444444444,3.8141666666666665,0.0,2.331111111111111,0.0,34.22472222222222,34.22472222222222,34.22472222222222,72,2026-08-05 08:31:31,1.0,False,False,,False,Sunday,2026-07-27,,True,False
TKT-100144,2026-08-02 11:39:22,2026-08-03 12:38:10,2026-08-03 17:42:07,2026-08-05 15:58:23,2026-08-05 15:58:23,0,False,2026-08-05 10:00:00,,Hostel & Maintenance,Hostel & Maintenance,2026-08-03 17:42:07,12.071111111111112,1,1,STU24368,email,Medium,True,Hostel & Maintenance,Closed,,True,24.98,5.065833333333333,0.0,34.2,0.0,76.31694444444445,64.24583333333334,64.24583333333334,72,2026-08-05 11:39:22,1.0,True,False,70.34388888888888,False,Sunday,2026-07-27,,True,False
TKT-100145,2026-08-02 14:19:44,2026-08-02 14:20:46,2026-08-04 03:41:47,2026-08-10 09:00:00,2026-08-10 09:00:00,0,False,2026-08-05 10:00:00,2026-08-03 14:20:46,Fees & Finance,Fees & Finance,2026-08-04 03:41:47,0.0,8,1,STU24069,portal,Medium,False,Fees & Finance,Closed,4.0,False,0.017222222222222222,37.35027777777778,0.0,149.3036111111111,0.0,186.67111111111112,186.67111111111112,186.67111111111112,72,2026-08-05 14:19:44,0.0,True,True,67.67111111111112,False,Sunday,2026-07-27,,True,False
TKT-100146,2026-08-02 22:29:52,2026-08-03 13:29:38,2026-08-03 16:25:11,2026-08-03 18:11:39,2026-08-03 18:11:39,0,False,,,IT Support,IT Support,2026-08-03 16:25:11,0.0,0,1,STU25016,email,Medium,True,IT Support,Closed,,True,14.99611111111111,2.9258333333333333,0.0,1.7744444444444445,0.0,19.69638888888889,19.69638888888889,19.69638888888889,72,2026-08-05 22:29:52,1.0,False,False,,False,Sunday,2026-07-27,,True,False
TKT-100147,2026-08-02 09:48:05,2026-08-02 09:54:03,2026-08-05 12:23:00,2026-08-06 15:12:14,2026-08-06 15:12:14,0,False,2026-08-04 10:00:00,2026-08-03 09:54:03,Fees & Finance,Fees & Finance,2026-08-05 12:23:00,0.0,0,1,STU24396,portal,Medium,False,Fees & Finance,Closed,3.0,False,0.09944444444444445,74.4825,0.0,26.820555555555554,0.0,101.4025,101.4025,101.4025,72,2026-08-05 09:48:05,0.0,True,True,48.19861111111111,False,Sunday,2026-07-27,,True,False
TKT-100148,2026-08-02 19:44:11,2026-08-03 12:44:22,2026-08-03 16:01:43,2026-08-04 15:23:48,2026-08-04 15:23:48,0,False,,,Hostel & Maintenance,Hostel & Maintenance,2026-08-03 16:01:43,0.0,2,1,STU24549,email,Medium,True,Hostel & Maintenance,Closed,4.0,True,17.003055555555555,3.2891666666666666,0.0,23.368055555555557,0.0,43.66027777777778,43.66027777777778,43.66027777777778,72,2026-08-05 19:44:11,1.0,False,False,,False,Sunday,2026-07-27,,True,False
TKT-100149,2026-08-02 10:06:53,2026-08-03 12:43:57,2026-08-05 07:54:48,2026-08-07 09:00:00,2026-08-07 09:00:00,0,False,2026-08-05 10:00:00,2026-08-04 12:43:57,Fees & Finance,Fees & Finance,2026-08-05 07:54:48,13.072777777777778,6,1,STU24325,portal,Medium,False,Unknown,Closed,,True,26.61777777777778,43.18083333333333,0.0,36.013888888888886,0.0,118.88527777777777,105.8125,105.8125,72,2026-08-05 10:06:53,0.0,True,True,71.88527777777777,False,Sunday,2026-07-27,,True,False
TKT-100150,2026-08-02 15:36:10,2026-08-03 09:17:32,2026-08-03 18:36:02,2026-08-04 15:14:56,2026-08-04 15:14:56,0,False,,,Hostel & Maintenance,Hostel & Maintenance,2026-08-03 18:36:02,0.0,1,1,STU24579,email,Low,False,Hostel & Maintenance,Closed,,True,17.689444444444444,9.308333333333334,0.0,20.648333333333333,0.0,47.64611111111111,47.64611111111111,47.64611111111111,120,2026-08-07 15:36:10,1.0,False,False,,False,Sunday,2026-07-27,,True,False
TKT-100151,2026-08-02 22:49:55,2026-08-03 10:29:13,2026-08-03 11:21:02,,,1,False,,,IT Support,Hostel & Maintenance,2026-08-06 09:44:46,0.0,9,2,STU25655,portal,Medium,False,IT Support,Closed - No Response,,True,11.655,0.8636111111111111,70.39555555555556,,,,,,72,2026-08-05 22:49:55,,False,False,,False,Sunday,2026-07-27,closed - student never replied,False,False
TKT-100152,2026-08-03 22:20:30,2026-08-03 22:29:13,2026-08-04 14:57:50,2026-08-05 08:48:07,2026-08-05 08:48:07,0,False,,,IT Support,IT Support,2026-08-04 14:57:50,0.0,1,1,STU25482,portal,Low,False,IT Support,Closed,,False,0.14527777777777778,16.476944444444445,0.0,17.838055555555556,0.0,34.460277777777776,34.460277777777776,34.460277777777776,120,2026-08-08 22:20:30,1.0,False,False,,False,Monday,2026-08-03,,True,False
TKT-100153,2026-08-03 15:45:21,2026-08-03 17:06:54,2026-08-04 13:25:50,2026-08-07 14:44:54,2026-08-07 14:44:54,0,False,2026-08-06 10:00:00,,Hostel & Maintenance,Hostel & Maintenance,2026-08-04 13:25:50,0.0,0,1,STU24831,email,Medium,False,Hostel & Maintenance,Closed,3.0,True,1.3591666666666666,20.315555555555555,0.0,73.31777777777778,0.0,94.9925,94.9925,94.9925,72,2026-08-06 15:45:21,0.0,True,False,66.24416666666667,False,Monday,2026-08-03,,True,False
TKT-100154,2026-08-03 19:01:41,2026-08-03 19:05:34,2026-08-05 09:50:07,2026-08-05 14:12:03,2026-08-05 14:12:03,0,False,,2026-08-04 19:05:34,Library,Library,2026-08-05 09:50:07,0.0,1,1,STU25673,portal,Low,False,Library,Closed,,False,0.06472222222222222,38.7425,0.0,4.365555555555556,0.0,43.172777777777775,43.172777777777775,43.172777777777775,120,2026-08-08 19:01:41,1.0,False,True,,False,Monday,2026-08-03,,True,False
TKT-100155,2026-08-03 01:55:01,2026-08-03 02:03:59,2026-08-03 11:27:53,2026-08-05 12:11:09,2026-08-05 12:11:09,0,False,2026-08-05 10:00:00,,Academics & Exams,Academics & Exams,2026-08-03 11:27:53,0.0,3,1,STU25464,portal,Medium,False,Academics & Exams,Closed,,False,0.14944444444444444,9.398333333333333,0.0,48.721111111111114,0.0,58.26888888888889,58.26888888888889,58.26888888888889,72,2026-08-06 01:55:01,1.0,True,False,56.08305555555555,False,Monday,2026-08-03,,True,False
TKT-100156,2026-08-03 09:40:28,2026-08-03 09:53:08,2026-08-03 17:36:49,2026-08-04 17:03:59,2026-08-04 17:03:59,0,False,,,Hostel & Maintenance,Hostel & Maintenance,2026-08-03 17:36:49,0.0,1,1,STU24936,walk_in,Medium,False,Hostel & Maintenance,Closed,,False,0.2111111111111111,7.728055555555556,0.0,23.45277777777778,0.0,31.391944444444444,31.391944444444444,31.391944444444444,72,2026-08-06 09:40:28,1.0,False,False,,False,Monday,2026-08-03,,True,False
TKT-100157,2026-08-03 18:38:13,2026-08-03 18:39:19,2026-08-03 19:32:25,2026-08-05 12:11:01,2026-08-05 12:11:01,0,False,,,IT Support,IT Support,2026-08-03 19:32:25,0.0,2,1,STU25088,portal,High,False,IT Support,Closed,,False,0.018333333333333333,0.885,0.0,40.64333333333333,0.0,41.54666666666667,41.54666666666667,41.54666666666667,24,2026-08-04 18:38:13,0.0,False,False,,False,Monday,2026-08-03,,True,False
TKT-100158,2026-08-03 19:15:34,2026-08-03 19:20:45,2026-08-08 20:50:03,2026-08-18 09:00:00,2026-08-18 09:00:00,0,False,2026-08-06 10:00:00,2026-08-04 19:20:45,Academics & Exams,Academics & Exams,2026-08-08 20:50:03,52.17916666666667,10,1,STU25555,portal,Medium,False,Academics & Exams,Closed,4.0,False,0.08638888888888889,121.48833333333333,0.0,175.98666666666665,0.0,349.74055555555555,297.56138888888887,297.56138888888887,72,2026-08-06 19:15:34,0.0,True,True,62.74055555555555,False,Monday,2026-08-03,,True,False
TKT-100159,2026-08-03 16:06:21,2026-08-03 16:13:28,2026-08-03 19:02:05,2026-08-05 10:13:00,2026-08-08 15:31:24,0,True,,,Hostel & Maintenance,Hostel & Maintenance,2026-08-03 19:02:05,0.0,3,1,STU24430,portal,Low,False,Hostel & Maintenance,Closed,4.0,False,0.11861111111111111,2.810277777777778,0.0,39.18194444444445,77.30666666666667,119.4175,119.4175,42.11083333333333,120,2026-08-08 16:06:21,1.0,False,False,,False,Monday,2026-08-03,,True,False
TKT-100160,2026-08-03 17:21:38,2026-08-04 09:43:16,2026-08-04 11:53:34,2026-08-05 11:49:18,2026-08-05 11:49:18,0,False,,,IT Support,IT Support,2026-08-04 11:53:34,7.392777777777778,1,1,STU25442,email,Medium,False,IT Support,Closed,,True,16.360555555555557,2.171666666666667,0.0,16.53611111111111,0.0,42.46111111111111,35.06833333333333,35.06833333333333,72,2026-08-06 17:21:38,1.0,False,False,,False,Monday,2026-08-03,,True,False
TKT-100161,2026-08-03 16:07:11,2026-08-03 16:13:56,2026-08-04 12:32:21,2026-08-07 09:00:00,2026-08-07 09:00:00,1,False,2026-08-06 10:00:00,,Hostel & Maintenance,Fees & Finance,2026-08-05 09:25:04,8.5925,1,2,STU25503,portal,High,False,Hostel & Maintenance,Closed,,False,0.1125,20.306944444444444,20.878611111111113,38.98972222222222,0.0,88.88027777777778,80.28777777777778,80.28777777777778,24,2026-08-04 16:07:11,0.0,True,False,65.88027777777778,True,Monday,2026-08-03,,True,False
TKT-100162,2026-08-03 08:11:19,2026-08-03 08:21:20,2026-08-03 11:25:16,2026-08-06 08:00:00,2026-08-10 17:05:09,0,True,2026-08-05 10:00:00,,Hostel & Maintenance,Hostel & Maintenance,2026-08-03 11:25:16,0.0,5,1,STU24711,portal,Medium,False,Hostel & Maintenance,Closed,,False,0.16694444444444445,3.0655555555555556,0.0,68.57888888888888,105.08583333333333,176.8972222222222,176.8972222222222,71.81138888888889,72,2026-08-06 08:11:19,0.0,True,False,49.81138888888889,False,Monday,2026-08-03,,True,False
TKT-100163,2026-08-03 16:14:14,2026-08-03 16:25:26,2026-08-04 11:56:36,2026-08-04 15:15:45,2026-08-04 15:15:45,0,False,,,IT Support,IT Support,2026-08-04 11:56:36,0.0,0,1,STU24470,portal,Low,False,IT Support,Closed,,False,0.18666666666666668,19.519444444444446,0.0,3.319166666666667,0.0,23.025277777777777,23.025277777777777,23.025277777777777,120,2026-08-08 16:14:14,1.0,False,False,,False,Monday,2026-08-03,,True,False
TKT-100164,2026-08-03 19:10:18,2026-08-03 19:11:44,2026-08-04 10:07:54,2026-08-04 15:28:57,2026-08-05 10:00:28,0,True,,,IT Support,IT Support,2026-08-04 10:07:54,0.0,1,1,STU24995,portal,Low,False,IT Support,Closed,4.0,False,0.02388888888888889,14.936111111111112,0.0,5.350833333333333,18.525277777777777,38.83611111111111,38.83611111111111,20.310833333333335,120,2026-08-08 19:10:18,1.0,False,False,,False,Monday,2026-08-03,,True,False
TKT-100165,2026-08-03 15:29:12,2026-08-03 15:30:41,2026-08-04 08:18:56,2026-08-04 17:45:18,2026-08-05 15:37:12,0,True,,,Hostel & Maintenance,Hostel & Maintenance,2026-08-04 08:18:56,2.131666666666667,0,1,STU24619,portal,Medium,False,Hostel & Maintenance,Closed,,False,0.024722222222222222,16.804166666666667,0.0,7.307777777777777,21.865,48.13333333333333,46.001666666666665,24.136666666666667,72,2026-08-06 15:29:12,1.0,False,False,,False,Monday,2026-08-03,,True,False
TKT-100166,2026-08-03 07:07:27,2026-08-03 09:33:41,2026-08-03 10:32:02,2026-08-04 16:18:30,2026-08-04 16:18:30,1,False,,,Library,Hostel & Maintenance,2026-08-03 14:25:15,0.0,1,2,STU25511,email,Low,False,Library,Closed,,True,2.437222222222222,0.9725,3.8869444444444445,25.8875,0.0,33.18416666666667,33.18416666666667,33.18416666666667,120,2026-08-08 07:07:27,1.0,False,False,,False,Monday,2026-08-03,,True,False
TKT-100167,2026-08-03 19:59:47,2026-08-04 11:17:11,2026-08-04 11:42:56,2026-08-05 09:37:52,2026-08-05 09:37:52,0,False,,,IT Support,IT Support,2026-08-04 11:42:56,0.0,1,1,STU24419,email,Medium,False,IT Support,Closed,,True,15.29,0.42916666666666664,0.0,21.915555555555557,0.0,37.63472222222222,37.63472222222222,37.63472222222222,72,2026-08-06 19:59:47,1.0,False,False,,False,Monday,2026-08-03,,True,False
TKT-100168,2026-08-03 20:19:08,2026-08-03 20:28:28,2026-08-04 09:15:45,2026-08-04 13:02:03,2026-08-04 13:02:03,0,False,,,IT Support,IT Support,2026-08-04 09:15:45,0.0,0,1,STU24411,portal,Medium,False,IT Support,Closed,,False,0.15555555555555556,12.788055555555555,0.0,3.7716666666666665,0.0,16.71527777777778,16.71527777777778,16.71527777777778,72,2026-08-06 20:19:08,1.0,False,False,,False,Monday,2026-08-03,,True,False
TKT-100169,2026-08-03 23:23:06,2026-08-03 23:34:38,2026-08-04 13:14:24,2026-08-04 16:03:35,2026-08-04 16:03:35,0,False,,,IT Support,IT Support,2026-08-04 13:14:24,0.0,1,1,STU24284,portal,Low,False,IT Support,Closed,3.0,False,0.1922222222222222,13.662777777777778,0.0,2.819722222222222,0.0,16.674722222222222,16.674722222222222,16.674722222222222,120,2026-08-08 23:23:06,1.0,False,False,,False,Monday,2026-08-03,,True,False
TKT-100170,2026-08-04 16:04:39,2026-08-04 16:54:26,2026-08-05 14:18:12,2026-08-05 17:17:37,2026-08-05 17:17:37,0,False,,,Hostel & Maintenance,Hostel & Maintenance,2026-08-05 14:18:12,0.0,0,1,STU24060,email,Medium,True,Hostel & Maintenance,Closed,,True,0.8297222222222222,21.39611111111111,0.0,2.9902777777777776,0.0,25.21611111111111,25.21611111111111,25.21611111111111,72,2026-08-07 16:04:39,1.0,False,False,,False,Tuesday,2026-08-03,,True,False
TKT-100171,2026-08-04 10:51:57,2026-08-04 10:53:16,2026-08-04 15:46:32,2026-08-04 18:58:49,2026-08-04 18:58:49,0,False,,,IT Support,IT Support,2026-08-04 15:46:32,0.0,0,1,STU24906,portal,Low,False,IT Support,Closed,,False,0.021944444444444444,4.887777777777778,0.0,3.2047222222222222,0.0,8.114444444444445,8.114444444444445,8.114444444444445,120,2026-08-09 10:51:57,1.0,False,False,,False,Tuesday,2026-08-03,,True,False
TKT-100172,2026-08-04 16:00:57,2026-08-04 16:14:29,2026-08-04 16:42:52,2026-08-05 10:01:17,2026-08-05 10:01:17,0,False,,,Library,Library,2026-08-04 16:42:52,0.0,1,1,STU24720,portal,Low,False,Library,Closed,,False,0.22555555555555556,0.47305555555555556,0.0,17.306944444444444,0.0,18.005555555555556,18.005555555555556,18.005555555555556,120,2026-08-09 16:00:57,1.0,False,False,,False,Tuesday,2026-08-03,,True,False
TKT-100173,2026-08-04 10:47:43,2026-08-04 10:49:51,2026-08-04 16:19:16,2026-08-06 13:19:24,2026-08-06 13:19:24,0,False,,,IT Support,IT Support,2026-08-04 16:19:16,4.448055555555555,0,1,STU24148,portal,High,False,IT Support,Closed,,False,0.035555555555555556,5.490277777777778,0.0,40.55416666666667,0.0,50.528055555555554,46.08,46.08,24,2026-08-05 10:47:43,0.0,False,False,,False,Tuesday,2026-08-03,,True,False
TKT-100174,2026-08-04 19:34:01,2026-08-05 12:53:49,2026-08-05 14:28:20,2026-08-07 09:16:38,2026-08-07 09:16:38,0,False,,,Academics & Exams,Academics & Exams,2026-08-05 14:28:20,0.0,0,1,STU25682,email,Low,False,Academics & Exams,Closed,,True,17.33,1.5752777777777778,0.0,42.805,0.0,61.710277777777776,61.710277777777776,61.710277777777776,120,2026-08-09 19:34:01,1.0,False,False,,False,Tuesday,2026-08-03,,True,False
TKT-100175,2026-08-04 22:57:15,2026-08-04 22:59:11,2026-08-05 10:26:30,2026-08-05 14:09:59,2026-08-05 14:09:59,0,False,,,IT Support,IT Support,2026-08-05 10:26:30,0.0,0,1,STU25488,portal,Medium,False,IT Support,Closed,,False,0.03222222222222222,11.455277777777777,0.0,3.7247222222222223,0.0,15.212222222222222,15.212222222222222,15.212222222222222,72,2026-08-07 22:57:15,1.0,False,False,,False,Tuesday,2026-08-03,,True,False
TKT-100176,2026-08-04 20:51:17,2026-08-05 09:36:54,2026-08-06 13:35:41,2026-08-11 16:13:23,2026-08-11 16:13:23,0,False,2026-08-07 10:00:00,2026-08-06 09:36:54,Fees & Finance,Fees & Finance,2026-08-06 13:35:41,0.0,2,1,STU25169,portal,Medium,False,Unknown,Closed,,True,12.760277777777778,27.97972222222222,0.0,122.62833333333333,0.0,163.36833333333334,163.36833333333334,163.36833333333334,72,2026-08-07 20:51:17,0.0,True,True,61.14527777777778,False,Tuesday,2026-08-03,,True,False
TKT-100177,2026-08-04 07:17:47,2026-08-04 09:13:09,2026-08-04 14:05:19,2026-08-07 09:00:00,2026-08-07 09:00:00,0,False,2026-08-06 10:00:00,,Fees & Finance,Fees & Finance,2026-08-04 14:05:19,6.920555555555556,2,1,STU24976,email,Medium,False,Fees & Finance,Closed,,True,1.9227777777777777,4.8694444444444445,0.0,59.99083333333334,0.0,73.70361111111112,66.78305555555556,66.78305555555556,72,2026-08-07 07:17:47,1.0,True,False,50.70361111111111,False,Tuesday,2026-08-03,,True,False
TKT-100178,2026-08-04 11:23:51,2026-08-04 13:47:39,2026-08-04 19:36:46,2026-08-05 19:53:48,2026-08-05 19:53:48,0,False,,,Hostel & Maintenance,Hostel & Maintenance,2026-08-04 19:36:46,0.0,0,1,STU25242,email,Medium,False,Hostel & Maintenance,Closed,,True,2.3966666666666665,5.818611111111111,0.0,24.28388888888889,0.0,32.49916666666667,32.49916666666667,32.49916666666667,72,2026-08-07 11:23:51,1.0,False,False,,False,Tuesday,2026-08-03,,True,False
TKT-100179,2026-08-04 01:04:20,2026-08-04 01:10:14,2026-08-05 10:59:07,2026-08-07 08:00:00,2026-08-07 08:00:00,0,False,2026-08-06 10:00:00,2026-08-05 01:10:14,Hostel & Maintenance,Hostel & Maintenance,2026-08-05 10:59:07,15.051944444444445,1,1,STU25339,portal,Medium,False,Hostel & Maintenance,Closed,,False,0.09833333333333333,33.81472222222222,0.0,29.96277777777778,0.0,78.92777777777778,63.87583333333333,63.87583333333333,72,2026-08-07 01:04:20,1.0,True,True,56.92777777777778,False,Tuesday,2026-08-03,,True,False
TKT-100180,2026-08-04 09:08:07,2026-08-04 09:17:30,2026-08-04 14:26:26,2026-08-05 10:13:34,2026-08-05 10:13:34,0,False,,,IT Support,IT Support,2026-08-04 14:26:26,0.0,0,1,STU24857,email,Low,False,IT Support,Closed,,False,0.15638888888888888,5.148888888888889,0.0,19.785555555555554,0.0,25.090833333333332,25.090833333333332,25.090833333333332,120,2026-08-09 09:08:07,1.0,False,False,,False,Tuesday,2026-08-03,,True,False
TKT-100181,2026-08-04 14:41:43,2026-08-04 16:04:52,2026-08-05 14:25:16,2026-08-14 09:00:00,2026-08-14 09:00:00,0,False,2026-08-07 10:00:00,,Fees & Finance,Fees & Finance,2026-08-05 14:25:16,0.0,8,1,STU24797,email,High,False,Fees & Finance,Closed,,True,1.3858333333333333,22.34,0.0,210.57888888888888,0.0,234.3047222222222,234.3047222222222,234.3047222222222,24,2026-08-05 14:41:43,0.0,True,False,67.30472222222222,True,Tuesday,2026-08-03,,True,False
TKT-100182,2026-08-04 20:29:35,2026-08-04 20:42:55,2026-08-05 09:27:38,2026-08-07 09:21:03,2026-08-07 09:21:03,0,False,,,Fees & Finance,Fees & Finance,2026-08-05 09:27:38,0.0,6,1,STU24000,portal,Low,False,Fees & Finance,Closed,,False,0.2222222222222222,12.745277777777778,0.0,47.890277777777776,0.0,60.85777777777778,60.85777777777778,60.85777777777778,120,2026-08-09 20:29:35,1.0,False,False,,False,Tuesday,2026-08-03,,True,False
TKT-100183,2026-08-04 07:01:41,2026-08-04 16:21:53,2026-08-11 20:49:55,2026-08-13 09:00:00,2026-08-13 09:00:00,0,False,2026-08-06 10:00:00,2026-08-05 16:21:53,Fees & Finance,Fees & Finance,2026-08-11 20:49:55,0.0,8,1,STU24788,email,Medium,True,Fees & Finance,Closed,,True,9.336666666666666,172.46722222222223,0.0,36.168055555555554,0.0,217.97194444444443,217.97194444444443,217.97194444444443,72,2026-08-07 07:01:41,0.0,True,True,50.971944444444446,False,Tuesday,2026-08-03,,True,False
TKT-100184,2026-08-04 12:17:02,2026-08-04 12:18:57,2026-08-04 12:31:02,2026-08-04 16:06:30,2026-08-04 16:06:30,0,False,,,IT Support,IT Support,2026-08-04 12:31:02,0.0,0,1,STU24651,portal,Medium,False,IT Support,Closed,4.0,False,0.03194444444444444,0.2013888888888889,0.0,3.591111111111111,0.0,3.8244444444444445,3.8244444444444445,3.8244444444444445,72,2026-08-07 12:17:02,1.0,False,False,,False,Tuesday,2026-08-03,,True,False
TKT-100185,2026-08-04 19:36:16,2026-08-05 09:15:05,2026-08-05 15:50:53,2026-08-10 09:00:00,2026-08-10 09:00:00,0,False,2026-08-07 10:00:00,,Academics & Exams,Academics & Exams,2026-08-05 15:50:53,0.0,4,1,STU25355,email,Medium,True,Academics & Exams,Closed,,True,13.646944444444445,6.596666666666667,0.0,113.15194444444444,0.0,133.39555555555555,133.39555555555555,133.39555555555555,72,2026-08-07 19:36:16,0.0,True,False,62.39555555555555,False,Tuesday,2026-08-03,,True,False
TKT-100186,2026-08-04 18:33:07,2026-08-05 11:18:28,2026-08-05 12:00:33,2026-08-10 09:00:00,2026-08-10 09:00:00,0,False,2026-08-07 10:00:00,,Academics & Exams,Academics & Exams,2026-08-05 12:00:33,10.125,4,1,STU25020,email,Medium,True,Academics & Exams,Closed,3.0,True,16.75583333333333,0.7013888888888888,0.0,106.86583333333333,0.0,134.44805555555556,124.32305555555556,124.32305555555556,72,2026-08-07 18:33:07,0.0,True,False,63.448055555555555,False,Tuesday,2026-08-03,,True,False
TKT-100187,2026-08-04 12:20:59,2026-08-04 12:32:26,2026-08-06 06:23:26,2026-08-07 11:29:12,2026-08-07 11:29:12,0,False,2026-08-07 10:00:00,2026-08-05 12:32:26,Hostel & Maintenance,Hostel & Maintenance,2026-08-06 06:23:26,0.0,2,1,STU24386,email,Medium,True,Hostel & Maintenance,Closed,,False,0.19083333333333333,41.85,0.0,29.09611111111111,0.0,71.13694444444444,71.13694444444444,71.13694444444444,72,2026-08-07 12:20:59,1.0,True,True,69.65027777777777,False,Tuesday,2026-08-03,,True,False
TKT-100188,2026-08-04 16:48:51,2026-08-04 17:03:16,2026-08-05 11:51:56,2026-08-10 09:00:00,2026-08-10 09:00:00,0,False,2026-08-07 10:00:00,,Fees & Finance,Fees & Finance,2026-08-05 11:51:56,0.0,4,1,STU24115,walk_in,Low,False,Fees & Finance,Closed,3.0,False,0.24027777777777778,18.81111111111111,0.0,117.13444444444444,0.0,136.18583333333333,136.18583333333333,136.18583333333333,120,2026-08-09 16:48:51,0.0,True,False,65.18583333333333,False,Tuesday,2026-08-03,,True,False
TKT-100189,2026-08-04 11:20:03,2026-08-04 13:02:14,2026-08-04 13:50:34,2026-08-04 14:30:29,2026-08-04 14:30:29,0,False,,,IT Support,IT Support,2026-08-04 13:50:34,0.0,0,1,STU24921,email,Medium,False,IT Support,Closed,,True,1.7030555555555555,0.8055555555555556,0.0,0.6652777777777777,0.0,3.173888888888889,3.173888888888889,3.173888888888889,72,2026-08-07 11:20:03,1.0,False,False,,False,Tuesday,2026-08-03,,True,False
TKT-100190,2026-08-04 21:27:44,2026-08-04 21:40:51,2026-08-05 14:53:37,2026-08-05 16:35:27,2026-08-05 16:35:27,0,False,,,IT Support,IT Support,2026-08-05 14:53:37,0.0,0,1,STU24410,portal,Medium,False,IT Support,Closed,4.0,False,0.21861111111111112,17.212777777777777,0.0,1.6972222222222222,0.0,19.128611111111113,19.128611111111113,19.128611111111113,72,2026-08-07 21:27:44,1.0,False,False,,False,Tuesday,2026-08-03,,True,False
TKT-100191,2026-08-04 10:22:40,2026-08-04 10:30:36,2026-08-05 09:43:24,2026-08-05 13:40:19,2026-08-05 13:40:19,0,False,,,IT Support,IT Support,2026-08-05 09:43:24,0.0,0,1,STU25428,portal,Low,False,IT Support,Closed,,False,0.1322222222222222,23.213333333333335,0.0,3.948611111111111,0.0,27.294166666666666,27.294166666666666,27.294166666666666,120,2026-08-09 10:22:40,1.0,False,False,,False,Tuesday,2026-08-03,,True,False
TKT-100192,2026-08-04 18:59:07,2026-08-05 09:13:34,2026-08-06 09:35:57,2026-08-10 09:00:00,2026-08-10 09:00:00,0,False,2026-08-07 10:00:00,2026-08-06 09:13:34,Fees & Finance,Fees & Finance,2026-08-06 09:35:57,9.639444444444445,3,1,STU24697,email,Medium,True,Fees & Finance,Closed,4.0,True,14.240833333333333,24.373055555555556,0.0,85.76138888888889,0.0,134.01472222222222,124.37527777777777,124.37527777777777,72,2026-08-07 18:59:07,0.0,True,True,63.014722222222225,False,Tuesday,2026-08-03,,True,False
TKT-100193,2026-08-04 13:15:14,2026-08-04 13:16:19,2026-08-05 11:30:56,2026-08-10 09:00:00,2026-08-10 09:00:00,0,False,2026-08-07 10:00:00,,Fees & Finance,Fees & Finance,2026-08-05 11:30:56,0.0,4,1,STU25792,walk_in,Medium,False,Fees & Finance,Closed,,False,0.018055555555555554,22.24361111111111,0.0,117.48444444444445,0.0,139.7461111111111,139.7461111111111,139.7461111111111,72,2026-08-07 13:15:14,0.0,True,False,68.7461111111111,False,Tuesday,2026-08-03,,True,False
TKT-100194,2026-08-04 13:08:55,2026-08-04 13:44:20,2026-08-04 16:26:01,2026-08-05 13:31:36,2026-08-05 13:31:36,0,False,,,Academics & Exams,Academics & Exams,2026-08-04 16:26:01,0.0,0,1,STU24388,email,Medium,True,Academics & Exams,Closed,,True,0.5902777777777778,2.694722222222222,0.0,21.093055555555555,0.0,24.378055555555555,24.378055555555555,24.378055555555555,72,2026-08-07 13:08:55,1.0,False,False,,False,Tuesday,2026-08-03,,True,False
TKT-100195,2026-08-04 07:45:15,2026-08-04 13:58:58,2026-08-04 14:45:29,2026-08-05 10:54:10,2026-08-05 10:54:10,0,False,,,Hostel & Maintenance,Hostel & Maintenance,2026-08-04 14:45:29,0.0,1,1,STU25163,email,Medium,False,Hostel & Maintenance,Closed,,True,6.228611111111111,0.7752777777777777,0.0,20.14472222222222,0.0,27.148611111111112,27.148611111111112,27.148611111111112,72,2026-08-07 07:45:15,1.0,False,False,,False,Tuesday,2026-08-03,,True,False
TKT-100196,2026-08-04 13:21:36,2026-08-04 14:15:21,2026-08-04 16:03:38,2026-08-05 11:22:03,2026-08-05 11:22:03,0,False,,,Library,Library,2026-08-04 16:03:38,0.0,0,1,STU24161,portal,Medium,False,Library,Closed,,True,0.8958333333333334,1.8047222222222221,0.0,19.306944444444444,0.0,22.0075,22.0075,22.0075,72,2026-08-07 13:21:36,1.0,False,False,,False,Tuesday,2026-08-03,,True,False
TKT-100197,2026-08-04 21:06:37,2026-08-04 21:20:34,2026-08-05 18:47:26,2026-08-06 11:31:43,2026-08-06 11:31:43,0,False,,,Hostel & Maintenance,Hostel & Maintenance,2026-08-05 18:47:26,0.0,1,1,STU25533,portal,Low,False,Hostel & Maintenance,Closed,,False,0.2325,21.447777777777777,0.0,16.738055555555555,0.0,38.41833333333334,38.41833333333334,38.41833333333334,120,2026-08-09 21:06:37,1.0,False,False,,False,Tuesday,2026-08-03,,True,False
TKT-100198,2026-08-04 13:02:10,2026-08-04 13:29:51,2026-08-04 19:02:54,2026-08-10 13:23:51,2026-08-10 13:23:51,0,False,2026-08-07 10:00:00,,Hostel & Maintenance,Hostel & Maintenance,2026-08-04 19:02:54,0.0,3,1,STU25142,email,Medium,False,Hostel & Maintenance,Closed,,False,0.4613888888888889,5.550833333333333,0.0,138.34916666666666,0.0,144.36138888888888,144.36138888888888,144.36138888888888,72,2026-08-07 13:02:10,0.0,True,False,68.96388888888889,False,Tuesday,2026-08-03,,True,False
TKT-100199,2026-08-04 21:33:20,2026-08-04 21:36:44,2026-08-11 03:51:11,2026-08-12 09:00:00,2026-08-12 09:00:00,0,False,2026-08-07 10:00:00,2026-08-05 21:36:44,Fees & Finance,Fees & Finance,2026-08-11 03:51:11,0.0,3,1,STU24359,portal,Medium,False,Fees & Finance,Closed,,False,0.056666666666666664,150.24083333333334,0.0,29.146944444444443,0.0,179.44444444444446,179.44444444444446,179.44444444444446,72,2026-08-07 21:33:20,0.0,True,True,60.44444444444444,False,Tuesday,2026-08-03,,True,False
TKT-100200,2026-08-05 16:15:02,2026-08-05 16:27:37,2026-08-05 18:23:04,2026-08-06 13:40:05,2026-08-06 13:40:05,0,False,,,IT Support,IT Support,2026-08-05 18:23:04,0.0,0,1,STU25611,portal,Medium,False,IT Support,Closed,5.0,False,0.20972222222222223,1.9241666666666666,0.0,19.28361111111111,0.0,21.4175,21.4175,21.4175,72,2026-08-08 16:15:02,1.0,False,False,,False,Wednesday,2026-08-03,,True,False
TKT-100201,2026-08-05 16:00:34,2026-08-06 16:23:37,2026-08-07 17:02:59,2026-08-08 09:08:27,2026-08-08 09:08:27,0,False,,2026-08-07 16:23:37,Hostel & Maintenance,Hostel & Maintenance,2026-08-07 17:02:59,0.0,3,1,STU25793,email,Medium,False,Hostel & Maintenance,Closed,,True,24.384166666666665,24.656111111111112,0.0,16.09111111111111,0.0,65.13138888888889,65.13138888888889,65.13138888888889,72,2026-08-08 16:00:34,1.0,False,True,,False,Wednesday,2026-08-03,,True,False
TKT-100202,2026-08-05 19:01:02,2026-08-06 11:00:57,2026-08-06 12:54:10,2026-08-17 09:00:00,2026-08-17 09:00:00,1,False,2026-08-10 10:00:00,,Library,Fees & Finance,2026-08-10 09:26:32,12.201666666666666,8,2,STU24093,email,Low,False,Library,Closed,,True,15.998611111111112,1.8869444444444445,92.53944444444444,155.35611111111112,0.0,277.98277777777776,265.7811111111111,265.7811111111111,120,2026-08-10 19:01:02,0.0,True,False,110.98277777777778,False,Wednesday,2026-08-03,,True,False
TKT-100203,2026-08-05 17:05:11,2026-08-05 17:14:43,2026-08-10 00:14:12,2026-08-11 09:00:00,2026-08-11 09:00:00,0,False,2026-08-10 10:00:00,2026-08-06 17:14:43,Fees & Finance,Fees & Finance,2026-08-10 00:14:12,0.0,5,1,STU24252,portal,Medium,False,Fees & Finance,Closed,3.0,False,0.15888888888888889,102.99138888888889,0.0,32.763333333333335,0.0,135.91361111111112,135.91361111111112,135.91361111111112,72,2026-08-08 17:05:11,0.0,True,True,112.91361111111111,True,Wednesday,2026-08-03,,True,False
TKT-100204,2026-08-05 16:57:46,2026-08-05 17:01:39,2026-08-05 18:32:46,2026-08-07 08:33:50,2026-08-07 08:33:50,0,False,,,IT Support,IT Support,2026-08-05 18:32:46,0.0,0,1,STU24351,portal,Medium,False,IT Support,Closed,,False,0.06472222222222222,1.5186111111111111,0.0,38.01777777777778,0.0,39.60111111111111,39.60111111111111,39.60111111111111,72,2026-08-08 16:57:46,1.0,False,False,,False,Wednesday,2026-08-03,,True,False
TKT-100205,2026-08-05 15:50:33,2026-08-05 16:01:30,2026-08-05 18:01:46,2026-08-07 19:28:13,2026-08-07 19:28:13,0,False,,,Hostel & Maintenance,Hostel & Maintenance,2026-08-05 18:01:46,0.0,2,1,STU24798,walk_in,Medium,False,Hostel & Maintenance,Closed,,False,0.1825,2.0044444444444443,0.0,49.44083333333333,0.0,51.62777777777778,51.62777777777778,51.62777777777778,72,2026-08-08 15:50:33,1.0,False,False,,False,Wednesday,2026-08-03,,True,False
TKT-100206,2026-08-05 09:35:12,2026-08-05 09:38:38,2026-08-05 10:15:37,2026-08-06 17:11:08,2026-08-06 17:11:08,0,False,,,IT Support,IT Support,2026-08-05 10:15:37,4.809722222222222,0,1,STU24406,email,Low,False,IT Support,Closed,,False,0.05722222222222222,0.6163888888888889,0.0,26.11555555555556,0.0,31.59888888888889,26.789166666666667,26.789166666666667,120,2026-08-10 09:35:12,1.0,False,False,,False,Wednesday,2026-08-03,,True,False
TKT-100207,2026-08-05 09:52:09,2026-08-05 10:03:42,2026-08-05 11:16:08,2026-08-05 12:53:07,2026-08-05 12:53:07,0,False,,,IT Support,IT Support,2026-08-05 11:16:08,0.0,0,1,STU24838,portal,Low,False,IT Support,Closed,,False,0.1925,1.2072222222222222,0.0,1.6163888888888889,0.0,3.016111111111111,3.016111111111111,3.016111111111111,120,2026-08-10 09:52:09,1.0,False,False,,False,Wednesday,2026-08-03,,True,False
TKT-100208,2026-08-05 16:36:44,2026-08-06 12:01:16,2026-08-06 13:21:25,2026-08-06 17:41:06,2026-08-06 17:41:06,0,False,,,IT Support,IT Support,2026-08-06 13:21:25,0.0,0,1,STU24241,email,Medium,True,IT Support,Closed,4.0,True,19.40888888888889,1.3358333333333334,0.0,4.328055555555555,0.0,25.072777777777777,25.072777777777777,25.072777777777777,72,2026-08-08 16:36:44,1.0,False,False,,False,Wednesday,2026-08-03,,True,False
TKT-100209,2026-08-05 10:57:26,2026-08-05 12:28:20,2026-08-06 09:20:10,2026-08-10 09:45:47,2026-08-10 09:45:47,0,False,,,Fees & Finance,Fees & Finance,2026-08-06 09:20:10,0.0,4,1,STU25417,email,Medium,False,Fees & Finance,Closed,3.0,True,1.515,20.863888888888887,0.0,96.42694444444444,0.0,118.80583333333334,118.80583333333334,118.80583333333334,72,2026-08-08 10:57:26,0.0,False,False,,False,Wednesday,2026-08-03,,True,False
TKT-100210,2026-08-05 07:49:30,2026-08-05 09:35:41,2026-08-05 10:23:29,2026-08-05 13:39:38,2026-08-05 13:39:38,0,False,,,IT Support,IT Support,2026-08-05 10:23:29,0.0,0,1,STU24785,portal,Medium,False,Unknown,Closed,,True,1.7697222222222222,0.7966666666666666,0.0,3.2691666666666666,0.0,5.835555555555556,5.835555555555556,5.835555555555556,72,2026-08-08 07:49:30,1.0,False,False,,False,Wednesday,2026-08-03,,True,False
TKT-100211,2026-08-05 20:04:17,2026-08-05 20:12:37,2026-08-06 16:39:13,2026-08-17 09:00:00,2026-08-17 09:00:00,1,False,2026-08-10 10:00:00,,Hostel & Maintenance,Fees & Finance,2026-08-13 12:46:16,1.4008333333333334,3,2,STU25433,portal,Low,False,Hostel & Maintenance,Closed,,False,0.1388888888888889,20.44333333333333,164.1175,90.82805555555555,0.0,276.92861111111114,275.5277777777778,275.5277777777778,120,2026-08-10 20:04:17,0.0,True,False,109.92861111111111,False,Wednesday,2026-08-03,,True,False
TKT-100212,2026-08-05 09:26:32,2026-08-05 09:41:51,2026-08-05 13:02:59,2026-08-10 09:00:00,2026-08-10 09:00:00,0,False,2026-08-07 10:00:00,,Fees & Finance,Fees & Finance,2026-08-05 13:02:59,5.9975,2,1,STU25344,email,Medium,True,Fees & Finance,Closed,2.0,False,0.25527777777777777,3.352222222222222,0.0,109.95277777777777,0.0,119.55777777777777,113.56027777777777,113.56027777777777,72,2026-08-08 09:26:32,0.0,True,False,48.55777777777778,False,Wednesday,2026-08-03,,True,False
TKT-100213,2026-08-05 11:30:49,2026-08-05 16:00:22,2026-08-06 09:17:32,2026-08-10 09:46:55,2026-08-10 09:46:55,0,False,,,Academics & Exams,Academics & Exams,2026-08-06 09:17:32,0.0,3,1,STU24805,email,Medium,True,Academics & Exams,Closed,4.0,True,4.4925,17.28611111111111,0.0,96.48972222222223,0.0,118.26833333333333,118.26833333333333,118.26833333333333,72,2026-08-08 11:30:49,0.0,False,False,,False,Wednesday,2026-08-03,,True,False
TKT-100214,2026-08-05 10:31:34,2026-08-05 10:45:46,2026-08-06 12:45:59,,,0,False,,2026-08-06 10:45:46,Hostel & Maintenance,Hostel & Maintenance,2026-08-06 12:45:59,0.0,1,1,STU25545,portal,Low,False,Hostel & Maintenance,Closed - No Response,,False,0.23666666666666666,26.003611111111113,0.0,,,,,,120,2026-08-10 10:31:34,,False,True,,False,Wednesday,2026-08-03,closed - student never replied,False,False
TKT-100215,2026-08-05 16:55:43,2026-08-06 12:11:39,2026-08-06 13:31:05,2026-08-06 14:59:19,2026-08-06 14:59:19,0,False,,,IT Support,IT Support,2026-08-06 13:31:05,0.0,2,1,STU25049,email,Low,False,IT Support,Closed,5.0,True,19.265555555555554,1.323888888888889,0.0,1.4705555555555556,0.0,22.06,22.06,22.06,120,2026-08-10 16:55:43,1.0,False,False,,False,Wednesday,2026-08-03,,True,False
TKT-100216,2026-08-06 21:44:59,2026-08-06 21:48:47,2026-08-07 11:44:01,2026-08-10 09:41:44,2026-08-10 09:41:44,0,False,,,Academics & Exams,Academics & Exams,2026-08-07 11:44:01,0.0,4,1,STU24819,portal,Medium,False,Academics & Exams,Closed,2.0,False,0.06333333333333334,13.920555555555556,0.0,69.96194444444444,0.0,83.94583333333334,83.94583333333334,83.94583333333334,72,2026-08-09 21:44:59,0.0,False,False,,False,Thursday,2026-08-03,,True,False
TKT-100217,2026-08-06 18:16:57,2026-08-06 18:30:56,2026-08-08 05:04:10,2026-08-10 13:48:30,2026-08-10 13:48:30,1,False,2026-08-10 10:00:00,2026-08-07 18:30:56,Hostel & Maintenance,Library,2026-08-08 16:47:42,0.0,1,2,STU24170,portal,Low,False,Hostel & Maintenance,Closed,4.0,False,0.23305555555555554,34.55388888888889,11.725555555555555,45.013333333333335,0.0,91.52583333333334,91.52583333333334,91.52583333333334,120,2026-08-11 18:16:57,1.0,True,True,87.7175,False,Thursday,2026-08-03,,True,False
TKT-100218,2026-08-06 20:43:51,2026-08-06 20:45:39,2026-08-07 12:19:48,2026-08-07 18:03:08,2026-08-07 18:03:08,0,False,,,IT Support,IT Support,2026-08-07 12:19:48,0.0,0,1,STU24133,portal,Medium,False,IT Support,Closed,4.0,False,0.03,15.569166666666666,0.0,5.722222222222222,0.0,21.32138888888889,21.32138888888889,21.32138888888889,72,2026-08-09 20:43:51,1.0,False,False,,False,Thursday,2026-08-03,,True,False
TKT-100219,2026-08-06 22:11:00,2026-08-06 22:20:34,2026-08-11 04:20:36,2026-08-12 08:00:00,2026-08-17 16:32:21,2,True,2026-08-10 10:00:00,2026-08-07 22:20:34,Academics & Exams,Hostel & Maintenance,2026-08-11 18:14:56,0.0,11,3,STU24843,portal,Low,False,Academics & Exams,Closed,,False,0.15944444444444444,102.00055555555555,13.905555555555555,13.751111111111111,128.53916666666666,258.35583333333335,258.35583333333335,129.81666666666666,120,2026-08-11 22:11:00,0.0,True,True,83.81666666666666,False,Thursday,2026-08-03,,True,False
TKT-100220,2026-08-06 17:59:53,2026-08-06 18:01:09,2026-08-07 12:30:58,2026-08-10 09:47:23,2026-08-10 09:47:23,0,False,,,Academics & Exams,Academics & Exams,2026-08-07 12:30:58,0.0,0,1,STU24071,portal,Low,False,Academics & Exams,Closed,4.0,False,0.021111111111111112,18.496944444444445,0.0,69.27361111111111,0.0,87.79166666666667,87.79166666666667,87.79166666666667,120,2026-08-11 17:59:53,1.0,False,False,,False,Thursday,2026-08-03,,True,False
TKT-100221,2026-08-06 18:53:55,2026-08-06 19:04:37,2026-08-06 19:55:07,2026-08-11 08:00:00,2026-08-11 08:00:00,0,False,2026-08-10 10:00:00,,Hostel & Maintenance,Hostel & Maintenance,2026-08-06 19:55:07,0.0,3,1,STU24382,portal,Medium,False,Hostel & Maintenance,Closed,3.0,False,0.17833333333333334,0.8416666666666667,0.0,108.0813888888889,0.0,109.10138888888889,109.10138888888889,109.10138888888889,72,2026-08-09 18:53:55,0.0,True,False,87.10138888888889,True,Thursday,2026-08-03,,True,False
TKT-100222,2026-08-06 11:07:31,2026-08-06 11:11:49,2026-08-06 11:42:27,2026-08-07 11:01:54,2026-08-07 11:01:54,1,False,,,IT Support,Fees & Finance,2026-08-06 13:03:08,18.91027777777778,0,2,STU24367,portal,Medium,False,IT Support,Closed,,False,0.07166666666666667,0.5105555555555555,1.3447222222222222,3.069166666666664,0.0,23.906388888888888,4.996111111111109,4.996111111111109,72,2026-08-09 11:07:31,1.0,False,False,,False,Thursday,2026-08-03,,True,False
TKT-100223,2026-08-06 17:03:43,2026-08-06 17:19:10,2026-08-07 08:28:39,2026-08-07 13:14:43,2026-08-08 09:57:49,0,True,,,IT Support,IT Support,2026-08-07 08:28:39,0.0,0,1,STU25300,email,Medium,False,IT Support,Closed,3.0,False,0.2575,15.158055555555556,0.0,4.767777777777778,20.718333333333334,40.901666666666664,40.901666666666664,20.183333333333334,72,2026-08-09 17:03:43,1.0,False,False,,False,Thursday,2026-08-03,,True,False
TKT-100224,2026-08-06 20:03:56,2026-08-06 20:11:52,2026-08-07 09:42:30,2026-08-11 14:16:14,2026-08-11 14:16:14,1,False,2026-08-10 10:00:00,,IT Support,Hostel & Maintenance,2026-08-07 13:16:10,0.0,0,2,STU24319,portal,Medium,False,IT Support,Closed,3.0,False,0.1322222222222222,13.510555555555555,3.561111111111111,97.00111111111111,0.0,114.205,114.205,114.205,72,2026-08-09 20:03:56,0.0,True,False,85.93444444444444,True,Thursday,2026-08-03,,True,False
TKT-100225,2026-08-06 22:27:35,2026-08-06 22:40:16,2026-08-07 10:15:47,2026-08-08 11:39:21,2026-08-08 11:39:21,0,False,,,IT Support,IT Support,2026-08-07 10:15:47,18.559166666666666,0,1,STU24654,portal,Medium,False,IT Support,Closed,5.0,False,0.21138888888888888,11.591944444444444,0.0,6.833611111111111,0.0,37.19611111111111,18.636944444444442,18.636944444444442,72,2026-08-09 22:27:35,1.0,False,False,,False,Thursday,2026-08-03,,True,False
TKT-100226,2026-08-06 16:12:20,2026-08-06 16:26:17,2026-08-06 17:17:04,2026-08-10 12:08:05,2026-08-10 12:08:05,0,False,2026-08-10 10:00:00,,Hostel & Maintenance,Hostel & Maintenance,2026-08-06 17:17:04,4.803888888888889,2,1,STU24606,portal,Medium,False,Hostel & Maintenance,Closed,,False,0.2325,0.8463888888888889,0.0,86.04638888888888,0.0,91.92916666666666,87.12527777777777,87.12527777777777,72,2026-08-09 16:12:20,0.0,True,False,89.79444444444445,True,Thursday,2026-08-03,,True,False
TKT-100227,2026-08-06 10:16:21,2026-08-06 10:29:28,2026-08-06 12:30:12,2026-08-07 16:22:05,2026-08-07 16:22:05,0,False,,,IT Support,IT Support,2026-08-06 12:30:12,24.41611111111111,0,1,STU25244,portal,Medium,False,IT Support,Closed,,False,0.21861111111111112,2.0122222222222224,0.0,3.448611111111113,0.0,30.095555555555556,5.679444444444446,5.679444444444446,72,2026-08-09 10:16:21,1.0,False,False,,False,Thursday,2026-08-03,,True,False
TKT-100228,2026-08-06 15:20:56,2026-08-07 10:48:16,2026-08-07 12:49:18,2026-08-07 16:24:59,2026-08-07 16:24:59,0,False,,,Fees & Finance,Fees & Finance,2026-08-07 12:49:18,0.0,1,1,STU25350,email,Medium,False,Fees & Finance,Closed,,True,19.455555555555556,2.0172222222222222,0.0,3.5947222222222224,0.0,25.0675,25.0675,25.0675,72,2026-08-09 15:20:56,1.0,False,False,,False,Thursday,2026-08-03,,True,False
TKT-100229,2026-08-06 20:22:06,2026-08-07 10:51:21,2026-08-07 12:00:51,2026-08-07 14:44:38,2026-08-07 14:44:38,0,False,,,Fees & Finance,Fees & Finance,2026-08-07 12:00:51,0.0,0,1,STU24579,email,Medium,False,Fees & Finance,Closed,,True,14.4875,1.1583333333333334,0.0,2.729722222222222,0.0,18.375555555555554,18.375555555555554,18.375555555555554,72,2026-08-09 20:22:06,1.0,False,False,,False,Thursday,2026-08-03,,True,False
TKT-100230,2026-08-06 07:19:05,2026-08-06 10:08:03,2026-08-06 11:11:46,2026-08-06 13:09:29,2026-08-06 13:09:29,0,False,,,Library,Library,2026-08-06 11:11:46,0.0,0,1,STU24436,email,Medium,True,Library,Closed,,True,2.8161111111111112,1.0619444444444444,0.0,1.9619444444444445,0.0,5.84,5.84,5.84,72,2026-08-09 07:19:05,1.0,False,False,,False,Thursday,2026-08-03,,True,False
TKT-100231,2026-08-06 11:07:17,2026-08-06 12:33:29,2026-08-06 14:03:43,2026-08-06 19:52:58,2026-08-06 19:52:58,0,False,,,IT Support,IT Support,2026-08-06 14:03:43,1.6197222222222223,0,1,STU25393,email,Medium,False,IT Support,Closed,,True,1.4366666666666668,1.5038888888888888,0.0,4.2011111111111115,0.0,8.761388888888888,7.141666666666666,7.141666666666666,72,2026-08-09 11:07:17,1.0,False,False,,False,Thursday,2026-08-03,,True,False
TKT-100232,2026-08-06 00:54:34,2026-08-06 01:05:59,2026-08-06 14:09:20,2026-08-12 09:00:00,2026-08-12 09:00:00,0,False,2026-08-10 10:00:00,,Academics & Exams,Academics & Exams,2026-08-06 14:09:20,0.0,3,1,STU24399,portal,Medium,False,Academics & Exams,Closed,3.0,False,0.19027777777777777,13.055833333333334,0.0,138.84444444444443,0.0,152.09055555555557,152.09055555555557,152.09055555555557,72,2026-08-09 00:54:34,0.0,True,False,105.09055555555555,True,Thursday,2026-08-03,,True,False
TKT-100233,2026-08-06 09:52:59,2026-08-06 13:14:13,2026-08-06 15:37:45,2026-08-10 12:23:33,2026-08-10 12:23:33,0,False,2026-08-10 10:00:00,,Hostel & Maintenance,Hostel & Maintenance,2026-08-06 15:37:45,15.338333333333333,5,1,STU25650,email,High,False,Hostel & Maintenance,Closed,3.0,True,3.3538888888888887,2.3922222222222222,0.0,77.425,0.0,98.50944444444444,83.1711111111111,83.1711111111111,24,2026-08-07 09:52:59,0.0,True,False,96.11694444444444,True,Thursday,2026-08-03,,True,False
TKT-100234,2026-08-06 14:42:02,2026-08-06 14:45:13,2026-08-07 15:18:45,2026-08-10 11:44:54,2026-08-10 11:44:54,0,False,2026-08-10 10:00:00,2026-08-07 14:45:13,Fees & Finance,Fees & Finance,2026-08-07 15:18:45,1.541111111111111,0,1,STU24399,portal,High,False,Fees & Finance,Closed,3.0,False,0.05305555555555556,24.558888888888887,0.0,66.89472222222223,0.0,93.04777777777778,91.50666666666667,91.50666666666667,24,2026-08-07 14:42:02,0.0,True,True,91.29944444444445,True,Thursday,2026-08-03,,True,False
TKT-100235,2026-08-06 16:33:47,2026-08-06 17:25:43,2026-08-09 19:24:10,2026-08-13 08:00:00,2026-08-13 08:00:00,2,False,2026-08-10 10:00:00,2026-08-07 17:25:43,Fees & Finance,IT Support,2026-08-11 19:48:27,17.85333333333333,3,3,STU24694,email,Medium,False,Fees & Finance,Closed,1.0,True,0.8655555555555555,73.97416666666666,48.40472222222222,18.33916666666667,0.0,159.43694444444444,141.5836111111111,141.5836111111111,72,2026-08-09 16:33:47,0.0,True,True,89.43694444444445,True,Thursday,2026-08-03,,True,False
TKT-100236,2026-08-06 13:09:57,2026-08-06 13:16:43,2026-08-07 13:32:36,2026-08-13 09:00:00,2026-08-13 09:00:00,0,False,2026-08-10 10:00:00,2026-08-07 13:16:43,Fees & Finance,Fees & Finance,2026-08-07 13:32:36,126.17833333333333,6,1,STU25630,portal,High,False,Fees & Finance,Closed,,False,0.11277777777777778,24.264722222222222,0.0,13.27833333333335,0.0,163.83416666666668,37.65583333333335,37.65583333333335,24,2026-08-07 13:09:57,0.0,True,True,92.83416666666666,True,Thursday,2026-08-03,,True,False
TKT-100237,2026-08-06 10:41:44,2026-08-06 10:45:53,2026-08-06 15:03:40,2026-08-08 14:51:10,2026-08-08 14:51:10,0,False,,,Hostel & Maintenance,Hostel & Maintenance,2026-08-06 15:03:40,0.0,2,1,STU24626,portal,Medium,False,Hostel & Maintenance,Closed,5.0,False,0.06916666666666667,4.296388888888889,0.0,47.791666666666664,0.0,52.157222222222224,52.157222222222224,52.157222222222224,72,2026-08-09 10:41:44,1.0,False,False,,False,Thursday,2026-08-03,,True,False
TKT-100238,2026-08-06 20:42:18,2026-08-06 20:56:56,2026-08-07 15:59:41,2026-08-07 17:54:15,2026-08-07 17:54:15,0,False,,,IT Support,IT Support,2026-08-07 15:59:41,0.0,0,1,STU25262,portal,High,False,IT Support,Closed,,False,0.24388888888888888,19.045833333333334,0.0,1.9094444444444445,0.0,21.199166666666667,21.199166666666667,21.199166666666667,24,2026-08-07 20:42:18,1.0,False,False,,False,Thursday,2026-08-03,,True,False
TKT-100239,2026-08-06 22:29:51,2026-08-07 09:02:00,2026-08-08 13:10:38,2026-08-11 08:00:00,2026-08-11 08:00:00,0,False,2026-08-10 10:00:00,2026-08-08 09:02:00,Hostel & Maintenance,Hostel & Maintenance,2026-08-08 13:10:38,0.0,1,1,STU24642,portal,Medium,False,Hostel & Maintenance,Closed,3.0,True,10.535833333333333,28.14388888888889,0.0,66.82277777777777,0.0,105.5025,105.5025,105.5025,72,2026-08-09 22:29:51,0.0,True,True,83.5025,True,Thursday,2026-08-03,,True,False
TKT-100240,2026-08-06 04:19:07,2026-08-06 04:26:53,2026-08-07 06:56:05,2026-08-08 09:26:21,2026-08-10 14:17:13,0,True,,2026-08-07 04:26:53,IT Support,IT Support,2026-08-07 06:56:05,7.331111111111111,2,1,STU24293,portal,Low,False,IT Support,Closed,4.0,False,0.12944444444444445,26.486666666666668,0.0,19.173333333333332,52.84777777777778,105.96833333333333,98.63722222222222,45.78944444444444,120,2026-08-11 04:19:07,1.0,False,True,,False,Thursday,2026-08-03,,True,False
TKT-100241,2026-08-06 14:47:53,2026-08-06 14:59:57,2026-08-06 15:22:54,2026-08-07 14:25:12,2026-08-07 14:25:12,0,False,,,IT Support,IT Support,2026-08-06 15:22:54,8.00361111111111,0,1,STU25419,portal,Medium,False,IT Support,Closed,,False,0.2011111111111111,0.3825,0.0,15.034722222222223,0.0,23.621944444444445,15.618333333333334,15.618333333333334,72,2026-08-09 14:47:53,1.0,False,False,,False,Thursday,2026-08-03,,True,False
TKT-100242,2026-08-06 21:20:27,2026-08-06 21:33:52,2026-08-07 12:30:33,2026-08-11 09:00:00,2026-08-11 09:00:00,0,False,2026-08-10 10:00:00,,Academics & Exams,Academics & Exams,2026-08-07 12:30:33,0.0,5,1,STU24746,portal,Medium,False,Academics & Exams,Closed,4.0,False,0.22361111111111112,14.944722222222222,0.0,92.49083333333333,0.0,107.65916666666666,107.65916666666666,107.65916666666666,72,2026-08-09 21:20:27,0.0,True,False,84.65916666666666,True,Thursday,2026-08-03,,True,False
TKT-100243,2026-08-06 09:37:18,2026-08-06 09:47:06,2026-08-07 12:13:41,2026-08-10 13:20:38,2026-08-10 13:20:38,0,False,2026-08-10 10:00:00,2026-08-07 09:47:06,Hostel & Maintenance,Hostel & Maintenance,2026-08-07 12:13:41,0.0,4,1,STU24024,portal,Low,False,Hostel & Maintenance,Closed,4.0,False,0.16333333333333333,26.443055555555556,0.0,73.11583333333333,0.0,99.72222222222223,99.72222222222223,99.72222222222223,120,2026-08-11 09:37:18,1.0,True,True,96.37833333333333,False,Thursday,2026-08-03,,True,False
TKT-100244,2026-08-06 15:05:02,2026-08-07 10:54:30,2026-08-07 11:57:43,2026-08-07 18:59:12,2026-08-07 18:59:12,0,False,,,IT Support,IT Support,2026-08-07 11:57:43,0.0,0,1,STU25336,portal,Medium,False,Unknown,Closed,5.0,True,19.824444444444445,1.053611111111111,0.0,7.0247222222222225,0.0,27.90277777777778,27.90277777777778,27.90277777777778,72,2026-08-09 15:05:02,1.0,False,False,,False,Thursday,2026-08-03,,True,False
TKT-100245,2026-08-07 11:53:46,2026-08-07 12:37:51,2026-08-07 12:38:37,2026-08-08 16:48:57,2026-08-08 16:48:57,0,False,,,IT Support,IT Support,2026-08-07 12:38:37,0.0,1,1,STU24613,email,Medium,False,IT Support,Closed,5.0,True,0.7347222222222223,0.012777777777777779,0.0,28.17222222222222,0.0,28.919722222222223,28.919722222222223,28.919722222222223,72,2026-08-10 11:53:46,1.0,False,False,,False,Friday,2026-08-03,,True,False
TKT-100246,2026-08-07 23:21:44,2026-08-10 13:03:41,2026-08-11 08:44:58,2026-08-12 08:00:00,2026-08-12 08:00:00,0,False,2026-08-10 10:00:00,,Hostel & Maintenance,Hostel & Maintenance,2026-08-11 08:44:58,0.0,1,1,STU24028,email,Medium,True,Hostel & Maintenance,Closed,3.0,True,61.69916666666666,19.688055555555554,0.0,23.250555555555554,0.0,104.63777777777777,104.63777777777777,104.63777777777777,72,2026-08-10 23:21:44,0.0,True,False,58.63777777777778,False,Friday,2026-08-03,,True,False
TKT-100247,2026-08-07 19:35:13,2026-08-08 09:43:37,2026-08-11 11:44:46,2026-08-17 16:53:48,2026-08-17 16:53:48,0,False,2026-08-10 10:00:00,2026-08-09 09:43:37,Fees & Finance,Fees & Finance,2026-08-11 11:44:46,5.805,8,1,STU24134,email,Medium,False,Fees & Finance,Closed,,True,14.14,74.01916666666666,0.0,143.34555555555553,0.0,237.30972222222223,231.50472222222223,231.50472222222223,72,2026-08-10 19:35:13,0.0,True,True,62.41305555555556,False,Friday,2026-08-03,,True,False
TKT-100248,2026-08-07 11:12:34,2026-08-07 11:15:17,2026-08-07 13:33:15,2026-08-11 09:00:00,2026-08-11 09:00:00,0,False,2026-08-10 10:00:00,,Fees & Finance,Fees & Finance,2026-08-07 13:33:15,2.913611111111111,5,1,STU25054,portal,Low,False,Fees & Finance,Closed,3.0,False,0.04527777777777778,2.2994444444444446,0.0,88.53222222222223,0.0,93.79055555555556,90.87694444444445,90.87694444444445,120,2026-08-12 11:12:34,1.0,True,False,70.79055555555556,False,Friday,2026-08-03,,True,False
TKT-100249,2026-08-07 13:36:11,2026-08-07 13:38:15,2026-08-08 17:54:07,2026-08-21 10:59:15,2026-08-21 10:59:15,0,False,2026-08-10 10:00:00,2026-08-08 13:38:15,Hostel & Maintenance,Hostel & Maintenance,2026-08-08 17:54:07,0.0,22,1,STU24363,email,Medium,False,Hostel & Maintenance,Closed,3.0,False,0.034444444444444444,28.264444444444443,0.0,305.0855555555556,0.0,333.38444444444445,333.38444444444445,333.38444444444445,72,2026-08-10 13:36:11,0.0,True,True,68.39694444444444,False,Friday,2026-08-03,,True,False
TKT-100250,2026-08-07 14:03:59,2026-08-07 14:15:50,2026-08-08 10:50:18,2026-08-08 15:35:02,2026-08-10 12:56:32,0,True,,,IT Support,IT Support,2026-08-08 10:50:18,0.0,0,1,STU25764,portal,High,False,IT Support,Closed,,False,0.1975,20.574444444444445,0.0,4.745555555555556,45.358333333333334,70.87583333333333,70.87583333333333,25.5175,24,2026-08-08 14:03:59,0.0,False,False,,False,Friday,2026-08-03,,True,False
TKT-100251,2026-08-07 19:14:03,2026-08-08 09:28:46,2026-08-11 16:04:55,2026-08-17 09:00:00,2026-08-17 09:00:00,0,False,2026-08-10 10:00:00,2026-08-09 09:28:46,Fees & Finance,Fees & Finance,2026-08-11 16:04:55,0.0,7,1,STU24232,email,High,False,Fees & Finance,Closed,,True,14.245277777777778,78.6025,0.0,136.91805555555555,0.0,229.76583333333335,229.76583333333335,229.76583333333335,24,2026-08-08 19:14:03,0.0,True,True,62.76583333333333,True,Friday,2026-08-03,,True,False
TKT-100252,2026-08-07 07:09:07,2026-08-07 07:10:21,2026-08-07 16:31:44,2026-08-11 08:00:00,2026-08-11 08:00:00,0,False,2026-08-10 10:00:00,,Hostel & Maintenance,Hostel & Maintenance,2026-08-07 16:31:44,7.295833333333333,1,1,STU25673,portal,Low,False,Hostel & Maintenance,Closed,,False,0.020555555555555556,9.356388888888889,0.0,80.17527777777778,0.0,96.84805555555556,89.55222222222223,89.55222222222223,120,2026-08-12 07:09:07,1.0,True,False,74.84805555555556,False,Friday,2026-08-03,,True,False
TKT-100253,2026-08-07 16:28:17,2026-08-07 16:43:13,2026-08-09 23:50:22,2026-08-10 13:57:01,2026-08-10 13:57:01,0,False,2026-08-10 10:00:00,2026-08-08 16:43:13,Fees & Finance,Fees & Finance,2026-08-09 23:50:22,0.0,1,1,STU25647,portal,Medium,False,Fees & Finance,Closed,,False,0.24888888888888888,55.119166666666665,0.0,14.110833333333334,0.0,69.47888888888889,69.47888888888889,69.47888888888889,72,2026-08-10 16:28:17,1.0,True,True,65.5286111111111,False,Friday,2026-08-03,,True,False
TKT-100254,2026-08-07 15:41:02,2026-08-07 15:54:34,2026-08-11 08:26:12,2026-08-11 11:28:12,2026-08-11 11:28:12,0,False,2026-08-10 10:00:00,2026-08-08 15:54:34,Academics & Exams,Academics & Exams,2026-08-11 08:26:12,0.0,2,1,STU24895,portal,High,False,Academics & Exams,Closed,,False,0.22555555555555556,88.52722222222222,0.0,3.033333333333333,0.0,91.78611111111111,91.78611111111111,91.78611111111111,24,2026-08-08 15:41:02,0.0,True,True,66.31611111111111,True,Friday,2026-08-03,,True,False
TKT-100255,2026-08-07 06:16:32,2026-08-07 09:18:10,2026-08-07 09:22:59,2026-08-07 11:12:29,2026-08-07 11:12:29,0,False,,,IT Support,IT Support,2026-08-07 09:22:59,0.0,0,1,STU25356,email,Medium,True,IT Support,Closed,,True,3.027222222222222,0.08027777777777778,0.0,1.825,0.0,4.9325,4.9325,4.9325,72,2026-08-10 06:16:32,1.0,False,False,,False,Friday,2026-08-03,,True,False
TKT-100256,2026-08-07 13:53:04,2026-08-07 13:54:47,2026-08-08 15:00:29,2026-08-12 08:00:00,2026-08-12 08:00:00,1,False,2026-08-10 10:00:00,2026-08-08 13:54:47,Library,Hostel & Maintenance,2026-08-10 13:30:44,8.223055555555556,7,2,STU24249,portal,Medium,False,Library,Closed,,False,0.02861111111111111,25.095,46.50416666666667,34.264722222222225,0.0,114.11555555555556,105.8925,105.8925,72,2026-08-10 13:53:04,0.0,True,True,68.11555555555556,False,Friday,2026-08-03,,True,False
TKT-100257,2026-08-07 09:21:01,2026-08-07 09:34:53,2026-08-07 11:19:40,2026-08-12 09:00:00,2026-08-12 09:00:00,0,False,2026-08-10 10:00:00,,Academics & Exams,Academics & Exams,2026-08-07 11:19:40,0.0,3,1,STU25444,portal,Low,False,Academics & Exams,Closed,,False,0.2311111111111111,1.746388888888889,0.0,117.67222222222222,0.0,119.64972222222222,119.64972222222222,119.64972222222222,120,2026-08-12 09:21:01,1.0,True,False,72.64972222222222,False,Friday,2026-08-03,,True,False
TKT-100258,2026-08-07 17:09:06,2026-08-08 09:16:04,2026-08-08 10:00:20,2026-08-11 14:01:22,2026-08-11 14:01:22,0,False,2026-08-10 10:00:00,,Hostel & Maintenance,Hostel & Maintenance,2026-08-08 10:00:20,0.0,4,1,STU25479,email,Medium,True,Hostel & Maintenance,Closed,3.0,True,16.11611111111111,0.7377777777777778,0.0,76.01722222222222,0.0,92.8711111111111,92.8711111111111,92.8711111111111,72,2026-08-10 17:09:06,0.0,True,False,64.84833333333333,False,Friday,2026-08-03,,True,False
TKT-100259,2026-08-07 21:11:12,2026-08-07 21:13:13,2026-08-10 19:39:27,2026-08-11 09:00:00,2026-08-11 09:00:00,0,False,2026-08-10 10:00:00,2026-08-08 21:13:13,Academics & Exams,Academics & Exams,2026-08-10 19:39:27,0.0,3,1,STU24058,portal,Low,False,Academics & Exams,Closed,,False,0.03361111111111111,70.43722222222222,0.0,13.3425,0.0,83.81333333333333,83.81333333333333,83.81333333333333,120,2026-08-12 21:11:12,1.0,True,True,60.81333333333333,False,Friday,2026-08-03,,True,False
TKT-100260,2026-08-07 15:55:30,2026-08-07 16:07:19,2026-08-08 11:47:00,2026-08-11 08:00:00,2026-08-11 08:00:00,0,False,2026-08-10 10:00:00,,Hostel & Maintenance,Hostel & Maintenance,2026-08-08 11:47:00,11.5725,5,1,STU24139,portal,Low,False,Hostel & Maintenance,Closed,,False,0.19694444444444445,19.66138888888889,0.0,56.64416666666667,0.0,88.075,76.5025,76.5025,120,2026-08-12 15:55:30,1.0,True,False,66.075,False,Friday,2026-08-03,,True,False
TKT-100261,2026-08-07 14:51:13,2026-08-07 15:04:27,2026-08-10 12:38:28,2026-08-13 08:00:00,2026-08-13 08:00:00,0,False,2026-08-10 10:00:00,2026-08-08 15:04:27,Hostel & Maintenance,Hostel & Maintenance,2026-08-10 12:38:28,3.888888888888889,4,1,STU24580,portal,Low,False,Hostel & Maintenance,Closed,,False,0.22055555555555556,69.56694444444445,0.0,63.47,0.0,137.14638888888888,133.2575,133.2575,120,2026-08-12 14:51:13,0.0,True,True,67.1463888888889,False,Friday,2026-08-03,,True,False
TKT-100262,2026-08-07 19:43:54,2026-08-07 19:54:27,2026-08-08 13:05:44,2026-08-10 11:33:49,2026-08-10 11:33:49,0,False,2026-08-10 10:00:00,,Hostel & Maintenance,Hostel & Maintenance,2026-08-08 13:05:44,0.0,0,1,STU25170,portal,Medium,False,Hostel & Maintenance,Closed,4.0,False,0.17583333333333334,17.188055555555554,0.0,46.46805555555556,0.0,63.831944444444446,63.831944444444446,63.831944444444446,72,2026-08-10 19:43:54,1.0,True,False,62.26833333333333,False,Friday,2026-08-03,,True,False
TKT-100263,2026-08-07 16:26:04,2026-08-08 12:19:17,2026-08-10 02:59:21,2026-08-10 11:50:11,2026-08-10 11:50:11,0,False,2026-08-10 10:00:00,2026-08-09 12:19:17,Library,Library,2026-08-10 02:59:21,0.0,2,1,STU24495,email,Medium,True,Library,Closed,,True,19.886944444444445,38.66777777777778,0.0,8.847222222222221,0.0,67.40194444444444,67.40194444444444,67.40194444444444,72,2026-08-10 16:26:04,1.0,True,True,65.56555555555556,False,Friday,2026-08-03,,True,False
TKT-100264,2026-08-07 20:31:08,2026-08-07 20:38:49,2026-08-08 14:59:22,2026-08-08 19:48:27,2026-08-08 19:48:27,0,False,,,Hostel & Maintenance,Hostel & Maintenance,2026-08-08 14:59:22,0.0,0,1,STU24700,portal,Medium,False,Hostel & Maintenance,Closed,,False,0.12805555555555556,18.3425,0.0,4.8180555555555555,0.0,23.288611111111113,23.288611111111113,23.288611111111113,72,2026-08-10 20:31:08,1.0,False,False,,False,Friday,2026-08-03,,True,False
TKT-100265,2026-08-07 11:45:52,2026-08-07 12:55:59,2026-08-07 15:50:59,2026-08-08 16:49:55,2026-08-08 16:49:55,0,False,,,IT Support,IT Support,2026-08-07 15:50:59,0.0,0,1,STU24683,portal,Medium,False,Unknown,Closed,,True,1.168611111111111,2.9166666666666665,0.0,24.982222222222223,0.0,29.0675,29.0675,29.0675,72,2026-08-10 11:45:52,1.0,False,False,,False,Friday,2026-08-03,,True,False
TKT-100266,2026-08-07 14:27:49,2026-08-07 14:54:13,2026-08-12 01:59:17,2026-08-17 09:00:00,2026-08-17 09:00:00,1,False,2026-08-10 10:00:00,2026-08-08 14:54:13,Fees & Finance,Academics & Exams,2026-08-13 14:55:08,0.0,11,2,STU24513,email,Medium,True,Fees & Finance,Closed,,False,0.44,107.08444444444444,36.93083333333333,90.08111111111111,0.0,234.5363888888889,234.5363888888889,234.5363888888889,72,2026-08-10 14:27:49,0.0,True,True,67.5363888888889,False,Friday,2026-08-03,,True,False
TKT-100267,2026-08-07 10:25:16,2026-08-07 10:34:49,2026-08-07 14:48:17,2026-08-08 09:10:48,2026-08-10 16:27:46,0,True,,,IT Support,IT Support,2026-08-07 14:48:17,0.0,2,1,STU25196,portal,Low,False,IT Support,Closed,,False,0.15916666666666668,4.224444444444444,0.0,18.37527777777778,55.28277777777778,78.04166666666667,78.04166666666667,22.75888888888889,120,2026-08-12 10:25:16,1.0,False,False,,False,Friday,2026-08-03,,True,False
TKT-100268,2026-08-07 22:59:55,2026-08-08 14:20:55,2026-08-10 03:21:20,2026-08-11 08:00:00,2026-08-11 08:00:00,0,False,2026-08-10 10:00:00,2026-08-09 14:20:55,IT Support,IT Support,2026-08-10 03:21:20,6.229722222222223,2,1,STU24879,email,Low,False,IT Support,Closed,,True,15.35,37.00694444444444,0.0,22.414722222222224,0.0,81.00138888888888,74.77166666666666,74.77166666666666,120,2026-08-12 22:59:55,1.0,True,True,59.00138888888889,False,Friday,2026-08-03,,True,False
TKT-100269,2026-08-07 21:36:11,2026-08-07 21:40:40,2026-08-10 00:22:35,2026-08-11 09:00:00,2026-08-13 12:03:30,0,True,2026-08-10 10:00:00,2026-08-08 21:40:40,Fees & Finance,Fees & Finance,2026-08-10 00:22:35,0.0,4,1,STU24843,portal,Low,False,Fees & Finance,Closed,3.0,False,0.07472222222222222,50.69861111111111,0.0,32.62361111111111,51.05833333333333,134.45527777777778,134.45527777777778,83.39694444444444,120,2026-08-12 21:36:11,0.0,True,True,60.39694444444444,False,Friday,2026-08-03,,True,False
TKT-100270,2026-08-07 09:38:04,2026-08-07 09:52:37,2026-08-07 10:52:35,2026-08-07 16:15:25,2026-08-07 16:15:25,0,False,,,IT Support,IT Support,2026-08-07 10:52:35,3.1341666666666668,0,1,STU24791,walk_in,Low,False,IT Support,Closed,5.0,False,0.2425,0.9994444444444445,0.0,2.2463888888888888,0.0,6.6225,3.488333333333333,3.488333333333333,120,2026-08-12 09:38:04,1.0,False,False,,False,Friday,2026-08-03,,True,False
TKT-100271,2026-08-07 16:01:17,2026-08-07 16:06:30,2026-08-08 11:15:58,2026-08-10 12:33:01,2026-08-10 12:33:01,0,False,2026-08-10 10:00:00,,Hostel & Maintenance,Hostel & Maintenance,2026-08-08 11:15:58,4.835555555555556,2,1,STU25746,portal,Low,False,Hostel & Maintenance,Closed,5.0,False,0.08694444444444445,19.157777777777778,0.0,44.448611111111106,0.0,68.52888888888889,63.69333333333333,63.69333333333333,120,2026-08-12 16:01:17,1.0,True,False,65.9786111111111,False,Friday,2026-08-03,,True,False
TKT-100272,2026-08-07 15:23:55,2026-08-07 16:47:43,2026-08-08 08:46:17,2026-08-12 19:43:48,2026-08-12 19:43:48,0,False,2026-08-10 10:00:00,,Hostel & Maintenance,Hostel & Maintenance,2026-08-08 08:46:17,0.0,4,1,STU24076,email,High,False,Hostel & Maintenance,Closed,3.0,True,1.3966666666666667,15.976111111111111,0.0,106.95861111111111,0.0,124.3313888888889,124.3313888888889,124.3313888888889,24,2026-08-08 15:23:55,0.0,True,False,66.60138888888889,True,Friday,2026-08-03,,True,False
TKT-100273,2026-08-07 14:14:25,2026-08-08 09:15:12,2026-08-12 07:04:03,2026-08-17 09:00:00,2026-08-17 09:00:00,0,False,2026-08-10 10:00:00,2026-08-09 09:15:12,Fees & Finance,Fees & Finance,2026-08-12 07:04:03,0.0,4,1,STU25291,email,Low,False,Fees & Finance,Closed,3.0,True,19.013055555555557,93.81416666666667,0.0,121.9325,0.0,234.75972222222222,234.75972222222222,234.75972222222222,120,2026-08-12 14:14:25,0.0,True,True,67.75972222222222,False,Friday,2026-08-03,,True,False
TKT-100274,2026-08-07 23:16:14,2026-08-07 23:18:42,2026-08-08 11:19:51,2026-08-08 17:10:18,2026-08-08 17:10:18,0,False,,,IT Support,IT Support,2026-08-08 11:19:51,0.0,0,1,STU25778,portal,Medium,False,IT Support,Closed,,False,0.04111111111111111,12.019166666666667,0.0,5.840833333333333,0.0,17.90111111111111,17.90111111111111,17.90111111111111,72,2026-08-10 23:16:14,1.0,False,False,,False,Friday,2026-08-03,,True,False
TKT-100275,2026-08-08 08:43:17,2026-08-08 13:39:17,2026-08-08 18:04:27,2026-08-10 11:26:31,2026-08-10 11:26:31,0,False,2026-08-10 10:00:00,,IT Support,IT Support,2026-08-08 18:04:27,4.556111111111111,1,1,STU25220,email,Medium,False,IT Support,Closed,,True,4.933333333333334,4.419444444444444,0.0,36.81166666666667,0.0,50.720555555555556,46.16444444444444,46.16444444444444,72,2026-08-11 08:43:17,1.0,True,False,49.27861111111111,False,Saturday,2026-08-03,,True,False
TKT-100276,2026-08-08 07:41:47,2026-08-08 12:14:56,2026-08-10 07:01:56,2026-08-10 10:25:04,2026-08-11 14:29:25,0,True,2026-08-10 10:00:00,2026-08-09 12:14:56,Academics & Exams,Academics & Exams,2026-08-10 07:01:56,0.0,2,1,STU24849,email,Medium,False,Academics & Exams,Closed,,True,4.5525,42.78333333333333,0.0,3.3855555555555554,28.0725,78.79388888888889,78.79388888888889,50.72138888888889,72,2026-08-11 07:41:47,0.0,True,True,50.30361111111111,False,Saturday,2026-08-03,,True,False
TKT-100277,2026-08-08 21:48:21,2026-08-10 10:36:44,2026-08-11 08:30:46,2026-08-12 14:12:16,2026-08-12 14:12:16,0,False,2026-08-11 10:00:00,,IT Support,IT Support,2026-08-11 08:30:46,0.0,8,1,STU25176,email,Medium,True,IT Support,Closed,,True,36.80638888888889,21.900555555555556,0.0,29.691666666666666,0.0,88.39861111111111,88.39861111111111,88.39861111111111,72,2026-08-11 21:48:21,0.0,True,False,60.19416666666667,False,Saturday,2026-08-03,,True,False
TKT-100278,2026-08-08 14:30:21,2026-08-08 14:38:51,2026-08-08 15:32:28,2026-08-10 09:19:02,2026-08-10 09:19:02,0,False,,,IT Support,IT Support,2026-08-08 15:32:28,0.0,1,1,STU24723,portal,Low,False,IT Support,Closed,,False,0.14166666666666666,0.8936111111111111,0.0,41.77611111111111,0.0,42.81138888888889,42.81138888888889,42.81138888888889,120,2026-08-13 14:30:21,1.0,False,False,,False,Saturday,2026-08-03,,True,False
TKT-100279,2026-08-08 13:25:36,2026-08-08 13:31:19,2026-08-08 15:38:55,2026-08-10 12:04:22,2026-08-10 12:04:22,0,False,,,IT Support,IT Support,2026-08-08 15:38:55,2.8941666666666666,1,1,STU25060,portal,Medium,False,IT Support,Closed,,False,0.09527777777777778,2.1266666666666665,0.0,41.53,0.0,46.64611111111111,43.75194444444445,43.75194444444445,72,2026-08-11 13:25:36,1.0,False,False,,False,Saturday,2026-08-03,,True,False
TKT-100280,2026-08-08 18:31:35,2026-08-10 09:40:11,2026-08-10 11:47:54,2026-08-10 17:55:07,2026-08-11 15:54:51,0,True,,,IT Support,IT Support,2026-08-10 11:47:54,0.0,1,1,STU25784,email,Low,False,IT Support,Closed,,True,39.14333333333333,2.1286111111111112,0.0,6.120277777777778,21.995555555555555,69.38777777777777,69.38777777777777,47.39222222222222,120,2026-08-13 18:31:35,1.0,False,False,,False,Saturday,2026-08-03,,True,False
TKT-100281,2026-08-08 12:02:53,2026-08-08 16:29:52,2026-08-10 06:22:35,2026-08-12 08:00:00,2026-08-12 08:00:00,0,False,2026-08-11 10:00:00,2026-08-09 16:29:52,Hostel & Maintenance,Hostel & Maintenance,2026-08-10 06:22:35,2.4175,4,1,STU24964,email,Medium,False,Hostel & Maintenance,Closed,4.0,True,4.449722222222222,37.87861111111111,0.0,47.20611111111111,0.0,91.95194444444445,89.53444444444445,89.53444444444445,72,2026-08-11 12:02:53,0.0,True,True,69.95194444444445,False,Saturday,2026-08-03,,True,False
TKT-100282,2026-08-08 20:17:15,2026-08-10 15:11:06,2026-08-12 03:30:00,2026-08-13 08:00:00,2026-08-13 08:00:00,0,False,2026-08-11 10:00:00,2026-08-11 15:11:06,Hostel & Maintenance,Hostel & Maintenance,2026-08-12 03:30:00,0.0,3,1,STU25057,portal,Medium,False,Hostel & Maintenance,Closed,3.0,True,42.8975,36.315,0.0,28.5,0.0,107.7125,107.7125,107.7125,72,2026-08-11 20:17:15,0.0,True,True,61.7125,False,Saturday,2026-08-03,,True,False
TKT-100283,2026-08-08 10:04:15,2026-08-08 10:09:11,2026-08-08 11:18:09,2026-08-08 12:56:20,2026-08-08 12:56:20,0,False,,,Library,Library,2026-08-08 11:18:09,0.0,0,1,STU25745,portal,Medium,False,Library,Closed,,False,0.08222222222222222,1.1494444444444445,0.0,1.636388888888889,0.0,2.8680555555555554,2.8680555555555554,2.8680555555555554,72,2026-08-11 10:04:15,1.0,False,False,,False,Saturday,2026-08-03,,True,False
TKT-100284,2026-08-08 13:34:45,2026-08-08 17:08:22,2026-08-08 17:27:52,2026-08-10 12:14:23,2026-08-10 12:14:23,0,False,,,IT Support,IT Support,2026-08-08 17:27:52,15.105555555555556,0,1,STU25247,email,Medium,False,IT Support,Closed,,True,3.560277777777778,0.325,0.0,27.669722222222227,0.0,46.660555555555554,31.555,31.555,72,2026-08-11 13:34:45,1.0,False,False,,False,Saturday,2026-08-03,,True,False
TKT-100285,2026-08-08 12:52:59,2026-08-10 09:14:08,2026-08-12 02:57:10,2026-08-13 09:00:00,2026-08-14 15:22:46,0,True,2026-08-11 10:00:00,2026-08-11 09:14:08,Fees & Finance,Fees & Finance,2026-08-12 02:57:10,0.0,6,1,STU24917,email,Low,False,Fees & Finance,Closed,3.0,True,44.3525,41.71722222222222,0.0,30.04722222222222,30.379444444444445,146.4963888888889,146.4963888888889,116.11694444444444,120,2026-08-13 12:52:59,0.0,True,True,69.11694444444444,False,Saturday,2026-08-03,,True,False
TKT-100286,2026-08-08 14:35:25,2026-08-08 14:45:53,2026-08-08 15:15:00,2026-08-14 16:44:00,2026-08-14 16:44:00,1,False,2026-08-11 10:00:00,,IT Support,Hostel & Maintenance,2026-08-12 13:45:12,2.4541666666666666,7,2,STU25243,portal,Medium,False,IT Support,Closed,3.0,False,0.17444444444444446,0.48527777777777775,94.50333333333333,48.52583333333333,0.0,146.14305555555555,143.68888888888887,143.68888888888887,72,2026-08-11 14:35:25,0.0,True,False,67.40972222222223,False,Saturday,2026-08-03,,True,False
TKT-100287,2026-08-08 09:33:20,2026-08-08 11:05:17,2026-08-08 18:40:21,2026-08-10 16:53:10,2026-08-10 16:53:10,1,False,2026-08-10 10:00:00,,Hostel & Maintenance,IT Support,2026-08-10 13:53:09,0.0,1,2,STU24171,email,Medium,True,Hostel & Maintenance,Closed,,True,1.5325,7.584444444444444,43.21333333333333,3.000277777777778,0.0,55.330555555555556,55.330555555555556,55.330555555555556,72,2026-08-11 09:33:20,1.0,True,False,48.44444444444444,False,Saturday,2026-08-03,,True,False
TKT-100288,2026-08-08 19:39:04,2026-08-10 12:10:58,2026-08-11 10:32:15,2026-08-13 09:31:09,2026-08-13 09:31:09,0,False,2026-08-11 10:00:00,,Fees & Finance,Fees & Finance,2026-08-11 10:32:15,0.0,0,1,STU25130,email,Medium,True,Fees & Finance,Closed,,True,40.531666666666666,22.35472222222222,0.0,46.98166666666667,0.0,109.86805555555556,109.86805555555556,109.86805555555556,72,2026-08-11 19:39:04,0.0,True,False,62.34888888888889,False,Saturday,2026-08-03,,True,False
TKT-100289,2026-08-08 20:34:31,2026-08-08 20:40:28,2026-08-10 09:24:01,2026-08-12 08:00:00,2026-08-12 08:00:00,0,False,2026-08-11 10:00:00,2026-08-09 20:40:28,Hostel & Maintenance,Hostel & Maintenance,2026-08-10 09:24:01,0.0,2,1,STU25254,portal,Medium,False,Hostel & Maintenance,Closed,2.0,False,0.09916666666666667,36.725833333333334,0.0,46.59972222222222,0.0,83.42472222222223,83.42472222222223,83.42472222222223,72,2026-08-11 20:34:31,0.0,True,True,61.42472222222222,False,Saturday,2026-08-03,,True,False
TKT-100290,2026-08-08 17:53:10,2026-08-10 09:03:56,2026-08-10 10:42:55,2026-08-12 10:14:26,2026-08-12 10:14:26,0,False,2026-08-11 10:00:00,,IT Support,IT Support,2026-08-10 10:42:55,33.6175,3,1,STU24520,portal,Medium,False,IT Support,Closed,5.0,True,39.17944444444444,1.6497222222222223,0.0,13.907777777777781,0.0,88.35444444444444,54.73694444444444,54.73694444444444,72,2026-08-11 17:53:10,1.0,True,False,64.1138888888889,False,Saturday,2026-08-03,,True,False
TKT-100291,2026-08-08 18:38:12,2026-08-08 18:50:45,2026-08-10 23:11:36,2026-08-17 09:00:00,2026-08-17 09:00:00,0,False,2026-08-11 10:00:00,2026-08-09 18:50:45,Fees & Finance,Fees & Finance,2026-08-10 23:11:36,0.0,7,1,STU25690,portal,Low,False,Fees & Finance,Closed,3.0,False,0.20916666666666667,52.3475,0.0,153.80666666666667,0.0,206.36333333333334,206.36333333333334,206.36333333333334,120,2026-08-13 18:38:12,0.0,True,True,63.36333333333334,False,Saturday,2026-08-03,,True,False
TKT-100292,2026-08-08 11:52:21,2026-08-08 11:57:21,2026-08-08 12:58:27,2026-08-11 10:13:52,2026-08-11 10:13:52,0,False,2026-08-11 10:00:00,,Hostel & Maintenance,Hostel & Maintenance,2026-08-08 12:58:27,0.0,0,1,STU25373,portal,Medium,False,Hostel & Maintenance,Closed,5.0,False,0.08333333333333333,1.0183333333333333,0.0,69.25694444444444,0.0,70.35861111111112,70.35861111111112,70.35861111111112,72,2026-08-11 11:52:21,1.0,True,False,70.1275,False,Saturday,2026-08-03,,True,False
TKT-100293,2026-08-08 22:52:02,2026-08-08 22:58:44,2026-08-10 05:38:43,2026-08-11 08:46:02,2026-08-11 08:46:02,0,False,,2026-08-09 22:58:44,IT Support,IT Support,2026-08-10 05:38:43,0.0,0,1,STU25529,portal,High,False,IT Support,Closed,,False,0.11166666666666666,30.66638888888889,0.0,27.121944444444445,0.0,57.9,57.9,57.9,24,2026-08-09 22:52:02,0.0,False,True,,False,Saturday,2026-08-03,,True,False
TKT-100294,2026-08-08 11:21:57,2026-08-08 11:25:14,2026-08-10 02:56:53,2026-08-12 09:00:00,2026-08-12 09:00:00,0,False,2026-08-11 10:00:00,2026-08-09 11:25:14,Library,Library,2026-08-10 02:56:53,0.0,9,1,STU24571,portal,Medium,False,Library,Closed,3.0,False,0.05472222222222222,39.5275,0.0,54.051944444444445,0.0,93.63416666666667,93.63416666666667,93.63416666666667,72,2026-08-11 11:21:57,0.0,True,True,70.63416666666667,False,Saturday,2026-08-03,,True,False
TKT-100295,2026-08-08 11:50:38,2026-08-08 11:56:24,2026-08-08 18:03:21,2026-08-10 17:57:29,2026-08-10 17:57:29,0,False,,,Hostel & Maintenance,Hostel & Maintenance,2026-08-08 18:03:21,0.0,2,1,STU24220,portal,Low,False,Hostel & Maintenance,Closed,3.0,False,0.0961111111111111,6.115833333333334,0.0,47.90222222222222,0.0,54.11416666666667,54.11416666666667,54.11416666666667,120,2026-08-13 11:50:38,1.0,False,False,,False,Saturday,2026-08-03,,True,False
TKT-100296,2026-08-08 15:59:13,2026-08-08 16:07:26,2026-08-12 08:44:41,2026-08-13 09:00:00,2026-08-13 09:00:00,0,False,2026-08-11 10:00:00,2026-08-09 16:07:26,Fees & Finance,Fees & Finance,2026-08-12 08:44:41,0.0,1,1,STU24454,portal,Medium,False,Fees & Finance,Closed,2.0,False,0.13694444444444445,88.62083333333334,0.0,24.255277777777778,0.0,113.01305555555555,113.01305555555555,113.01305555555555,72,2026-08-11 15:59:13,0.0,True,True,66.01305555555555,False,Saturday,2026-08-03,,True,False
TKT-100297,2026-08-08 15:11:28,2026-08-08 15:24:49,2026-08-08 17:32:51,2026-08-10 10:37:11,2026-08-10 10:37:11,0,False,,,IT Support,IT Support,2026-08-08 17:32:51,0.0,3,1,STU24318,portal,Low,False,IT Support,Closed,4.0,False,0.2225,2.133888888888889,0.0,41.07222222222222,0.0,43.42861111111111,43.42861111111111,43.42861111111111,120,2026-08-13 15:11:28,1.0,False,False,,False,Saturday,2026-08-03,,True,False
TKT-100298,2026-08-08 12:08:35,2026-08-08 17:26:38,2026-08-08 18:42:19,2026-08-10 13:32:55,2026-08-10 13:32:55,0,False,,,IT Support,IT Support,2026-08-08 18:42:19,0.0,1,1,STU24022,email,Medium,False,IT Support,Closed,,True,5.300833333333333,1.261388888888889,0.0,42.843333333333334,0.0,49.40555555555556,49.40555555555556,49.40555555555556,72,2026-08-11 12:08:35,1.0,False,False,,False,Saturday,2026-08-03,,True,False
TKT-100299,2026-08-08 13:27:49,2026-08-08 14:20:24,2026-08-08 15:45:28,2026-08-12 09:00:00,2026-08-12 09:00:00,1,False,2026-08-11 10:00:00,,Library,Fees & Finance,2026-08-11 09:39:45,0.0,2,2,STU25601,email,Medium,True,Library,Closed,,True,0.8763888888888889,1.4177777777777778,65.90472222222222,23.3375,0.0,91.5363888888889,91.5363888888889,91.5363888888889,72,2026-08-11 13:27:49,0.0,True,False,68.5363888888889,False,Saturday,2026-08-03,,True,False
TKT-100300,2026-08-09 19:47:37,2026-08-09 19:50:18,2026-08-10 10:16:29,2026-08-13 09:00:00,2026-08-13 09:00:00,0,False,2026-08-12 10:00:00,,Academics & Exams,Academics & Exams,2026-08-10 10:16:29,0.0,0,1,STU25787,portal,Medium,False,Academics & Exams,Closed,,False,0.04472222222222222,14.436388888888889,0.0,70.72527777777778,0.0,85.2063888888889,85.2063888888889,85.2063888888889,72,2026-08-12 19:47:37,0.0,True,False,62.20638888888889,False,Sunday,2026-08-03,,True,False
TKT-100301,2026-08-09 09:06:10,2026-08-10 09:45:16,2026-08-10 15:58:37,2026-08-12 09:00:00,2026-08-12 09:00:00,0,False,2026-08-11 10:00:00,,Fees & Finance,Fees & Finance,2026-08-10 15:58:37,0.0,1,1,STU25225,email,Medium,False,Fees & Finance,Closed,4.0,True,24.651666666666667,6.2225,0.0,41.02305555555556,0.0,71.89722222222223,71.89722222222223,71.89722222222223,72,2026-08-12 09:06:10,1.0,True,False,48.897222222222226,False,Sunday,2026-08-03,,True,False
TKT-100302,2026-08-09 11:25:41,2026-08-10 09:50:04,2026-08-10 10:17:00,2026-08-13 18:59:45,2026-08-13 18:59:45,0,False,2026-08-12 10:00:00,,Hostel & Maintenance,Hostel & Maintenance,2026-08-10 10:17:00,7.6575,5,1,STU24135,email,Medium,True,Hostel & Maintenance,Closed,5.0,True,22.406388888888888,0.4488888888888889,0.0,73.055,0.0,103.56777777777778,95.91027777777778,95.91027777777778,72,2026-08-12 11:25:41,0.0,True,False,70.57194444444444,False,Sunday,2026-08-03,,True,False
TKT-100303,2026-08-09 07:22:45,2026-08-10 12:42:21,2026-08-10 13:05:25,2026-08-11 10:29:26,2026-08-11 10:29:26,0,False,2026-08-11 10:00:00,,Academics & Exams,Academics & Exams,2026-08-10 13:05:25,0.0,2,1,STU24121,email,Low,False,Academics & Exams,Closed,4.0,True,29.326666666666668,0.3844444444444444,0.0,21.400277777777777,0.0,51.11138888888889,51.11138888888889,51.11138888888889,120,2026-08-14 07:22:45,1.0,True,False,50.62083333333333,False,Sunday,2026-08-03,,True,False
TKT-100304,2026-08-09 17:50:21,2026-08-09 17:58:37,2026-08-10 09:01:05,2026-08-10 10:10:55,2026-08-10 10:10:55,0,False,,,IT Support,IT Support,2026-08-10 09:01:05,0.0,0,1,STU25174,portal,Medium,False,IT Support,Closed,4.0,False,0.13777777777777778,15.04111111111111,0.0,1.163888888888889,0.0,16.342777777777776,16.342777777777776,16.342777777777776,72,2026-08-12 17:50:21,1.0,False,False,,False,Sunday,2026-08-03,,True,False
TKT-100305,2026-08-09 23:23:55,2026-08-09 23:28:08,2026-08-11 09:48:23,2026-08-11 18:07:18,2026-08-11 18:07:18,1,False,,2026-08-10 23:28:08,Academics & Exams,IT Support,2026-08-11 14:14:35,0.0,0,2,STU24769,portal,Medium,False,Academics & Exams,Closed,,False,0.07027777777777777,34.3375,4.4366666666666665,3.8786111111111112,0.0,42.723055555555554,42.723055555555554,42.723055555555554,72,2026-08-12 23:23:55,1.0,False,True,,False,Sunday,2026-08-03,,True,False
TKT-100306,2026-08-09 19:25:31,2026-08-09 19:27:59,2026-08-10 11:31:39,2026-08-13 08:00:00,2026-08-13 08:00:00,0,False,2026-08-12 10:00:00,,Hostel & Maintenance,Hostel & Maintenance,2026-08-10 11:31:39,0.0,1,1,STU24903,portal,High,False,Hostel & Maintenance,Closed,,False,0.04111111111111111,16.06111111111111,0.0,68.4725,0.0,84.57472222222222,84.57472222222222,84.57472222222222,24,2026-08-10 19:25:31,0.0,True,False,62.57472222222222,True,Sunday,2026-08-03,,True,False
TKT-100307,2026-08-09 12:47:41,2026-08-09 13:00:43,2026-08-10 17:10:22,2026-08-11 12:32:08,2026-08-11 12:32:08,0,False,,2026-08-10 13:00:43,Hostel & Maintenance,Hostel & Maintenance,2026-08-10 17:10:22,0.0,0,1,STU25293,portal,Medium,False,Hostel & Maintenance,Closed,,False,0.21722222222222223,28.160833333333333,0.0,19.36277777777778,0.0,47.740833333333335,47.740833333333335,47.740833333333335,72,2026-08-12 12:47:41,1.0,False,True,,False,Sunday,2026-08-03,,True,False
TKT-100308,2026-08-09 18:39:55,2026-08-09 18:43:03,2026-08-10 11:26:56,2026-08-10 15:26:26,2026-08-10 15:26:26,0,False,,,Academics & Exams,Academics & Exams,2026-08-10 11:26:56,0.0,0,1,STU24938,portal,Medium,False,Academics & Exams,Closed,,False,0.052222222222222225,16.73138888888889,0.0,3.9916666666666667,0.0,20.775277777777777,20.775277777777777,20.775277777777777,72,2026-08-12 18:39:55,1.0,False,False,,False,Sunday,2026-08-03,,True,False
TKT-100309,2026-08-09 23:42:19,2026-08-10 09:59:06,2026-08-10 16:52:31,2026-08-11 16:06:14,2026-08-11 16:06:14,0,False,,,Academics & Exams,Academics & Exams,2026-08-10 16:52:31,0.0,0,1,STU24731,email,High,False,Academics & Exams,Closed,,True,10.279722222222222,6.8902777777777775,0.0,23.22861111111111,0.0,40.39861111111111,40.39861111111111,40.39861111111111,24,2026-08-10 23:42:19,0.0,False,False,,False,Sunday,2026-08-03,,True,False
TKT-100310,2026-08-09 22:20:36,2026-08-09 22:24:54,2026-08-10 15:37:58,2026-08-11 12:24:04,2026-08-11 12:24:04,0,False,,,IT Support,IT Support,2026-08-10 15:37:58,0.0,0,1,STU24305,portal,Medium,False,IT Support,Closed,,False,0.07166666666666667,17.217777777777776,0.0,20.768333333333334,0.0,38.05777777777778,38.05777777777778,38.05777777777778,72,2026-08-12 22:20:36,1.0,False,False,,False,Sunday,2026-08-03,,True,False
TKT-100311,2026-08-09 18:46:05,2026-08-09 18:48:29,2026-08-10 12:45:54,,,0,False,,,Academics & Exams,Academics & Exams,2026-08-10 12:45:54,0.0,2,1,STU24867,portal,Medium,False,Academics & Exams,Closed - No Response,,False,0.04,17.956944444444446,0.0,,,,,,72,2026-08-12 18:46:05,,False,False,,False,Sunday,2026-08-03,closed - student never replied,False,False
TKT-100312,2026-08-09 10:59:54,2026-08-10 10:35:17,2026-08-10 11:25:41,2026-08-11 08:14:20,2026-08-11 08:14:20,0,False,,,IT Support,IT Support,2026-08-10 11:25:41,0.0,1,1,STU24739,portal,Medium,False,IT Support,Closed,,True,23.58972222222222,0.84,0.0,20.810833333333335,0.0,45.24055555555555,45.24055555555555,45.24055555555555,72,2026-08-12 10:59:54,1.0,False,False,,False,Sunday,2026-08-03,,True,False
TKT-100313,2026-08-09 15:12:13,2026-08-09 15:25:59,2026-08-10 12:06:03,2026-08-10 14:57:03,2026-08-10 14:57:03,0,False,,,IT Support,IT Support,2026-08-10 12:06:03,1.1022222222222222,0,1,STU24606,portal,Medium,False,IT Support,Closed,,False,0.22944444444444445,20.66777777777778,0.0,1.7477777777777779,0.0,23.747222222222224,22.645000000000003,22.645000000000003,72,2026-08-12 15:12:13,1.0,False,False,,False,Sunday,2026-08-03,,True,False
TKT-100314,2026-08-09 12:46:20,2026-08-09 12:55:12,2026-08-10 11:50:43,2026-08-11 10:08:58,2026-08-11 10:08:58,0,False,,,Academics & Exams,Academics & Exams,2026-08-10 11:50:43,0.0,0,1,STU25177,portal,Medium,False,Academics & Exams,Closed,,False,0.14777777777777779,22.92527777777778,0.0,22.304166666666667,0.0,45.37722222222222,45.37722222222222,45.37722222222222,72,2026-08-12 12:46:20,1.0,False,False,,False,Sunday,2026-08-03,,True,False
TKT-100315,2026-08-09 19:01:25,2026-08-09 19:14:51,2026-08-11 08:39:12,2026-08-13 17:59:02,2026-08-13 17:59:02,0,False,2026-08-12 10:00:00,2026-08-10 19:14:51,Hostel & Maintenance,Hostel & Maintenance,2026-08-11 08:39:12,0.0,2,1,STU24010,portal,Medium,False,Hostel & Maintenance,Closed,,False,0.2238888888888889,37.405833333333334,0.0,57.330555555555556,0.0,94.96027777777778,94.96027777777778,94.96027777777778,72,2026-08-12 19:01:25,0.0,True,True,62.97638888888889,False,Sunday,2026-08-03,,True,False
TKT-100316,2026-08-09 15:39:49,2026-08-09 15:52:35,2026-08-10 08:51:40,2026-08-11 15:37:45,2026-08-11 15:37:45,1,False,,,IT Support,Hostel & Maintenance,2026-08-10 18:28:51,0.0,0,2,STU24895,portal,Low,False,IT Support,Closed,,False,0.2127777777777778,16.98472222222222,9.619722222222222,21.148333333333333,0.0,47.965555555555554,47.965555555555554,47.965555555555554,120,2026-08-14 15:39:49,1.0,False,False,,False,Sunday,2026-08-03,,True,False
TKT-100317,2026-08-09 20:50:59,2026-08-10 11:01:42,2026-08-10 14:37:14,2026-08-12 08:09:51,2026-08-14 18:42:20,0,True,,,Hostel & Maintenance,Hostel & Maintenance,2026-08-10 14:37:14,7.1325,2,1,STU24837,email,Low,False,Hostel & Maintenance,Closed,,True,14.178611111111111,3.5922222222222224,0.0,34.41111111111111,58.54138888888889,117.85583333333334,110.72333333333333,52.18194444444445,120,2026-08-14 20:50:59,1.0,False,False,,False,Sunday,2026-08-03,,True,False
TKT-100318,2026-08-09 12:27:43,2026-08-09 12:33:01,2026-08-10 09:33:35,2026-08-11 08:28:10,2026-08-11 08:28:10,0,False,,,Hostel & Maintenance,Hostel & Maintenance,2026-08-10 09:33:35,0.0,1,1,STU24622,portal,High,False,Hostel & Maintenance,Closed,2.0,False,0.08833333333333333,21.009444444444444,0.0,22.90972222222222,0.0,44.0075,44.0075,44.0075,24,2026-08-10 12:27:43,0.0,False,False,,False,Sunday,2026-08-03,,True,False
TKT-100319,2026-08-09 20:32:53,2026-08-10 12:23:26,2026-08-12 03:24:29,2026-08-13 09:00:00,2026-08-13 09:00:00,0,False,2026-08-12 10:00:00,2026-08-11 12:23:26,Academics & Exams,Academics & Exams,2026-08-12 03:24:29,0.0,1,1,STU24678,email,Medium,False,Academics & Exams,Closed,,True,15.8425,39.0175,0.0,29.591944444444444,0.0,84.45194444444445,84.45194444444445,84.45194444444445,72,2026-08-12 20:32:53,0.0,True,True,61.45194444444444,False,Sunday,2026-08-03,,True,False
TKT-100320,2026-08-09 09:42:43,2026-08-10 15:03:26,2026-08-10 19:42:01,2026-08-13 08:00:00,2026-08-13 08:00:00,0,False,2026-08-11 10:00:00,,Hostel & Maintenance,Hostel & Maintenance,2026-08-10 19:42:01,0.0,1,1,STU25716,email,Medium,False,Hostel & Maintenance,Closed,4.0,True,29.345277777777778,4.643055555555556,0.0,60.29972222222222,0.0,94.28805555555556,94.28805555555556,94.28805555555556,72,2026-08-12 09:42:43,0.0,True,False,48.28805555555556,False,Sunday,2026-08-03,,True,False
TKT-100321,2026-08-09 05:37:13,2026-08-09 05:38:34,2026-08-10 07:19:09,2026-08-15 08:00:00,2026-08-15 08:00:00,0,False,2026-08-11 10:00:00,2026-08-10 05:38:34,Hostel & Maintenance,Hostel & Maintenance,2026-08-10 07:19:09,0.0,3,1,STU25022,portal,Medium,False,Hostel & Maintenance,Closed,3.0,False,0.0225,25.676388888888887,0.0,120.68083333333334,0.0,146.37972222222223,146.37972222222223,146.37972222222223,72,2026-08-12 05:37:13,0.0,True,True,52.37972222222222,False,Sunday,2026-08-03,,True,False
TKT-100322,2026-08-10 17:38:50,2026-08-11 09:00:45,2026-08-12 09:09:27,2026-08-13 13:51:40,2026-08-13 13:51:40,0,False,2026-08-13 10:00:00,2026-08-12 09:00:45,Fees & Finance,Fees & Finance,2026-08-12 09:09:27,0.0,4,1,STU25314,email,Medium,False,Fees & Finance,Closed,,True,15.365277777777777,24.145,0.0,28.703611111111112,0.0,68.21388888888889,68.21388888888889,68.21388888888889,72,2026-08-13 17:38:50,1.0,True,True,64.35277777777777,False,Monday,2026-08-10,,True,False
TKT-100323,2026-08-10 23:00:29,2026-08-11 10:34:58,2026-08-11 15:27:55,2026-08-13 10:48:03,2026-08-13 10:48:03,0,False,2026-08-13 10:00:00,,Fees & Finance,Fees & Finance,2026-08-11 15:27:55,0.0,1,1,STU24423,email,Medium,True,Fees & Finance,Closed,4.0,True,11.574722222222222,4.8825,0.0,43.33555555555556,0.0,59.79277777777778,59.79277777777778,59.79277777777778,72,2026-08-13 23:00:29,1.0,True,False,58.99194444444444,False,Monday,2026-08-10,,True,False
TKT-100324,2026-08-10 10:02:52,2026-08-10 10:16:47,2026-08-10 13:20:01,2026-08-12 08:58:31,2026-08-12 08:58:31,0,False,,,Hostel & Maintenance,Hostel & Maintenance,2026-08-10 13:20:01,0.0,2,1,STU24351,portal,Low,False,Hostel & Maintenance,Closed,,False,0.23194444444444445,3.053888888888889,0.0,43.641666666666666,0.0,46.9275,46.9275,46.9275,120,2026-08-15 10:02:52,1.0,False,False,,False,Monday,2026-08-10,,True,False
TKT-100325,2026-08-10 10:22:03,2026-08-10 10:27:31,2026-08-10 11:08:13,2026-08-10 19:28:27,2026-08-10 19:28:27,0,False,,,IT Support,IT Support,2026-08-10 11:08:13,0.0,0,1,STU25257,portal,Medium,False,IT Support,Closed,,False,0.09111111111111111,0.6783333333333333,0.0,8.337222222222222,0.0,9.106666666666667,9.106666666666667,9.106666666666667,72,2026-08-13 10:22:03,1.0,False,False,,False,Monday,2026-08-10,,True,False
TKT-100326,2026-08-10 23:53:00,2026-08-11 00:04:58,2026-08-11 13:12:04,2026-08-12 13:25:31,2026-08-14 09:48:24,0,True,,,Academics & Exams,Academics & Exams,2026-08-11 13:12:04,19.251666666666665,1,1,STU24934,portal,Medium,False,Academics & Exams,Closed,,False,0.19944444444444445,13.118333333333334,0.0,4.9725,44.381388888888885,81.92333333333333,62.67166666666667,18.29027777777778,72,2026-08-13 23:53:00,1.0,False,False,,False,Monday,2026-08-10,,True,False
TKT-100327,2026-08-10 16:48:49,2026-08-10 17:24:55,2026-08-10 17:42:52,2026-08-14 08:00:00,2026-08-15 19:20:25,0,True,2026-08-13 10:00:00,,Hostel & Maintenance,Hostel & Maintenance,2026-08-10 17:42:52,11.5475,3,1,STU25307,walk_in,Medium,False,Hostel & Maintenance,Closed,,True,0.6016666666666667,0.2991666666666667,0.0,74.73805555555556,35.34027777777778,122.52666666666667,110.97916666666667,75.63888888888889,72,2026-08-13 16:48:49,0.0,True,False,65.18638888888889,False,Monday,2026-08-10,,True,False
TKT-100328,2026-08-10 16:23:53,2026-08-10 17:09:23,2026-08-10 19:42:39,2026-08-17 13:55:08,2026-08-17 13:55:08,1,False,2026-08-13 10:00:00,,IT Support,Hostel & Maintenance,2026-08-11 19:49:12,0.0,7,2,STU25000,email,Low,False,IT Support,Closed,,True,0.7583333333333333,2.5544444444444445,24.109166666666667,138.0988888888889,0.0,165.52083333333334,165.52083333333334,165.52083333333334,120,2026-08-15 16:23:53,0.0,True,False,65.60194444444444,False,Monday,2026-08-10,,True,False
TKT-100329,2026-08-10 23:16:29,2026-08-10 23:20:55,2026-08-11 11:58:28,2026-08-13 10:57:39,2026-08-13 10:57:39,0,False,2026-08-13 10:00:00,,Fees & Finance,Fees & Finance,2026-08-11 11:58:28,6.060555555555555,2,1,STU24677,portal,Medium,False,Fees & Finance,Closed,,False,0.07388888888888889,12.625833333333333,0.0,40.92583333333334,0.0,59.68611111111111,53.62555555555556,53.62555555555556,72,2026-08-13 23:16:29,1.0,True,False,58.72527777777778,False,Monday,2026-08-10,,True,False
TKT-100330,2026-08-10 18:05:07,2026-08-10 18:09:33,2026-08-11 09:58:09,2026-08-11 12:36:28,2026-08-11 12:36:28,0,False,,,Academics & Exams,Academics & Exams,2026-08-11 09:58:09,0.0,0,1,STU24318,portal,Medium,False,Academics & Exams,Closed,,False,0.07388888888888889,15.81,0.0,2.638611111111111,0.0,18.5225,18.5225,18.5225,72,2026-08-13 18:05:07,1.0,False,False,,False,Monday,2026-08-10,,True,False
TKT-100331,2026-08-10 19:10:43,2026-08-10 19:12:45,2026-08-11 10:51:40,2026-08-11 13:51:08,2026-08-11 13:51:08,0,False,,,Library,Library,2026-08-11 10:51:40,0.0,0,1,STU25727,portal,High,False,Library,Closed,,False,0.03388888888888889,15.64861111111111,0.0,2.991111111111111,0.0,18.67361111111111,18.67361111111111,18.67361111111111,24,2026-08-11 19:10:43,1.0,False,False,,False,Monday,2026-08-10,,True,False
TKT-100332,2026-08-10 10:25:10,2026-08-10 10:39:03,2026-08-10 14:06:11,2026-08-10 15:39:39,2026-08-10 15:39:39,0,False,,,IT Support,IT Support,2026-08-10 14:06:11,0.0,0,1,STU25327,portal,Medium,False,IT Support,Closed,,False,0.2313888888888889,3.4522222222222223,0.0,1.5577777777777777,0.0,5.241388888888889,5.241388888888889,5.241388888888889,72,2026-08-13 10:25:10,1.0,False,False,,False,Monday,2026-08-10,,True,False
TKT-100333,2026-08-10 08:56:55,2026-08-10 11:04:10,2026-08-10 15:21:47,2026-08-13 09:00:00,2026-08-13 09:00:00,0,False,2026-08-12 10:00:00,,Academics & Exams,Academics & Exams,2026-08-10 15:21:47,7.375555555555556,1,1,STU25567,email,Medium,False,Academics & Exams,Closed,4.0,True,2.120833333333333,4.293611111111111,0.0,58.26138888888888,0.0,72.0513888888889,64.67583333333334,64.67583333333334,72,2026-08-13 08:56:55,1.0,True,False,49.05138888888889,False,Monday,2026-08-10,,True,False
TKT-100334,2026-08-10 23:02:54,2026-08-10 23:04:11,2026-08-11 18:51:40,2026-08-12 11:03:12,2026-08-12 11:03:12,0,False,,,Hostel & Maintenance,Hostel & Maintenance,2026-08-11 18:51:40,0.0,0,1,STU24344,portal,Medium,False,Hostel & Maintenance,Closed,,False,0.021388888888888888,19.79138888888889,0.0,16.192222222222224,0.0,36.005,36.005,36.005,72,2026-08-13 23:02:54,1.0,False,False,,False,Monday,2026-08-10,,True,False
TKT-100335,2026-08-10 10:26:24,2026-08-10 13:36:25,2026-08-12 03:37:08,2026-08-13 13:11:05,2026-08-14 13:51:21,0,True,2026-08-13 10:00:00,2026-08-11 13:36:25,Academics & Exams,Academics & Exams,2026-08-12 03:37:08,3.903611111111111,4,1,STU24902,portal,Medium,False,Academics & Exams,Closed,,True,3.1669444444444443,38.011944444444445,0.0,29.66222222222222,24.67111111111111,99.41583333333334,95.51222222222222,70.8411111111111,72,2026-08-13 10:26:24,0.0,True,True,71.56,False,Monday,2026-08-10,,True,False
TKT-100336,2026-08-10 12:45:54,2026-08-10 12:58:01,2026-08-10 17:51:20,2026-08-13 11:16:55,2026-08-13 11:16:55,0,False,2026-08-13 10:00:00,,Hostel & Maintenance,Hostel & Maintenance,2026-08-10 17:51:20,29.839166666666667,1,1,STU24320,portal,High,False,Hostel & Maintenance,Closed,3.0,False,0.20194444444444445,4.8886111111111115,0.0,35.58722222222222,0.0,70.51694444444445,40.67777777777778,40.67777777777778,24,2026-08-11 12:45:54,0.0,True,False,69.235,True,Monday,2026-08-10,,True,False
TKT-100337,2026-08-10 13:44:16,2026-08-10 17:43:59,2026-08-12 08:03:25,2026-08-12 14:09:18,2026-08-12 14:09:18,0,False,,2026-08-11 17:43:59,IT Support,IT Support,2026-08-12 08:03:25,0.0,0,1,STU24565,portal,Low,False,Unknown,Closed,,True,3.995277777777778,38.32388888888889,0.0,6.098055555555556,0.0,48.41722222222222,48.41722222222222,48.41722222222222,120,2026-08-15 13:44:16,1.0,False,True,,False,Monday,2026-08-10,,True,False
TKT-100338,2026-08-10 14:47:14,2026-08-10 14:49:51,2026-08-11 10:58:17,2026-08-11 19:41:46,2026-08-11 19:41:46,0,False,,,IT Support,IT Support,2026-08-11 10:58:17,6.746388888888889,1,1,STU25302,portal,Medium,False,IT Support,Closed,4.0,False,0.043611111111111114,20.140555555555554,0.0,1.9783333333333335,0.0,28.90888888888889,22.1625,22.1625,72,2026-08-13 14:47:14,1.0,False,False,,False,Monday,2026-08-10,,True,False
TKT-100339,2026-08-10 14:23:11,2026-08-10 14:29:31,2026-08-12 05:39:49,2026-08-14 09:00:00,2026-08-14 09:00:00,0,False,2026-08-13 10:00:00,2026-08-11 14:29:31,Fees & Finance,Fees & Finance,2026-08-12 05:39:49,0.0,5,1,STU25031,portal,Medium,False,Fees & Finance,Closed,3.0,False,0.10555555555555556,39.17166666666667,0.0,51.33638888888889,0.0,90.61361111111111,90.61361111111111,90.61361111111111,72,2026-08-13 14:23:11,0.0,True,True,67.61361111111111,False,Monday,2026-08-10,,True,False
TKT-100340,2026-08-10 15:43:28,2026-08-10 17:30:22,2026-08-10 19:06:40,2026-08-13 13:41:17,2026-08-13 13:41:17,1,False,2026-08-13 10:00:00,,Hostel & Maintenance,Academics & Exams,2026-08-11 14:41:30,9.992777777777778,3,2,STU25195,email,Low,False,Hostel & Maintenance,Closed,,True,1.7816666666666667,1.605,19.580555555555556,37.00361111111111,0.0,69.9636111111111,59.97083333333333,59.97083333333333,120,2026-08-15 15:43:28,1.0,True,False,66.27555555555556,False,Monday,2026-08-10,,True,False
TKT-100341,2026-08-10 07:01:37,2026-08-10 12:41:18,2026-08-10 17:04:02,2026-08-11 15:46:00,2026-08-11 15:46:00,1,False,,,Hostel & Maintenance,IT Support,2026-08-11 11:59:38,0.0,0,2,STU24474,email,High,False,Hostel & Maintenance,Closed,2.0,True,5.661388888888889,4.378888888888889,18.926666666666666,3.772777777777778,0.0,32.73972222222222,32.73972222222222,32.73972222222222,24,2026-08-11 07:01:37,0.0,False,False,,False,Monday,2026-08-10,,True,False
TKT-100342,2026-08-10 13:13:18,2026-08-10 13:14:28,2026-08-10 13:40:30,2026-08-11 15:24:51,2026-08-11 15:24:51,0,False,,,Academics & Exams,Academics & Exams,2026-08-10 13:40:30,6.352222222222222,0,1,STU24774,walk_in,Medium,False,Academics & Exams,Closed,4.0,False,0.019444444444444445,0.4338888888888889,0.0,19.386944444444445,0.0,26.1925,19.84027777777778,19.84027777777778,72,2026-08-13 13:13:18,1.0,False,False,,False,Monday,2026-08-10,,True,False
TKT-100343,2026-08-10 11:37:33,2026-08-10 12:26:43,2026-08-11 09:58:00,2026-08-13 11:48:13,2026-08-17 11:51:56,1,True,2026-08-13 10:00:00,,Hostel & Maintenance,Academics & Exams,2026-08-12 11:22:36,0.0,3,2,STU24575,email,Low,False,Hostel & Maintenance,Closed,,True,0.8194444444444444,21.52138888888889,25.41,24.426944444444445,96.06194444444445,168.2397222222222,168.2397222222222,72.17777777777778,120,2026-08-15 11:37:33,0.0,True,False,70.37416666666667,False,Monday,2026-08-10,,True,False
TKT-100344,2026-08-10 18:31:03,2026-08-10 18:44:18,2026-08-11 08:52:03,2026-08-11 13:52:39,2026-08-11 13:52:39,0,False,,,IT Support,IT Support,2026-08-11 08:52:03,0.0,0,1,STU24145,portal,High,False,IT Support,Closed,,False,0.22083333333333333,14.129166666666666,0.0,5.01,0.0,19.36,19.36,19.36,24,2026-08-11 18:31:03,1.0,False,False,,False,Monday,2026-08-10,,True,False
TKT-100345,2026-08-10 21:21:40,2026-08-10 21:29:50,2026-08-11 11:21:45,2026-08-11 13:01:21,2026-08-11 13:01:21,0,False,,,IT Support,IT Support,2026-08-11 11:21:45,0.0,0,1,STU24837,portal,Low,False,IT Support,Closed,,False,0.1361111111111111,13.865277777777777,0.0,1.66,0.0,15.661388888888888,15.661388888888888,15.661388888888888,120,2026-08-15 21:21:40,1.0,False,False,,False,Monday,2026-08-10,,True,False
TKT-100346,2026-08-11 09:40:52,2026-08-11 09:41:55,2026-08-11 14:02:47,2026-08-11 18:30:05,2026-08-11 18:30:05,0,False,,,IT Support,IT Support,2026-08-11 14:02:47,0.0,0,1,STU25436,portal,Low,False,IT Support,Closed,,False,0.0175,4.347777777777778,0.0,4.455,0.0,8.820277777777777,8.820277777777777,8.820277777777777,120,2026-08-16 09:40:52,1.0,False,False,,False,Tuesday,2026-08-10,,True,False
TKT-100347,2026-08-11 10:23:43,2026-08-11 10:36:53,2026-08-11 11:29:03,2026-08-12 10:45:01,2026-08-12 10:45:01,0,False,,,IT Support,IT Support,2026-08-11 11:29:03,16.283055555555556,1,1,STU24100,portal,Medium,False,IT Support,Closed,4.0,False,0.21944444444444444,0.8694444444444445,0.0,6.983055555555556,0.0,24.355,8.071944444444444,8.071944444444444,72,2026-08-14 10:23:43,1.0,False,False,,False,Tuesday,2026-08-10,,True,False
TKT-100348,2026-08-11 11:02:36,2026-08-11 11:13:18,2026-08-11 14:26:33,2026-08-12 12:39:12,2026-08-13 10:46:55,1,True,,,Academics & Exams,IT Support,2026-08-12 08:25:54,0.0,0,2,STU25066,portal,Low,False,Academics & Exams,Closed,,False,0.17833333333333334,3.220833333333333,17.989166666666666,4.221666666666667,22.128611111111113,47.73861111111111,47.73861111111111,25.61,120,2026-08-16 11:02:36,1.0,False,False,,False,Tuesday,2026-08-10,,True,False
TKT-100349,2026-08-11 21:20:36,2026-08-12 10:55:32,2026-08-16 06:31:15,2026-08-31 09:00:00,2026-08-31 09:00:00,0,False,2026-08-14 10:00:00,2026-08-13 10:55:32,Fees & Finance,Fees & Finance,2026-08-16 06:31:15,0.0,14,1,STU24694,portal,Medium,False,Fees & Finance,Closed,,True,13.582222222222223,91.59527777777778,0.0,362.4791666666667,0.0,467.6566666666667,467.6566666666667,467.6566666666667,72,2026-08-14 21:20:36,0.0,True,True,60.656666666666666,False,Tuesday,2026-08-10,,True,False
TKT-100350,2026-08-11 17:09:18,2026-08-11 17:18:59,2026-08-12 08:55:57,2026-08-13 12:21:57,2026-08-13 12:21:57,0,False,,,IT Support,IT Support,2026-08-12 08:55:57,18.510555555555555,0,1,STU25035,portal,High,False,IT Support,Closed,3.0,False,0.1613888888888889,15.616111111111111,0.0,8.922777777777778,0.0,43.21083333333333,24.700277777777778,24.700277777777778,24,2026-08-12 17:09:18,0.0,False,False,,False,Tuesday,2026-08-10,,True,False
TKT-100351,2026-08-11 20:30:50,2026-08-12 13:26:10,2026-08-12 15:44:07,2026-08-21 08:00:00,2026-08-21 08:00:00,1,False,2026-08-14 10:00:00,,IT Support,Hostel & Maintenance,2026-08-13 19:31:03,0.0,6,2,STU25084,email,Medium,False,IT Support,Closed,2.0,True,16.92222222222222,2.299166666666667,27.782222222222224,180.4825,0.0,227.48611111111111,227.48611111111111,227.48611111111111,72,2026-08-14 20:30:50,0.0,True,False,61.486111111111114,False,Tuesday,2026-08-10,,True,False
TKT-100352,2026-08-11 19:14:59,2026-08-11 19:26:29,2026-08-13 06:37:56,2026-08-13 14:18:17,2026-08-13 14:18:17,0,False,,2026-08-12 19:26:29,Hostel & Maintenance,Hostel & Maintenance,2026-08-13 06:37:56,0.0,0,1,STU24371,portal,Medium,False,Hostel & Maintenance,Closed,5.0,False,0.19166666666666668,35.19083333333333,0.0,7.6725,0.0,43.055,43.055,43.055,72,2026-08-14 19:14:59,1.0,False,True,,False,Tuesday,2026-08-10,,True,False
TKT-100353,2026-08-11 13:53:05,2026-08-11 14:17:47,2026-08-13 04:57:13,2026-08-15 08:00:00,2026-08-15 08:00:00,1,False,2026-08-14 10:00:00,2026-08-12 14:17:47,Academics & Exams,Hostel & Maintenance,2026-08-13 17:49:26,0.0,5,2,STU25191,email,Low,False,Academics & Exams,Closed,3.0,False,0.4116666666666667,38.657222222222224,12.870277777777778,38.17611111111111,0.0,90.11527777777778,90.11527777777778,90.11527777777778,120,2026-08-16 13:53:05,1.0,True,True,68.11527777777778,False,Tuesday,2026-08-10,,True,False
TKT-100354,2026-08-11 17:13:53,2026-08-11 17:28:31,2026-08-12 13:46:19,,,0,False,,,Library,Library,2026-08-12 13:46:19,0.0,4,1,STU25414,portal,Medium,False,Library,Closed - No Response,,False,0.24388888888888888,20.296666666666667,0.0,,,,,,72,2026-08-14 17:13:53,,False,False,,False,Tuesday,2026-08-10,closed - student never replied,False,False
TKT-100355,2026-08-11 16:51:31,2026-08-11 16:59:54,2026-08-13 08:50:40,2026-08-14 15:08:37,2026-08-17 11:58:57,0,True,2026-08-14 10:00:00,2026-08-12 16:59:54,Hostel & Maintenance,Hostel & Maintenance,2026-08-13 08:50:40,0.0,1,1,STU24740,portal,Low,False,Hostel & Maintenance,Closed,,False,0.13972222222222222,39.846111111111114,0.0,30.299166666666668,68.83888888888889,139.1238888888889,139.1238888888889,70.285,120,2026-08-16 16:51:31,0.0,True,True,65.14138888888888,False,Tuesday,2026-08-10,,True,False
TKT-100356,2026-08-11 11:41:15,2026-08-11 11:45:16,2026-08-11 11:53:19,2026-08-12 16:29:48,2026-08-12 16:29:48,0,False,,,IT Support,IT Support,2026-08-11 11:53:19,0.0,0,1,STU24752,portal,Medium,False,IT Support,Closed,,False,0.06694444444444445,0.13416666666666666,0.0,28.608055555555556,0.0,28.809166666666666,28.809166666666666,28.809166666666666,72,2026-08-14 11:41:15,1.0,False,False,,False,Tuesday,2026-08-10,,True,False
TKT-100357,2026-08-11 14:28:51,2026-08-11 14:32:22,2026-08-12 09:54:40,,,0,False,,,Fees & Finance,Fees & Finance,2026-08-12 09:54:40,0.0,5,1,STU25513,portal,Low,False,Fees & Finance,Closed - No Response,,False,0.058611111111111114,19.371666666666666,0.0,,,,,,120,2026-08-16 14:28:51,,False,False,,False,Tuesday,2026-08-10,closed - student never replied,False,False
TKT-100358,2026-08-11 11:35:24,2026-08-11 11:48:21,2026-08-12 14:31:07,2026-08-14 12:39:03,2026-08-14 12:39:03,0,False,2026-08-14 10:00:00,2026-08-12 11:48:21,Hostel & Maintenance,Hostel & Maintenance,2026-08-12 14:31:07,4.620833333333334,2,1,STU25301,portal,Medium,False,Hostel & Maintenance,Closed,,False,0.21583333333333332,26.712777777777777,0.0,41.51138888888889,0.0,73.06083333333333,68.44,68.44,72,2026-08-14 11:35:24,1.0,True,True,70.41,False,Tuesday,2026-08-10,,True,False
TKT-100359,2026-08-11 15:30:56,2026-08-11 15:34:09,2026-08-11 15:46:46,2026-08-11 18:52:56,2026-08-11 18:52:56,0,False,,,IT Support,IT Support,2026-08-11 15:46:46,0.0,0,1,STU25464,email,Medium,True,IT Support,Closed,,False,0.05361111111111111,0.21027777777777779,0.0,3.102777777777778,0.0,3.3666666666666667,3.3666666666666667,3.3666666666666667,72,2026-08-14 15:30:56,1.0,False,False,,False,Tuesday,2026-08-10,,True,False
TKT-100360,2026-08-11 12:42:32,2026-08-11 12:48:03,2026-08-11 16:59:09,2026-08-12 14:38:27,2026-08-12 14:38:27,0,False,,,IT Support,IT Support,2026-08-11 16:59:09,0.0,2,1,STU25376,portal,Low,False,IT Support,Closed,,False,0.09194444444444444,4.185,0.0,21.655,0.0,25.931944444444444,25.931944444444444,25.931944444444444,120,2026-08-16 12:42:32,1.0,False,False,,False,Tuesday,2026-08-10,,True,False
TKT-100361,2026-08-11 13:58:37,2026-08-11 14:08:05,2026-08-11 15:16:43,2026-08-12 18:16:35,2026-08-12 18:16:35,0,False,,,Hostel & Maintenance,Hostel & Maintenance,2026-08-11 15:16:43,0.0,1,1,STU25316,walk_in,Medium,False,Hostel & Maintenance,Closed,,False,0.15777777777777777,1.143888888888889,0.0,26.997777777777777,0.0,28.299444444444443,28.299444444444443,28.299444444444443,72,2026-08-14 13:58:37,1.0,False,False,,False,Tuesday,2026-08-10,,True,False
TKT-100362,2026-08-11 12:04:23,2026-08-11 14:02:44,2026-08-12 13:29:22,2026-08-13 11:33:02,2026-08-13 11:33:02,0,False,,,Hostel & Maintenance,Hostel & Maintenance,2026-08-12 13:29:22,0.0,1,1,STU25516,email,Medium,True,Hostel & Maintenance,Closed,,True,1.9725,23.44388888888889,0.0,22.06111111111111,0.0,47.4775,47.4775,47.4775,72,2026-08-14 12:04:23,1.0,False,False,,False,Tuesday,2026-08-10,,True,False
TKT-100363,2026-08-11 18:24:38,2026-08-11 18:34:35,2026-08-12 09:47:24,2026-08-12 13:20:00,2026-08-12 13:20:00,0,False,,,IT Support,IT Support,2026-08-12 09:47:24,0.0,0,1,STU25039,portal,Medium,False,IT Support,Closed,,False,0.16583333333333333,15.213611111111112,0.0,3.5433333333333334,0.0,18.922777777777778,18.922777777777778,18.922777777777778,72,2026-08-14 18:24:38,1.0,False,False,,False,Tuesday,2026-08-10,,True,False
TKT-100364,2026-08-11 13:30:33,2026-08-12 09:19:37,2026-08-12 16:56:09,2026-08-14 10:42:05,2026-08-14 10:42:05,0,False,2026-08-14 10:00:00,,Hostel & Maintenance,Hostel & Maintenance,2026-08-12 16:56:09,0.0,3,1,STU24585,email,Medium,True,Hostel & Maintenance,Closed,,True,19.817777777777778,7.608888888888889,0.0,41.76555555555556,0.0,69.19222222222223,69.19222222222223,69.19222222222223,72,2026-08-14 13:30:33,1.0,True,False,68.49083333333333,False,Tuesday,2026-08-10,,True,False
TKT-100365,2026-08-11 15:49:28,2026-08-11 15:58:38,2026-08-11 16:58:55,2026-08-11 18:40:37,2026-08-11 18:40:37,0,False,,,IT Support,IT Support,2026-08-11 16:58:55,0.0,0,1,STU25382,walk_in,Medium,False,IT Support,Closed,5.0,False,0.1527777777777778,1.0047222222222223,0.0,1.695,0.0,2.8525,2.8525,2.8525,72,2026-08-14 15:49:28,1.0,False,False,,False,Tuesday,2026-08-10,,True,False
TKT-100366,2026-08-12 17:46:41,2026-08-12 17:54:54,2026-08-14 07:34:23,2026-08-17 13:48:17,2026-08-17 13:48:17,0,False,2026-08-17 10:00:00,2026-08-13 17:54:54,Academics & Exams,Academics & Exams,2026-08-14 07:34:23,0.0,2,1,STU24306,portal,Medium,False,Academics & Exams,Closed,,False,0.13694444444444445,37.658055555555556,0.0,78.23166666666667,0.0,116.02666666666667,116.02666666666667,116.02666666666667,72,2026-08-15 17:46:41,0.0,True,True,112.22194444444445,True,Wednesday,2026-08-10,,True,False
TKT-100367,2026-08-12 09:21:39,2026-08-12 09:25:45,2026-08-14 03:00:27,2026-08-14 16:30:48,2026-08-17 12:59:31,1,True,2026-08-14 10:00:00,2026-08-13 09:25:45,Academics & Exams,IT Support,2026-08-14 15:05:09,0.0,4,2,STU25020,portal,Medium,False,Academics & Exams,Closed,1.0,False,0.06833333333333333,41.57833333333333,12.078333333333333,1.4275,68.4786111111111,123.63111111111111,123.63111111111111,55.1525,72,2026-08-15 09:21:39,0.0,True,True,48.63916666666667,False,Wednesday,2026-08-10,,True,False
TKT-100368,2026-08-12 12:58:02,2026-08-12 13:01:04,2026-08-12 14:53:06,2026-08-13 16:21:54,2026-08-13 16:21:54,0,False,,,IT Support,IT Support,2026-08-12 14:53:06,0.0,0,1,STU25172,portal,Medium,False,IT Support,Closed,,False,0.050555555555555555,1.8672222222222221,0.0,25.48,0.0,27.397777777777776,27.397777777777776,27.397777777777776,72,2026-08-15 12:58:02,1.0,False,False,,False,Wednesday,2026-08-10,,True,False
TKT-100369,2026-08-12 19:44:13,2026-08-13 10:45:57,2026-08-13 14:14:10,2026-08-14 11:30:03,2026-08-14 11:30:03,0,False,,,Academics & Exams,Academics & Exams,2026-08-13 14:14:10,0.0,0,1,STU25313,email,Medium,False,Academics & Exams,Closed,5.0,True,15.028888888888888,3.4702777777777776,0.0,21.264722222222222,0.0,39.763888888888886,39.763888888888886,39.763888888888886,72,2026-08-15 19:44:13,1.0,False,False,,False,Wednesday,2026-08-10,,True,False
TKT-100370,2026-08-12 17:28:13,2026-08-12 17:39:28,2026-08-14 05:16:17,2026-08-19 09:00:00,2026-08-19 09:00:00,0,False,2026-08-17 10:00:00,2026-08-13 17:39:28,Fees & Finance,Fees & Finance,2026-08-14 05:16:17,0.0,2,1,STU24483,portal,Medium,False,Fees & Finance,Closed,,False,0.1875,35.61361111111111,0.0,123.7286111111111,0.0,159.52972222222223,159.52972222222223,159.52972222222223,72,2026-08-15 17:28:13,0.0,True,True,112.52972222222222,True,Wednesday,2026-08-10,,True,False
TKT-100371,2026-08-12 14:15:55,2026-08-13 11:40:46,2026-08-22 06:21:59,2026-08-24 14:34:21,2026-08-27 10:01:41,1,True,2026-08-17 10:00:00,2026-08-14 11:40:46,Fees & Finance,Library,2026-08-22 17:07:50,3.8538888888888887,10,2,STU24714,portal,Medium,False,Unknown,Closed,,True,21.414166666666667,210.68694444444444,10.764166666666666,41.588055555555556,67.45555555555555,355.7627777777778,351.9088888888889,284.4533333333333,72,2026-08-15 14:15:55,0.0,True,True,115.73472222222222,True,Wednesday,2026-08-10,,True,False
TKT-100372,2026-08-12 15:18:48,2026-08-12 15:24:21,2026-08-16 23:16:46,2026-08-18 09:00:00,2026-08-18 09:00:00,0,False,2026-08-17 10:00:00,2026-08-13 15:24:21,Fees & Finance,Fees & Finance,2026-08-16 23:16:46,0.0,2,1,STU24373,portal,High,False,Fees & Finance,Closed,2.0,False,0.0925,103.87361111111112,0.0,33.720555555555556,0.0,137.68666666666667,137.68666666666667,137.68666666666667,24,2026-08-13 15:18:48,0.0,True,True,114.68666666666667,True,Wednesday,2026-08-10,,True,False
TKT-100373,2026-08-12 09:23:44,2026-08-12 09:35:38,2026-08-13 09:01:55,2026-08-14 14:30:18,2026-08-14 14:30:18,0,False,2026-08-14 10:00:00,,Hostel & Maintenance,Hostel & Maintenance,2026-08-13 09:01:55,0.0,1,1,STU24214,portal,Medium,False,Hostel & Maintenance,Closed,,False,0.19833333333333333,23.438055555555554,0.0,29.473055555555554,0.0,53.10944444444444,53.10944444444444,53.10944444444444,72,2026-08-15 09:23:44,1.0,True,False,48.60444444444445,False,Wednesday,2026-08-10,,True,False
TKT-100374,2026-08-12 20:20:00,2026-08-13 17:29:11,2026-08-14 11:24:12,2026-08-17 10:05:47,2026-08-17 10:05:47,0,False,2026-08-17 10:00:00,,Hostel & Maintenance,Hostel & Maintenance,2026-08-14 11:24:12,3.6730555555555555,3,1,STU24206,email,Low,False,Hostel & Maintenance,Closed,,True,21.153055555555557,17.916944444444443,0.0,67.02000000000001,0.0,109.76305555555555,106.09,106.09,120,2026-08-17 20:20:00,1.0,True,False,109.66666666666667,False,Wednesday,2026-08-10,,True,False
TKT-100375,2026-08-12 20:46:17,2026-08-12 20:56:28,2026-08-13 16:22:45,2026-08-19 08:00:00,2026-08-19 08:00:00,0,False,2026-08-17 10:00:00,,Hostel & Maintenance,Hostel & Maintenance,2026-08-13 16:22:45,8.698055555555555,2,1,STU25319,portal,Medium,False,Hostel & Maintenance,Closed,,False,0.16972222222222222,19.438055555555554,0.0,126.92277777777778,0.0,155.22861111111112,146.53055555555557,146.53055555555557,72,2026-08-15 20:46:17,0.0,True,False,109.2286111111111,True,Wednesday,2026-08-10,,True,False
TKT-100376,2026-08-12 11:03:44,2026-08-12 11:07:14,2026-08-13 12:32:11,2026-08-15 11:19:49,2026-08-15 11:19:49,1,False,,2026-08-13 11:07:14,Fees & Finance,Library,2026-08-13 14:06:21,0.0,1,2,STU25396,portal,Medium,False,Fees & Finance,Closed,,False,0.058333333333333334,25.41583333333333,1.5694444444444444,45.224444444444444,0.0,72.26805555555555,72.26805555555555,72.26805555555555,72,2026-08-15 11:03:44,0.0,False,True,,False,Wednesday,2026-08-10,,True,False
TKT-100377,2026-08-12 07:13:13,2026-08-12 09:26:06,2026-08-13 10:58:56,2026-08-17 09:00:00,2026-08-17 09:00:00,0,False,2026-08-14 10:00:00,2026-08-13 09:26:06,Academics & Exams,Academics & Exams,2026-08-13 10:58:56,9.943888888888889,2,1,STU25642,portal,Medium,False,Academics & Exams,Closed,3.0,True,2.214722222222222,25.54722222222222,0.0,84.07388888888889,0.0,121.77972222222222,111.83583333333333,111.83583333333333,72,2026-08-15 07:13:13,0.0,True,True,50.77972222222222,False,Wednesday,2026-08-10,,True,False
TKT-100378,2026-08-12 17:43:18,2026-08-14 10:36:04,2026-08-14 13:28:29,2026-08-15 16:05:07,2026-08-15 16:05:07,0,False,,,IT Support,IT Support,2026-08-14 13:28:29,0.0,3,1,STU24973,email,Medium,False,IT Support,Closed,,True,40.879444444444445,2.873611111111111,0.0,26.610555555555557,0.0,70.36361111111111,70.36361111111111,70.36361111111111,72,2026-08-15 17:43:18,1.0,False,False,,False,Wednesday,2026-08-10,,True,False
TKT-100379,2026-08-12 19:24:21,2026-08-13 09:54:38,2026-08-14 10:56:19,2026-08-15 19:24:02,2026-08-15 19:24:02,1,False,,2026-08-14 09:54:38,Library,IT Support,2026-08-15 13:59:12,0.0,2,2,STU24033,email,Low,False,Library,Closed,4.0,True,14.504722222222222,25.028055555555557,27.048055555555557,5.413888888888889,0.0,71.99472222222222,71.99472222222222,71.99472222222222,120,2026-08-17 19:24:21,1.0,False,True,,False,Wednesday,2026-08-10,,True,False
TKT-100380,2026-08-12 21:30:10,2026-08-12 21:32:14,2026-08-13 13:08:38,2026-08-13 15:55:55,2026-08-13 15:55:55,0,False,,,IT Support,IT Support,2026-08-13 13:08:38,0.0,0,1,STU25312,portal,High,False,IT Support,Closed,,False,0.034444444444444444,15.606666666666667,0.0,2.7880555555555557,0.0,18.429166666666667,18.429166666666667,18.429166666666667,24,2026-08-13 21:30:10,1.0,False,False,,False,Wednesday,2026-08-10,,True,False
TKT-100381,2026-08-12 11:38:20,2026-08-12 15:22:19,2026-08-12 19:30:57,2026-08-13 16:36:38,2026-08-13 16:36:38,0,False,,,IT Support,IT Support,2026-08-12 19:30:57,0.0,0,1,STU24567,email,Medium,True,IT Support,Closed,,True,3.7330555555555556,4.143888888888889,0.0,21.094722222222224,0.0,28.971666666666668,28.971666666666668,28.971666666666668,72,2026-08-15 11:38:20,1.0,False,False,,False,Wednesday,2026-08-10,,True,False
TKT-100382,2026-08-12 11:26:50,2026-08-12 11:32:02,2026-08-13 12:38:47,2026-08-19 09:52:53,2026-08-19 09:52:53,2,False,2026-08-17 10:00:00,2026-08-13 11:32:02,Academics & Exams,Hostel & Maintenance,2026-08-14 15:53:32,0.0,2,3,STU24676,portal,Medium,False,Academics & Exams,Closed,,False,0.08666666666666667,25.1125,27.245833333333334,113.98916666666666,0.0,166.43416666666667,166.43416666666667,166.43416666666667,72,2026-08-15 11:26:50,0.0,True,True,118.55277777777778,True,Wednesday,2026-08-10,,True,False
TKT-100383,2026-08-12 20:50:48,2026-08-13 10:26:46,2026-08-13 11:38:26,2026-08-13 12:56:56,2026-08-13 12:56:56,0,False,,,IT Support,IT Support,2026-08-13 11:38:26,0.0,0,1,STU25292,email,Medium,False,IT Support,Closed,,True,13.599444444444444,1.1944444444444444,0.0,1.3083333333333333,0.0,16.102222222222224,16.102222222222224,16.102222222222224,72,2026-08-15 20:50:48,1.0,False,False,,False,Wednesday,2026-08-10,,True,False
TKT-100384,2026-08-12 21:46:02,2026-08-12 21:49:41,2026-08-19 03:43:32,2026-08-20 09:00:00,2026-08-20 09:00:00,0,False,2026-08-17 10:00:00,2026-08-13 21:49:41,Fees & Finance,Fees & Finance,2026-08-19 03:43:32,0.0,9,1,STU25312,portal,Medium,False,Fees & Finance,Closed,,False,0.060833333333333336,149.8975,0.0,29.274444444444445,0.0,179.23277777777778,179.23277777777778,179.23277777777778,72,2026-08-15 21:46:02,0.0,True,True,108.23277777777778,True,Wednesday,2026-08-10,,True,False
TKT-100385,2026-08-12 13:25:23,2026-08-12 13:27:19,2026-08-12 15:38:58,2026-08-14 12:24:19,2026-08-14 12:24:19,0,False,,,Academics & Exams,Academics & Exams,2026-08-12 15:38:58,8.485555555555555,0,1,STU25743,portal,Medium,False,Academics & Exams,Closed,4.0,False,0.03222222222222222,2.194166666666667,0.0,36.27027777777778,0.0,46.98222222222222,38.49666666666666,38.49666666666666,72,2026-08-15 13:25:23,1.0,False,False,,False,Wednesday,2026-08-10,,True,False
TKT-100386,2026-08-13 09:06:38,2026-08-13 09:21:05,2026-08-13 13:59:21,2026-08-13 14:50:46,2026-08-13 14:50:46,0,False,,,Library,Library,2026-08-13 13:59:21,0.0,0,1,STU25020,portal,High,False,Library,Closed,4.0,False,0.24083333333333334,4.637777777777778,0.0,0.8569444444444444,0.0,5.735555555555556,5.735555555555556,5.735555555555556,24,2026-08-14 09:06:38,1.0,False,False,,False,Thursday,2026-08-10,,True,False
TKT-100387,2026-08-13 10:01:22,2026-08-13 10:10:05,2026-08-13 12:29:34,2026-08-13 15:33:43,2026-08-13 15:33:43,0,False,,,IT Support,IT Support,2026-08-13 12:29:34,0.0,0,1,STU25584,portal,High,False,IT Support,Closed,,False,0.14527777777777778,2.3247222222222224,0.0,3.069166666666667,0.0,5.539166666666667,5.539166666666667,5.539166666666667,24,2026-08-14 10:01:22,1.0,False,False,,False,Thursday,2026-08-10,,True,False
TKT-100388,2026-08-13 00:33:00,2026-08-13 00:36:02,2026-08-13 09:54:15,2026-08-24 09:00:00,2026-08-24 09:00:00,0,False,2026-08-17 10:00:00,,Academics & Exams,Academics & Exams,2026-08-13 09:54:15,22.78638888888889,12,1,STU25237,portal,Medium,False,Academics & Exams,Closed,,False,0.050555555555555555,9.303611111111111,0.0,240.30944444444447,0.0,272.45,249.6636111111111,249.6636111111111,72,2026-08-16 00:33:00,0.0,True,False,105.45,True,Thursday,2026-08-10,,True,False
TKT-100389,2026-08-13 12:30:44,2026-08-13 12:33:05,2026-08-13 12:49:30,2026-08-19 09:00:00,2026-08-19 09:00:00,0,False,2026-08-17 10:00:00,,Academics & Exams,Academics & Exams,2026-08-13 12:49:30,6.026111111111111,4,1,STU25723,portal,Low,False,Academics & Exams,Closed,,False,0.03916666666666667,0.27361111111111114,0.0,134.1488888888889,0.0,140.48777777777778,134.46166666666667,134.46166666666667,120,2026-08-18 12:30:44,0.0,True,False,93.48777777777778,False,Thursday,2026-08-10,,True,False
TKT-100390,2026-08-13 15:07:45,2026-08-13 17:11:53,2026-08-14 12:14:40,2026-08-17 10:43:00,2026-08-17 10:43:00,0,False,2026-08-17 10:00:00,,Fees & Finance,Fees & Finance,2026-08-14 12:14:40,14.903888888888888,0,1,STU24077,email,Medium,True,Fees & Finance,Closed,3.0,True,2.068888888888889,19.046388888888888,0.0,55.56833333333334,0.0,91.5875,76.68361111111112,76.68361111111112,72,2026-08-16 15:07:45,0.0,True,False,90.87083333333334,True,Thursday,2026-08-10,,True,False
TKT-100391,2026-08-13 07:26:57,2026-08-13 07:33:30,2026-08-13 12:06:40,2026-08-13 18:36:45,2026-08-13 18:36:45,0,False,,,IT Support,IT Support,2026-08-13 12:06:40,0.0,0,1,STU25799,portal,Medium,False,IT Support,Closed,,False,0.10916666666666666,4.552777777777778,0.0,6.501388888888889,0.0,11.163333333333334,11.163333333333334,11.163333333333334,72,2026-08-16 07:26:57,1.0,False,False,,False,Thursday,2026-08-10,,True,False
TKT-100392,2026-08-13 21:44:42,2026-08-13 21:49:41,2026-08-14 10:45:57,2026-08-14 13:29:16,2026-08-14 13:29:16,0,False,,,IT Support,IT Support,2026-08-14 10:45:57,0.0,0,1,STU25538,portal,Low,False,IT Support,Closed,,False,0.08305555555555555,12.937777777777777,0.0,2.7219444444444445,0.0,15.742777777777778,15.742777777777778,15.742777777777778,120,2026-08-18 21:44:42,1.0,False,False,,False,Thursday,2026-08-10,,True,False
TKT-100393,2026-08-13 10:17:50,2026-08-13 10:22:07,2026-08-15 02:36:48,2026-08-15 15:10:51,2026-08-15 15:10:51,0,False,,2026-08-14 10:22:07,Hostel & Maintenance,Hostel & Maintenance,2026-08-15 02:36:48,0.0,0,1,STU24209,portal,High,False,Hostel & Maintenance,Closed,,False,0.07138888888888889,40.24472222222222,0.0,12.5675,0.0,52.88361111111111,52.88361111111111,52.88361111111111,24,2026-08-14 10:17:50,0.0,False,True,,False,Thursday,2026-08-10,,True,False
TKT-100394,2026-08-13 11:30:38,2026-08-13 11:45:19,2026-08-13 13:01:21,2026-08-13 15:50:50,2026-08-13 15:50:50,0,False,,,IT Support,IT Support,2026-08-13 13:01:21,0.0,0,1,STU24391,portal,Low,False,IT Support,Closed,,False,0.24472222222222223,1.2672222222222222,0.0,2.8247222222222224,0.0,4.336666666666667,4.336666666666667,4.336666666666667,120,2026-08-18 11:30:38,1.0,False,False,,False,Thursday,2026-08-10,,True,False
TKT-100395,2026-08-13 20:26:00,2026-08-14 11:41:13,2026-08-14 14:17:23,2026-08-15 17:45:24,2026-08-15 17:45:24,0,False,,,Hostel & Maintenance,Hostel & Maintenance,2026-08-14 14:17:23,0.0,2,1,STU24339,email,Medium,True,Hostel & Maintenance,Closed,,True,15.25361111111111,2.602777777777778,0.0,27.466944444444444,0.0,45.32333333333333,45.32333333333333,45.32333333333333,72,2026-08-16 20:26:00,1.0,False,False,,False,Thursday,2026-08-10,,True,False
TKT-100396,2026-08-13 10:32:53,2026-08-14 09:27:07,2026-08-14 12:38:50,2026-08-15 13:52:11,2026-08-15 13:52:11,0,False,,,Hostel & Maintenance,Hostel & Maintenance,2026-08-14 12:38:50,0.0,1,1,STU24970,email,Medium,True,Hostel & Maintenance,Closed,,True,22.90388888888889,3.1952777777777777,0.0,25.2225,0.0,51.321666666666665,51.321666666666665,51.321666666666665,72,2026-08-16 10:32:53,1.0,False,False,,False,Thursday,2026-08-10,,True,False
TKT-100397,2026-08-13 15:33:44,2026-08-13 15:39:06,2026-08-14 09:47:24,2026-08-17 10:56:12,2026-08-17 10:56:12,0,False,2026-08-17 10:00:00,,Fees & Finance,Fees & Finance,2026-08-14 09:47:24,1.3175,3,1,STU25334,email,Medium,True,Fees & Finance,Closed,3.0,False,0.08944444444444444,18.138333333333332,0.0,71.82916666666667,0.0,91.37444444444445,90.05694444444445,90.05694444444445,72,2026-08-16 15:33:44,0.0,True,False,90.43777777777778,True,Thursday,2026-08-10,,True,False
TKT-100398,2026-08-13 18:04:00,2026-08-14 10:57:48,2026-08-14 13:43:42,2026-08-15 13:14:22,2026-08-15 13:14:22,0,False,,,Hostel & Maintenance,Hostel & Maintenance,2026-08-14 13:43:42,7.0055555555555555,1,1,STU25045,email,Medium,True,Hostel & Maintenance,Closed,,True,16.89666666666667,2.765,0.0,16.505555555555556,0.0,43.172777777777775,36.16722222222222,36.16722222222222,72,2026-08-16 18:04:00,1.0,False,False,,False,Thursday,2026-08-10,,True,False
TKT-100399,2026-08-13 21:53:40,2026-08-13 22:02:34,2026-08-14 08:50:47,2026-08-18 13:22:15,2026-08-18 13:22:15,2,False,2026-08-17 10:00:00,,IT Support,Fees & Finance,2026-08-18 09:18:38,0.0,4,3,STU25442,portal,Medium,False,IT Support,Closed,,False,0.14833333333333334,10.803611111111111,96.46416666666667,4.060277777777777,0.0,111.47638888888889,111.47638888888889,111.47638888888889,72,2026-08-16 21:53:40,0.0,True,False,84.10555555555555,True,Thursday,2026-08-10,,True,False
TKT-100400,2026-08-13 17:28:53,2026-08-14 11:18:14,2026-08-14 12:07:46,2026-08-14 14:40:49,2026-08-14 14:40:49,0,False,,,Library,Library,2026-08-14 12:07:46,0.0,0,1,STU24710,email,Medium,True,Library,Closed,,True,17.8225,0.8255555555555556,0.0,2.5508333333333333,0.0,21.198888888888888,21.198888888888888,21.198888888888888,72,2026-08-16 17:28:53,1.0,False,False,,False,Thursday,2026-08-10,,True,False
TKT-100401,2026-08-13 10:12:00,2026-08-13 10:15:45,2026-08-13 10:16:46,2026-08-13 16:38:18,2026-08-13 16:38:18,0,False,,,IT Support,IT Support,2026-08-13 10:16:46,0.0,0,1,STU25123,portal,Low,False,IT Support,Closed,,False,0.0625,0.016944444444444446,0.0,6.358888888888889,0.0,6.4383333333333335,6.4383333333333335,6.4383333333333335,120,2026-08-18 10:12:00,1.0,False,False,,False,Thursday,2026-08-10,,True,False
TKT-100402,2026-08-13 21:24:15,2026-08-13 21:29:42,2026-08-14 13:05:45,2026-08-15 08:27:52,2026-08-17 10:20:49,0,True,,,IT Support,IT Support,2026-08-14 13:05:45,2.787777777777778,0,1,STU24381,portal,Medium,False,IT Support,Closed,2.0,False,0.09083333333333334,15.600833333333334,0.0,16.580833333333334,49.8825,84.94277777777778,82.155,32.2725,72,2026-08-16 21:24:15,0.0,False,False,,False,Thursday,2026-08-10,,True,False
TKT-100403,2026-08-13 20:27:17,2026-08-14 10:58:08,2026-08-16 22:22:21,2026-08-20 09:00:00,2026-08-20 09:00:00,0,False,2026-08-17 10:00:00,2026-08-15 10:58:08,Fees & Finance,Fees & Finance,2026-08-16 22:22:21,0.0,2,1,STU25368,email,Medium,True,Fees & Finance,Closed,2.0,True,14.514166666666666,59.40361111111111,0.0,82.6275,0.0,156.54527777777778,156.54527777777778,156.54527777777778,72,2026-08-16 20:27:17,0.0,True,True,85.54527777777778,True,Thursday,2026-08-10,,True,False
TKT-100404,2026-08-13 11:53:24,2026-08-13 15:13:12,2026-08-13 18:24:53,2026-08-14 15:02:24,2026-08-14 15:02:24,0,False,,,IT Support,IT Support,2026-08-13 18:24:53,0.0,1,1,STU25247,email,Medium,True,IT Support,Closed,4.0,True,3.33,3.194722222222222,0.0,20.62527777777778,0.0,27.15,27.15,27.15,72,2026-08-16 11:53:24,1.0,False,False,,False,Thursday,2026-08-10,,True,False
TKT-100405,2026-08-13 07:01:19,2026-08-13 07:16:14,2026-08-14 10:14:57,2026-08-18 19:14:59,2026-08-20 12:52:06,0,True,2026-08-17 10:00:00,2026-08-14 07:16:14,Hostel & Maintenance,Hostel & Maintenance,2026-08-14 10:14:57,0.0,5,1,STU24329,portal,Low,False,Hostel & Maintenance,Closed,2.0,False,0.24861111111111112,26.97861111111111,0.0,105.00055555555555,41.618611111111115,173.8463888888889,173.8463888888889,132.2277777777778,120,2026-08-18 07:01:19,0.0,True,True,98.97805555555556,False,Thursday,2026-08-10,,True,False
TKT-100406,2026-08-13 18:55:16,2026-08-13 19:03:46,2026-08-14 08:09:43,2026-08-14 15:54:36,2026-08-14 15:54:36,0,False,,,IT Support,IT Support,2026-08-14 08:09:43,0.0,0,1,STU25354,portal,Low,False,IT Support,Closed,,False,0.14166666666666666,13.099166666666667,0.0,7.748055555555555,0.0,20.988888888888887,20.988888888888887,20.988888888888887,120,2026-08-18 18:55:16,1.0,False,False,,False,Thursday,2026-08-10,,True,False
TKT-100407,2026-08-13 22:23:08,2026-08-13 22:29:00,2026-08-14 09:05:27,2026-08-14 10:01:31,2026-08-14 10:01:31,0,False,,,IT Support,IT Support,2026-08-14 09:05:27,0.0,0,1,STU24462,portal,Low,False,IT Support,Closed,,False,0.09777777777777778,10.6075,0.0,0.9344444444444444,0.0,11.639722222222222,11.639722222222222,11.639722222222222,120,2026-08-18 22:23:08,1.0,False,False,,False,Thursday,2026-08-10,,True,False
TKT-100408,2026-08-13 12:40:07,2026-08-13 12:45:14,2026-08-16 15:20:02,2026-08-18 09:00:00,2026-08-18 09:00:00,0,False,2026-08-17 10:00:00,2026-08-14 12:45:14,Academics & Exams,Academics & Exams,2026-08-16 15:20:02,0.0,4,1,STU25472,portal,Medium,False,Academics & Exams,Closed,,False,0.08527777777777777,74.58,0.0,41.666111111111114,0.0,116.3313888888889,116.3313888888889,116.3313888888889,72,2026-08-16 12:40:07,0.0,True,True,93.3313888888889,True,Thursday,2026-08-10,,True,False
TKT-100409,2026-08-13 08:50:08,2026-08-13 08:54:03,2026-08-13 17:12:27,2026-08-17 12:02:54,2026-08-19 13:46:45,0,True,2026-08-17 10:00:00,,Hostel & Maintenance,Hostel & Maintenance,2026-08-13 17:12:27,33.18555555555555,6,1,STU25559,portal,Medium,False,Hostel & Maintenance,Closed,,False,0.06527777777777778,8.306666666666667,0.0,57.65527777777778,49.73083333333334,148.94361111111112,115.75805555555557,66.02722222222222,72,2026-08-16 08:50:08,0.0,True,False,97.16444444444444,True,Thursday,2026-08-10,,True,False
TKT-100410,2026-08-13 23:54:11,2026-08-14 15:07:30,2026-08-16 21:11:51,2026-08-18 09:00:00,2026-08-18 09:00:00,0,False,2026-08-17 10:00:00,2026-08-15 15:07:30,Academics & Exams,Academics & Exams,2026-08-16 21:11:51,0.0,2,1,STU24111,email,Medium,False,Academics & Exams,Closed,4.0,True,15.221944444444444,54.0725,0.0,35.8025,0.0,105.09694444444445,105.09694444444445,105.09694444444445,72,2026-08-16 23:54:11,0.0,True,True,82.09694444444445,True,Thursday,2026-08-10,,True,False
TKT-100411,2026-08-13 20:37:25,2026-08-14 10:07:30,2026-08-14 14:50:35,2026-08-17 10:11:38,2026-08-17 10:11:38,1,False,2026-08-17 10:00:00,,Fees & Finance,Hostel & Maintenance,2026-08-15 13:37:31,0.0,1,2,STU25062,email,Medium,False,Fees & Finance,Closed,2.0,True,13.501388888888888,4.718055555555556,22.782222222222224,44.56861111111111,0.0,85.57027777777778,85.57027777777778,85.57027777777778,72,2026-08-16 20:37:25,0.0,True,False,85.37638888888888,True,Thursday,2026-08-10,,True,False
TKT-100412,2026-08-13 19:20:27,2026-08-13 19:31:55,2026-08-14 11:41:28,2026-08-14 16:18:58,2026-08-14 16:18:58,0,False,,,IT Support,IT Support,2026-08-14 11:41:28,0.0,1,1,STU25069,portal,Medium,False,IT Support,Closed,4.0,False,0.19111111111111112,16.159166666666668,0.0,4.625,0.0,20.975277777777777,20.975277777777777,20.975277777777777,72,2026-08-16 19:20:27,1.0,False,False,,False,Thursday,2026-08-10,,True,False
TKT-100413,2026-08-13 11:06:19,2026-08-13 11:20:17,2026-08-13 12:46:00,2026-08-14 18:35:07,2026-08-14 18:35:07,2,False,,,Hostel & Maintenance,IT Support,2026-08-14 13:31:52,0.0,0,3,STU24187,portal,Low,False,Hostel & Maintenance,Closed,3.0,False,0.23277777777777778,1.428611111111111,24.764444444444443,5.054166666666666,0.0,31.48,31.48,31.48,120,2026-08-18 11:06:19,1.0,False,False,,False,Thursday,2026-08-10,,True,False
TKT-100414,2026-08-13 12:51:03,2026-08-14 13:28:40,2026-08-14 16:05:57,2026-08-15 11:40:53,2026-08-15 11:40:53,0,False,,,Library,Library,2026-08-14 16:05:57,0.0,2,1,STU25534,email,Medium,False,Library,Closed,,True,24.626944444444444,2.6213888888888888,0.0,19.58222222222222,0.0,46.830555555555556,46.830555555555556,46.830555555555556,72,2026-08-16 12:51:03,1.0,False,False,,False,Thursday,2026-08-10,,True,False
TKT-100415,2026-08-14 07:35:39,2026-08-14 07:48:11,2026-08-16 23:17:15,2026-08-17 10:15:07,2026-08-18 12:33:28,0,True,2026-08-17 10:00:00,2026-08-15 07:48:11,Fees & Finance,Fees & Finance,2026-08-16 23:17:15,0.0,2,1,STU24838,portal,Low,False,Fees & Finance,Closed,4.0,False,0.2088888888888889,63.48444444444444,0.0,10.964444444444444,26.305833333333332,100.9636111111111,100.9636111111111,74.65777777777778,120,2026-08-19 07:35:39,1.0,True,True,74.40583333333333,False,Friday,2026-08-10,,True,False
TKT-100416,2026-08-14 16:17:41,2026-08-14 16:28:35,2026-08-16 23:07:42,2026-08-19 09:00:00,2026-08-19 09:00:00,0,False,2026-08-17 10:00:00,2026-08-15 16:28:35,Academics & Exams,Academics & Exams,2026-08-16 23:07:42,0.0,1,1,STU24957,portal,High,False,Academics & Exams,Closed,3.0,False,0.18166666666666667,54.651944444444446,0.0,57.87166666666667,0.0,112.70527777777778,112.70527777777778,112.70527777777778,24,2026-08-15 16:17:41,0.0,True,True,65.70527777777778,True,Friday,2026-08-10,,True,False
TKT-100417,2026-08-14 10:59:15,2026-08-14 11:00:20,2026-08-14 11:31:23,2026-08-14 14:40:57,2026-08-14 14:40:57,0,False,,,Library,Library,2026-08-14 11:31:23,2.4905555555555554,0,1,STU25040,portal,Low,False,Library,Closed,5.0,False,0.018055555555555554,0.5175,0.0,0.6688888888888891,0.0,3.695,1.2044444444444444,1.2044444444444444,120,2026-08-19 10:59:15,1.0,False,False,,False,Friday,2026-08-10,,True,False
TKT-100418,2026-08-14 16:45:45,2026-08-14 16:52:05,2026-08-14 17:16:10,2026-08-15 15:48:51,2026-08-15 15:48:51,0,False,,,IT Support,IT Support,2026-08-14 17:16:10,0.0,0,1,STU25719,portal,Low,False,IT Support,Closed,3.0,False,0.10555555555555556,0.4013888888888889,0.0,22.544722222222223,0.0,23.051666666666666,23.051666666666666,23.051666666666666,120,2026-08-19 16:45:45,1.0,False,False,,False,Friday,2026-08-10,,True,False
TKT-100419,2026-08-14 21:15:11,2026-08-14 21:26:08,2026-08-22 00:58:09,2026-08-25 09:00:00,2026-08-25 09:00:00,0,False,2026-08-17 10:00:00,2026-08-15 21:26:08,Academics & Exams,Academics & Exams,2026-08-22 00:58:09,4.125277777777778,5,1,STU24911,portal,Medium,False,Academics & Exams,Closed,3.0,False,0.1825,171.5336111111111,0.0,75.90555555555555,0.0,251.74694444444444,247.62166666666667,247.62166666666667,72,2026-08-17 21:15:11,0.0,True,True,60.746944444444445,False,Friday,2026-08-10,,True,False
TKT-100420,2026-08-14 00:55:34,2026-08-14 00:58:48,2026-08-14 08:25:03,2026-08-14 13:55:07,2026-08-14 13:55:07,0,False,,,IT Support,IT Support,2026-08-14 08:25:03,4.4222222222222225,0,1,STU24411,portal,Medium,False,IT Support,Closed,5.0,False,0.05388888888888889,7.4375,0.0,1.0788888888888888,0.0,12.9925,8.570277777777777,8.570277777777777,72,2026-08-17 00:55:34,1.0,False,False,,False,Friday,2026-08-10,,True,False
TKT-100421,2026-08-14 14:57:56,2026-08-14 15:08:00,2026-08-14 15:49:09,2026-08-15 08:43:05,2026-08-15 08:43:05,0,False,,,IT Support,IT Support,2026-08-14 15:49:09,1.0722222222222222,0,1,STU25615,portal,Medium,False,IT Support,Closed,,False,0.16777777777777778,0.6858333333333333,0.0,15.826666666666664,0.0,17.7525,16.68027777777778,16.68027777777778,72,2026-08-17 14:57:56,1.0,False,False,,False,Friday,2026-08-10,,True,False
TKT-100422,2026-08-14 18:58:05,2026-08-14 19:11:45,2026-08-15 12:33:09,2026-08-15 14:19:40,2026-08-15 14:19:40,0,False,,,Library,Library,2026-08-15 12:33:09,0.0,1,1,STU25509,portal,Medium,False,Library,Closed,,False,0.22777777777777777,17.356666666666666,0.0,1.7752777777777777,0.0,19.35972222222222,19.35972222222222,19.35972222222222,72,2026-08-17 18:58:05,1.0,False,False,,False,Friday,2026-08-10,,True,False
TKT-100423,2026-08-14 22:01:38,2026-08-15 09:57:05,2026-08-17 05:18:46,2026-08-20 11:18:06,2026-08-20 11:18:06,1,False,2026-08-17 10:00:00,2026-08-16 09:57:05,Academics & Exams,Hostel & Maintenance,2026-08-17 15:14:56,0.0,4,2,STU25466,email,Medium,False,Academics & Exams,Closed,3.0,True,11.924166666666666,43.36138888888889,9.936111111111112,68.05277777777778,0.0,133.27444444444444,133.27444444444444,133.27444444444444,72,2026-08-17 22:01:38,0.0,True,True,59.97277777777778,False,Friday,2026-08-10,,True,False
TKT-100424,2026-08-14 16:01:39,2026-08-14 16:11:08,2026-08-15 09:18:34,2026-08-17 13:20:48,2026-08-17 13:20:48,0,False,2026-08-17 10:00:00,,Hostel & Maintenance,Hostel & Maintenance,2026-08-15 09:18:34,0.0,1,1,STU24939,portal,Medium,False,Hostel & Maintenance,Closed,,False,0.15805555555555556,17.12388888888889,0.0,52.03722222222222,0.0,69.31916666666666,69.31916666666666,69.31916666666666,72,2026-08-17 16:01:39,1.0,True,False,65.9725,False,Friday,2026-08-10,,True,False
TKT-100425,2026-08-14 23:57:30,2026-08-15 10:43:27,2026-08-15 12:01:57,2026-08-15 16:53:29,2026-08-15 16:53:29,0,False,,,IT Support,IT Support,2026-08-15 12:01:57,0.0,0,1,STU24561,email,Medium,True,IT Support,Closed,,True,10.765833333333333,1.3083333333333333,0.0,4.858888888888889,0.0,16.933055555555555,16.933055555555555,16.933055555555555,72,2026-08-17 23:57:30,1.0,False,False,,False,Friday,2026-08-10,,True,False
TKT-100426,2026-08-14 11:35:38,2026-08-14 11:47:26,2026-08-14 12:32:17,2026-08-14 15:06:42,2026-08-17 11:10:20,0,True,,,IT Support,IT Support,2026-08-14 12:32:17,0.0,2,1,STU24696,portal,Medium,False,IT Support,Closed,,False,0.19666666666666666,0.7475,0.0,2.573611111111111,68.06055555555555,71.57833333333333,71.57833333333333,3.517777777777778,72,2026-08-17 11:35:38,1.0,False,False,,False,Friday,2026-08-10,,True,False
TKT-100427,2026-08-14 15:36:47,2026-08-15 10:57:51,2026-08-15 11:33:00,2026-08-20 09:13:23,2026-08-20 09:13:23,1,False,2026-08-17 10:00:00,,IT Support,Hostel & Maintenance,2026-08-18 11:08:28,0.0,0,2,STU25735,email,Medium,False,IT Support,Closed,2.0,True,19.351111111111113,0.5858333333333333,71.5911111111111,46.081944444444446,0.0,137.61,137.61,137.61,72,2026-08-17 15:36:47,0.0,True,False,66.38694444444444,False,Friday,2026-08-10,,True,False
TKT-100428,2026-08-14 20:54:21,2026-08-15 12:30:49,2026-08-17 03:39:15,2026-08-17 10:35:47,2026-08-17 10:35:47,0,False,2026-08-17 10:00:00,2026-08-16 12:30:49,Academics & Exams,Academics & Exams,2026-08-17 03:39:15,0.0,1,1,STU24711,email,Medium,False,Academics & Exams,Closed,4.0,True,15.607777777777779,39.14055555555556,0.0,6.942222222222222,0.0,61.690555555555555,61.690555555555555,61.690555555555555,72,2026-08-17 20:54:21,1.0,True,True,61.094166666666666,False,Friday,2026-08-10,,True,False
TKT-100429,2026-08-14 14:34:29,2026-08-14 14:42:35,2026-08-15 12:53:06,2026-08-18 12:33:48,2026-08-19 14:11:07,2,True,2026-08-17 10:00:00,,Library,IT Support,2026-08-18 11:24:00,0.0,5,3,STU24250,portal,Medium,False,Library,Closed,,False,0.135,22.17527777777778,70.515,1.1633333333333333,25.621944444444445,119.61055555555555,119.61055555555555,93.98861111111111,72,2026-08-17 14:34:29,0.0,True,False,67.42527777777778,False,Friday,2026-08-10,,True,False
TKT-100430,2026-08-19 12:31:30,2026-08-14 12:45:21,2026-08-15 16:19:06,2026-08-18 08:00:00,2026-08-18 08:00:00,0,False,2026-08-17 10:00:00,2026-08-15 12:45:21,Hostel & Maintenance,Hostel & Maintenance,2026-08-15 16:19:06,0.0,3,1,STU25173,walk_in,Low,False,Hostel & Maintenance,Closed,,False,-119.76916666666666,27.5625,0.0,63.681666666666665,0.0,-28.525,-28.525,-28.525,120,2026-08-24 12:31:30,1.0,True,True,-50.525,False,Wednesday,2026-08-17,chronology violation (clock skew),False,False
TKT-100431,2026-08-14 15:41:56,2026-08-14 15:48:02,2026-08-15 13:56:30,2026-08-15 17:35:15,2026-08-15 17:35:15,0,False,,,Library,Library,2026-08-15 13:56:30,0.0,1,1,STU24164,portal,Medium,False,Library,Closed,,False,0.10166666666666667,22.141111111111112,0.0,3.6458333333333335,0.0,25.88861111111111,25.88861111111111,25.88861111111111,72,2026-08-17 15:41:56,1.0,False,False,,False,Friday,2026-08-10,,True,False
TKT-100432,2026-08-14 12:00:57,2026-08-14 12:09:08,2026-08-16 21:09:12,2026-08-18 14:50:15,2026-08-18 14:50:15,0,False,2026-08-17 10:00:00,2026-08-15 12:09:08,Academics & Exams,Academics & Exams,2026-08-16 21:09:12,0.0,5,1,STU24883,portal,Medium,False,Academics & Exams,Closed,2.0,False,0.1363888888888889,57.00111111111111,0.0,41.68416666666667,0.0,98.82166666666667,98.82166666666667,98.82166666666667,72,2026-08-17 12:00:57,0.0,True,True,69.98416666666667,False,Friday,2026-08-10,,True,False
TKT-100433,2026-08-14 08:59:25,2026-08-14 09:13:05,2026-08-17 12:12:03,2026-08-18 15:49:16,2026-08-18 15:49:16,0,False,2026-08-17 10:00:00,2026-08-15 09:13:05,Academics & Exams,Academics & Exams,2026-08-17 12:12:03,0.0,3,1,STU24224,portal,Low,False,Academics & Exams,Closed,,False,0.22777777777777777,74.98277777777778,0.0,27.620277777777776,0.0,102.83083333333333,102.83083333333333,102.83083333333333,120,2026-08-19 08:59:25,1.0,True,True,73.00972222222222,False,Friday,2026-08-10,,True,False
TKT-100434,2026-08-14 14:36:50,2026-08-14 17:30:00,2026-08-14 17:52:10,2026-08-15 17:42:06,2026-08-15 17:42:06,0,False,,,Library,Library,2026-08-14 17:52:10,6.804444444444444,2,1,STU25319,portal,Medium,False,Unknown,Closed,,True,2.886111111111111,0.36944444444444446,0.0,17.02777777777778,0.0,27.087777777777777,20.28333333333333,20.28333333333333,72,2026-08-17 14:36:50,1.0,False,False,,False,Friday,2026-08-10,,True,False
TKT-100435,2026-08-14 22:13:46,2026-08-14 22:24:55,2026-08-15 08:00:11,2026-08-17 08:12:12,2026-08-17 08:12:12,0,False,,,IT Support,IT Support,2026-08-15 08:00:11,0.0,1,1,STU24824,portal,Low,False,IT Support,Closed,5.0,False,0.18583333333333332,9.587777777777777,0.0,48.20027777777778,0.0,57.97388888888889,57.97388888888889,57.97388888888889,120,2026-08-19 22:13:46,1.0,False,False,,False,Friday,2026-08-10,,True,False
TKT-100436,2026-08-14 18:18:40,2026-08-14 18:33:06,2026-08-15 13:39:43,2026-08-17 18:55:03,2026-08-17 18:55:03,1,False,2026-08-17 10:00:00,,Library,IT Support,2026-08-17 18:08:34,0.0,1,2,STU24381,portal,Low,False,Library,Closed,,False,0.24055555555555555,19.110277777777778,52.48083333333334,0.7747222222222222,0.0,72.60638888888889,72.60638888888889,72.60638888888889,120,2026-08-19 18:18:40,1.0,True,False,63.68888888888889,False,Friday,2026-08-10,,True,False
TKT-100437,2026-08-14 17:04:14,2026-08-14 17:15:27,2026-08-21 22:29:57,2026-08-24 09:00:00,2026-08-24 09:00:00,0,False,2026-08-17 10:00:00,2026-08-15 17:15:27,Fees & Finance,Fees & Finance,2026-08-21 22:29:57,0.0,13,1,STU24176,portal,Medium,False,Fees & Finance,Closed,3.0,False,0.18694444444444444,173.24166666666667,0.0,58.50083333333333,0.0,231.92944444444444,231.92944444444444,231.92944444444444,72,2026-08-17 17:04:14,0.0,True,True,64.92944444444444,False,Friday,2026-08-10,,True,False
TKT-100438,2026-08-15 14:22:17,2026-08-17 13:04:27,2026-08-18 13:11:20,2026-08-19 09:00:00,2026-08-19 09:00:00,0,False,2026-08-18 10:00:00,2026-08-18 13:04:27,Library,Library,2026-08-18 13:11:20,0.0,2,1,STU25352,email,Medium,False,Library,Closed,,True,46.702777777777776,24.114722222222223,0.0,19.81111111111111,0.0,90.62861111111111,90.62861111111111,90.62861111111111,72,2026-08-18 14:22:17,0.0,True,True,67.62861111111111,False,Saturday,2026-08-10,,True,False
TKT-100439,2026-08-15 09:41:20,2026-08-15 09:56:36,2026-08-15 12:02:52,2026-08-15 12:51:01,2026-08-18 11:34:15,0,True,,,Hostel & Maintenance,Hostel & Maintenance,2026-08-15 12:02:52,0.0,3,1,STU24807,email,Medium,False,Hostel & Maintenance,Closed,,False,0.2544444444444444,2.1044444444444443,0.0,0.8025,70.72055555555555,73.88194444444444,73.88194444444444,3.161388888888889,72,2026-08-18 09:41:20,0.0,False,False,,False,Saturday,2026-08-10,,True,False
TKT-100440,2026-08-15 12:00:16,2026-08-15 12:08:12,2026-08-15 15:23:50,2026-08-17 15:10:27,2026-08-17 15:10:27,1,False,,,Hostel & Maintenance,IT Support,2026-08-17 09:03:13,0.0,1,2,STU25272,portal,Medium,False,Hostel & Maintenance,Closed,,False,0.1322222222222222,3.2605555555555554,41.65638888888889,6.120555555555556,0.0,51.16972222222222,51.16972222222222,51.16972222222222,72,2026-08-18 12:00:16,1.0,False,False,,False,Saturday,2026-08-10,,True,False
TKT-100441,2026-08-15 16:26:29,2026-08-15 17:49:31,2026-08-17 08:36:54,2026-08-17 15:14:27,2026-08-17 15:14:27,1,False,,2026-08-16 17:49:31,Hostel & Maintenance,IT Support,2026-08-17 14:00:57,0.0,2,2,STU24803,email,Medium,True,Hostel & Maintenance,Closed,,True,1.383888888888889,38.789722222222224,5.400833333333333,1.225,0.0,46.79944444444445,46.79944444444445,46.79944444444445,72,2026-08-18 16:26:29,1.0,False,True,,False,Saturday,2026-08-10,,True,False
TKT-100442,2026-08-15 20:57:08,2026-08-17 11:12:21,2026-08-17 14:23:07,2026-08-24 09:00:00,2026-08-24 09:00:00,1,False,2026-08-18 10:00:00,,Hostel & Maintenance,Academics & Exams,2026-08-18 10:09:45,0.0,8,2,STU24323,email,Medium,True,Hostel & Maintenance,Closed,,True,38.25361111111111,3.1794444444444445,19.77722222222222,142.8375,0.0,204.04777777777778,204.04777777777778,204.04777777777778,72,2026-08-18 20:57:08,0.0,True,False,61.047777777777775,False,Saturday,2026-08-10,,True,False
TKT-100443,2026-08-15 14:27:04,2026-08-15 17:16:54,2026-08-17 09:27:52,2026-08-19 08:00:00,2026-08-19 08:00:00,0,False,2026-08-18 10:00:00,2026-08-16 17:16:54,Hostel & Maintenance,Hostel & Maintenance,2026-08-17 09:27:52,0.0,0,1,STU25178,email,Medium,True,Hostel & Maintenance,Closed,,True,2.8305555555555557,40.18277777777778,0.0,46.535555555555554,0.0,89.54888888888888,89.54888888888888,89.54888888888888,72,2026-08-18 14:27:04,0.0,True,True,67.54888888888888,False,Saturday,2026-08-10,,True,False
TKT-100444,2026-08-15 18:19:27,2026-08-17 11:03:37,2026-08-17 15:39:44,2026-08-24 09:00:00,2026-08-24 09:00:00,2,False,2026-08-18 10:00:00,,IT Support,Academics & Exams,2026-08-21 12:50:52,10.31861111111111,5,3,STU25480,email,Medium,False,IT Support,Closed,,True,40.736111111111114,4.601944444444444,93.18555555555555,57.83361111111111,0.0,206.67583333333334,196.35722222222222,196.35722222222222,72,2026-08-18 18:19:27,0.0,True,False,63.67583333333334,False,Saturday,2026-08-10,,True,False
TKT-100445,2026-08-15 13:36:58,2026-08-15 13:41:01,2026-08-17 07:29:51,2026-08-18 14:27:33,2026-08-18 14:27:33,1,False,2026-08-18 10:00:00,2026-08-16 13:41:01,Fees & Finance,IT Support,2026-08-17 15:36:25,0.0,0,2,STU25018,portal,Low,False,Fees & Finance,Closed,4.0,False,0.0675,41.81388888888889,8.109444444444444,22.852222222222224,0.0,72.84305555555555,72.84305555555555,72.84305555555555,120,2026-08-20 13:36:58,1.0,True,True,68.38388888888889,False,Saturday,2026-08-10,,True,False
TKT-100446,2026-08-15 11:41:19,2026-08-15 15:56:11,2026-08-17 07:38:59,2026-08-24 16:17:56,2026-08-31 11:44:39,0,True,2026-08-18 10:00:00,2026-08-16 15:56:11,Fees & Finance,Fees & Finance,2026-08-17 07:38:59,19.46361111111111,16,1,STU25767,email,Medium,False,Fees & Finance,Closed,2.0,True,4.247777777777777,39.71333333333333,0.0,157.18555555555557,163.4452777777778,384.05555555555554,364.59194444444444,201.14666666666668,72,2026-08-18 11:41:19,0.0,True,True,70.31138888888889,False,Saturday,2026-08-10,,True,False
TKT-100447,2026-08-15 14:00:11,2026-08-15 15:11:54,2026-08-17 04:01:48,2026-08-17 13:52:16,2026-08-17 13:52:16,0,False,,2026-08-16 15:11:54,Academics & Exams,Academics & Exams,2026-08-17 04:01:48,0.0,1,1,STU25498,email,Medium,True,Academics & Exams,Closed,,True,1.1952777777777779,36.83166666666666,0.0,9.841111111111111,0.0,47.86805555555556,47.86805555555556,47.86805555555556,72,2026-08-18 14:00:11,1.0,False,True,,False,Saturday,2026-08-10,,True,False
TKT-100448,2026-08-15 21:28:08,2026-08-15 21:37:53,2026-08-17 08:47:05,2026-08-17 17:49:10,2026-08-17 17:49:10,0,False,,2026-08-16 21:37:53,Hostel & Maintenance,Hostel & Maintenance,2026-08-17 08:47:05,0.0,2,1,STU24947,portal,Medium,False,Hostel & Maintenance,Closed,,False,0.1625,35.153333333333336,0.0,9.034722222222221,0.0,44.35055555555556,44.35055555555556,44.35055555555556,72,2026-08-18 21:28:08,1.0,False,True,,False,Saturday,2026-08-10,,True,False
TKT-100449,2026-08-15 14:57:55,2026-08-15 16:44:23,2026-08-17 03:43:23,2026-08-17 14:52:38,2026-08-17 14:52:38,0,False,,2026-08-16 16:44:23,IT Support,IT Support,2026-08-17 03:43:23,0.0,1,1,STU24675,email,Medium,False,IT Support,Closed,5.0,True,1.7744444444444445,34.983333333333334,0.0,11.154166666666667,0.0,47.911944444444444,47.911944444444444,47.911944444444444,72,2026-08-18 14:57:55,1.0,False,True,,False,Saturday,2026-08-10,,True,False
TKT-100450,2026-08-15 11:03:37,2026-08-15 11:16:13,2026-08-15 11:42:40,2026-08-15 15:22:56,2026-08-15 15:22:56,0,False,,,IT Support,IT Support,2026-08-15 11:42:40,0.0,0,1,STU25552,portal,High,False,IT Support,Closed,,False,0.21,0.44083333333333335,0.0,3.671111111111111,0.0,4.321944444444444,4.321944444444444,4.321944444444444,24,2026-08-16 11:03:37,1.0,False,False,,False,Saturday,2026-08-10,,True,False
TKT-100451,2026-08-15 13:07:25,2026-08-15 13:08:29,2026-08-15 16:11:08,2026-08-24 08:00:00,2026-08-24 08:00:00,1,False,2026-08-18 10:00:00,,IT Support,Hostel & Maintenance,2026-08-20 15:27:31,8.138055555555555,10,2,STU24807,portal,Low,False,IT Support,Closed,1.0,False,0.017777777777777778,3.0441666666666665,119.27305555555556,80.40333333333334,0.0,210.8763888888889,202.73833333333334,202.73833333333334,120,2026-08-20 13:07:25,0.0,True,False,68.87638888888888,False,Saturday,2026-08-10,,True,False
TKT-100452,2026-08-15 08:51:21,2026-08-15 09:01:52,2026-08-15 11:53:44,2026-08-18 08:00:00,2026-08-18 08:00:00,0,False,2026-08-17 10:00:00,,Hostel & Maintenance,Hostel & Maintenance,2026-08-15 11:53:44,0.0,2,1,STU25069,portal,Medium,False,Hostel & Maintenance,Closed,5.0,False,0.17527777777777778,2.8644444444444446,0.0,68.10444444444444,0.0,71.14416666666666,71.14416666666666,71.14416666666666,72,2026-08-18 08:51:21,1.0,True,False,49.14416666666666,False,Saturday,2026-08-10,,True,False
TKT-100453,2026-08-15 18:13:55,2026-08-15 18:19:47,2026-08-17 04:36:24,2026-08-20 09:00:00,2026-08-20 09:00:00,0,False,2026-08-18 10:00:00,2026-08-16 18:19:47,Academics & Exams,Academics & Exams,2026-08-17 04:36:24,0.0,4,1,STU24253,portal,Medium,False,Academics & Exams,Closed,2.0,False,0.09777777777777778,34.276944444444446,0.0,76.39333333333333,0.0,110.76805555555555,110.76805555555555,110.76805555555555,72,2026-08-18 18:13:55,0.0,True,True,63.768055555555556,False,Saturday,2026-08-10,,True,False
TKT-100454,2026-08-15 09:22:48,2026-08-15 11:32:03,2026-08-17 03:14:30,2026-08-20 09:00:00,2026-08-20 09:00:00,0,False,2026-08-17 10:00:00,2026-08-16 11:32:03,Fees & Finance,Fees & Finance,2026-08-17 03:14:30,0.0,2,1,STU24047,portal,Medium,False,Unknown,Closed,4.0,True,2.154166666666667,39.7075,0.0,77.75833333333334,0.0,119.62,119.62,119.62,72,2026-08-18 09:22:48,0.0,True,True,48.62,False,Saturday,2026-08-10,,True,False
TKT-100455,2026-08-15 16:00:43,2026-08-15 16:04:45,2026-08-17 05:34:58,2026-08-18 10:06:46,2026-08-18 10:06:46,0,False,2026-08-18 10:00:00,2026-08-16 16:04:45,Academics & Exams,Academics & Exams,2026-08-17 05:34:58,0.0,3,1,STU25335,walk_in,High,False,Academics & Exams,Closed,3.0,False,0.06722222222222222,37.50361111111111,0.0,28.53,0.0,66.10083333333333,66.10083333333333,66.10083333333333,24,2026-08-16 16:00:43,0.0,True,True,65.98805555555556,True,Saturday,2026-08-10,,True,False
TKT-100456,2026-08-15 12:34:55,2026-08-15 13:42:42,2026-08-15 13:54:56,2026-08-15 17:01:37,2026-08-15 17:01:37,0,False,,,IT Support,IT Support,2026-08-15 13:54:56,0.0,0,1,STU24293,portal,Medium,False,Unknown,Closed,,True,1.1297222222222223,0.2038888888888889,0.0,3.111388888888889,0.0,4.445,4.445,4.445,72,2026-08-18 12:34:55,1.0,False,False,,False,Saturday,2026-08-10,,True,False
TKT-100457,2026-08-16 17:24:10,2026-08-16 17:37:32,2026-08-18 22:13:44,2026-08-20 09:00:00,2026-08-20 09:00:00,0,False,2026-08-19 10:00:00,2026-08-17 17:37:32,Academics & Exams,Academics & Exams,2026-08-18 22:13:44,0.0,3,1,STU25042,portal,High,False,Academics & Exams,Closed,,False,0.22277777777777777,52.60333333333333,0.0,34.77111111111111,0.0,87.59722222222223,87.59722222222223,87.59722222222223,24,2026-08-17 17:24:10,0.0,True,True,64.59722222222223,True,Sunday,2026-08-10,,True,False
TKT-100458,2026-08-16 17:45:39,2026-08-17 11:37:42,2026-08-18 08:35:19,2026-08-20 08:00:00,2026-08-20 08:00:00,1,False,2026-08-19 10:00:00,,Hostel & Maintenance,IT Support,2026-08-18 16:21:24,29.074166666666667,5,2,STU25089,email,Medium,True,Hostel & Maintenance,Closed,3.0,True,17.8675,20.960277777777776,7.768055555555556,10.569166666666664,0.0,86.23916666666666,57.16499999999999,57.16499999999999,72,2026-08-19 17:45:39,1.0,True,False,64.23916666666666,False,Sunday,2026-08-10,,True,False
TKT-100459,2026-08-16 12:38:35,2026-08-17 13:35:32,2026-08-18 14:08:10,2026-08-19 10:10:40,2026-08-19 10:10:40,0,False,2026-08-19 10:00:00,2026-08-18 13:35:32,Library,Library,2026-08-18 14:08:10,0.0,0,1,STU25136,email,Medium,True,Library,Closed,5.0,True,24.949166666666667,24.54388888888889,0.0,20.041666666666668,0.0,69.53472222222223,69.53472222222223,69.53472222222223,72,2026-08-19 12:38:35,1.0,True,True,69.35694444444445,False,Sunday,2026-08-10,,True,False
TKT-100460,2026-08-16 08:01:25,2026-08-17 10:44:43,2026-08-17 15:13:10,2026-08-19 09:00:00,2026-08-19 09:00:00,0,False,2026-08-18 10:00:00,,Academics & Exams,Academics & Exams,2026-08-17 15:13:10,0.0,4,1,STU25112,email,Medium,False,Academics & Exams,Closed,4.0,True,26.721666666666668,4.474166666666667,0.0,41.78055555555556,0.0,72.97638888888889,72.97638888888889,72.97638888888889,72,2026-08-19 08:01:25,0.0,True,False,49.97638888888889,False,Sunday,2026-08-10,,True,False
TKT-100461,2026-08-16 11:01:22,2026-08-16 11:06:53,2026-08-17 11:43:34,2026-08-17 15:17:22,2026-08-17 15:17:22,0,False,,2026-08-17 11:06:53,IT Support,IT Support,2026-08-17 11:43:34,0.0,1,1,STU25060,portal,Medium,False,IT Support,Closed,,False,0.09194444444444444,24.61138888888889,0.0,3.5633333333333335,0.0,28.266666666666666,28.266666666666666,28.266666666666666,72,2026-08-19 11:01:22,1.0,False,True,,False,Sunday,2026-08-10,,True,False
TKT-100462,2026-08-16 21:26:58,2026-08-16 21:31:50,2026-08-17 10:14:48,2026-08-17 13:06:57,2026-08-17 13:06:57,0,False,,,Academics & Exams,Academics & Exams,2026-08-17 10:14:48,0.0,0,1,STU24092,portal,High,False,Academics & Exams,Closed,,False,0.0811111111111111,12.716111111111111,0.0,2.8691666666666666,0.0,15.66638888888889,15.66638888888889,15.66638888888889,24,2026-08-17 21:26:58,1.0,False,False,,False,Sunday,2026-08-10,,True,False
TKT-100463,2026-08-16 21:39:44,2026-08-16 21:45:18,2026-08-17 13:56:28,2026-08-18 19:06:37,2026-08-18 19:06:37,2,False,,,Library,IT Support,2026-08-18 12:17:11,0.0,3,3,STU24536,portal,Medium,False,Library,Closed,,False,0.09277777777777778,16.18611111111111,22.345277777777778,6.823888888888889,0.0,45.448055555555555,45.448055555555555,45.448055555555555,72,2026-08-19 21:39:44,1.0,False,False,,False,Sunday,2026-08-10,,True,False
TKT-100464,2026-08-16 10:48:02,2026-08-17 09:57:45,2026-08-18 13:10:13,2026-08-19 13:58:21,2026-08-19 13:58:21,0,False,2026-08-19 10:00:00,2026-08-18 09:57:45,Academics & Exams,Academics & Exams,2026-08-18 13:10:13,0.0,2,1,STU25291,email,Medium,True,Academics & Exams,Closed,,True,23.161944444444444,27.20777777777778,0.0,24.802222222222223,0.0,75.17194444444445,75.17194444444445,75.17194444444445,72,2026-08-19 10:48:02,0.0,True,True,71.19944444444444,False,Sunday,2026-08-10,,True,False
TKT-100465,2026-08-16 21:38:59,2026-08-16 21:41:07,2026-08-17 09:23:22,2026-08-21 08:00:00,2026-08-21 08:00:00,0,False,2026-08-19 10:00:00,,Hostel & Maintenance,Hostel & Maintenance,2026-08-17 09:23:22,0.0,4,1,STU25370,portal,Medium,False,Hostel & Maintenance,Closed,5.0,False,0.035555555555555556,11.704166666666667,0.0,94.61055555555555,0.0,106.35027777777778,106.35027777777778,106.35027777777778,72,2026-08-19 21:38:59,0.0,True,False,60.35027777777778,False,Sunday,2026-08-10,,True,False
TKT-100466,2026-08-17 14:35:57,2026-08-17 14:49:02,2026-08-18 08:55:27,2026-08-19 12:09:52,2026-08-19 12:09:52,0,False,,,IT Support,IT Support,2026-08-18 08:55:27,0.0,1,1,STU24900,portal,Medium,False,IT Support,Closed,,False,0.21805555555555556,18.106944444444444,0.0,27.240277777777777,0.0,45.56527777777778,45.56527777777778,45.56527777777778,72,2026-08-20 14:35:57,1.0,False,False,,False,Monday,2026-08-17,,True,False
TKT-100467,2026-08-17 20:27:54,2026-08-18 13:47:12,2026-08-19 10:20:00,2026-08-19 12:23:34,2026-08-19 12:23:34,0,False,,,IT Support,IT Support,2026-08-19 10:20:00,0.0,1,1,STU25445,email,Medium,False,IT Support,Closed,4.0,True,17.321666666666665,20.546666666666667,0.0,2.0594444444444444,0.0,39.92777777777778,39.92777777777778,39.92777777777778,72,2026-08-20 20:27:54,1.0,False,False,,False,Monday,2026-08-17,,True,False
TKT-100468,2026-08-17 12:46:25,2026-08-17 12:56:38,2026-08-17 13:11:18,2026-08-20 12:31:03,2026-08-20 12:31:03,1,False,2026-08-20 10:00:00,,Academics & Exams,Fees & Finance,2026-08-17 16:32:39,0.0,2,2,STU24585,portal,Medium,False,Academics & Exams,Closed,4.0,False,0.17027777777777778,0.24444444444444444,3.3558333333333334,67.97333333333333,0.0,71.74388888888889,71.74388888888889,71.74388888888889,72,2026-08-20 12:46:25,1.0,True,False,69.22638888888889,False,Monday,2026-08-17,,True,False
TKT-100469,2026-08-17 18:11:45,2026-08-18 09:45:12,2026-08-18 13:38:20,2026-08-19 14:09:31,2026-08-19 14:09:31,0,False,,,IT Support,IT Support,2026-08-18 13:38:20,0.0,2,1,STU24704,email,Medium,True,IT Support,Closed,,True,15.5575,3.8855555555555554,0.0,24.51972222222222,0.0,43.96277777777778,43.96277777777778,43.96277777777778,72,2026-08-20 18:11:45,1.0,False,False,,False,Monday,2026-08-17,,True,False
TKT-100470,2026-08-17 14:25:57,2026-08-19 12:31:32,2026-08-20 11:49:09,2026-08-21 09:34:41,2026-08-21 09:34:41,0,False,2026-08-20 10:00:00,,Academics & Exams,Academics & Exams,2026-08-20 11:49:09,8.26,2,1,STU24065,portal,Medium,False,Academics & Exams,Closed,,True,46.09305555555556,23.29361111111111,0.0,13.49888888888889,0.0,91.14555555555556,82.88555555555556,82.88555555555556,72,2026-08-20 14:25:57,0.0,True,False,67.5675,False,Monday,2026-08-17,,True,False
TKT-100471,2026-08-17 10:21:46,2026-08-17 11:34:33,2026-08-17 12:01:32,2026-08-18 12:02:50,2026-08-18 12:02:50,0,False,,,IT Support,IT Support,2026-08-17 12:01:32,7.697777777777778,0,1,STU25720,email,Medium,False,IT Support,Closed,,True,1.2130555555555556,0.44972222222222225,0.0,16.32388888888889,0.0,25.684444444444445,17.986666666666668,17.986666666666668,72,2026-08-20 10:21:46,1.0,False,False,,False,Monday,2026-08-17,,True,False
TKT-100472,2026-08-17 19:30:06,2026-08-18 10:06:52,2026-08-18 19:12:17,2026-08-20 10:29:37,2026-08-20 10:29:37,0,False,2026-08-20 10:00:00,,Hostel & Maintenance,Hostel & Maintenance,2026-08-18 19:12:17,0.0,2,1,STU24121,email,Low,False,Hostel & Maintenance,Closed,5.0,True,14.612777777777778,9.090277777777779,0.0,39.28888888888889,0.0,62.99194444444444,62.99194444444444,62.99194444444444,120,2026-08-22 19:30:06,1.0,True,False,62.498333333333335,False,Monday,2026-08-17,,True,False
TKT-100473,2026-08-17 08:29:40,2026-08-17 08:30:45,2026-08-19 20:17:08,2026-08-21 09:00:00,2026-08-24 12:42:01,0,True,2026-08-19 10:00:00,2026-08-18 08:30:45,Fees & Finance,Fees & Finance,2026-08-19 20:17:08,0.0,5,1,STU24595,portal,High,False,Fees & Finance,Closed,3.0,False,0.018055555555555554,59.77305555555556,0.0,36.714444444444446,75.70027777777777,172.20583333333335,172.20583333333335,96.50555555555556,24,2026-08-18 08:29:40,0.0,True,True,49.50555555555555,True,Monday,2026-08-17,,True,False
TKT-100474,2026-08-17 13:46:33,2026-08-17 13:52:08,2026-08-18 11:56:25,2026-08-19 13:37:59,2026-08-19 13:37:59,0,False,,,Academics & Exams,Academics & Exams,2026-08-18 11:56:25,3.4658333333333333,0,1,STU25553,portal,Low,False,Academics & Exams,Closed,5.0,False,0.09305555555555556,22.07138888888889,0.0,22.226944444444445,0.0,47.85722222222222,44.39138888888888,44.39138888888888,120,2026-08-22 13:46:33,1.0,False,False,,False,Monday,2026-08-17,,True,False
TKT-100475,2026-08-17 11:23:25,2026-08-17 13:08:01,2026-08-18 13:45:24,2026-08-19 16:23:39,2026-08-19 16:23:39,1,False,,2026-08-18 13:08:01,Academics & Exams,Hostel & Maintenance,2026-08-19 11:32:20,0.0,0,2,STU25782,email,Medium,False,Academics & Exams,Closed,4.0,True,1.7433333333333334,24.623055555555556,21.782222222222224,4.855277777777777,0.0,53.00388888888889,53.00388888888889,53.00388888888889,72,2026-08-20 11:23:25,1.0,False,True,,False,Monday,2026-08-17,,True,False
TKT-100476,2026-08-17 00:36:30,2026-08-17 10:31:22,2026-08-17 13:48:59,2026-08-17 18:13:31,2026-08-17 18:13:31,0,False,,,IT Support,IT Support,2026-08-17 13:48:59,0.0,0,1,STU25140,portal,Low,False,Unknown,Closed,4.0,True,9.914444444444445,3.2936111111111113,0.0,4.408888888888889,0.0,17.616944444444446,17.616944444444446,17.616944444444446,120,2026-08-22 00:36:30,1.0,False,False,,False,Monday,2026-08-17,,True,False
TKT-100477,2026-08-17 09:45:46,2026-08-17 10:00:42,2026-08-17 11:28:25,2026-08-18 11:40:07,2026-08-18 11:40:07,0,False,,,Fees & Finance,Fees & Finance,2026-08-17 11:28:25,0.0,1,1,STU25003,portal,Low,False,Fees & Finance,Closed,4.0,False,0.24888888888888888,1.4619444444444445,0.0,24.195,0.0,25.905833333333334,25.905833333333334,25.905833333333334,120,2026-08-22 09:45:46,1.0,False,False,,False,Monday,2026-08-17,,True,False
TKT-100478,2026-08-17 13:51:13,2026-08-17 13:53:39,2026-08-17 19:05:23,2026-08-22 08:00:00,2026-08-22 08:00:00,0,False,2026-08-20 10:00:00,,Hostel & Maintenance,Hostel & Maintenance,2026-08-17 19:05:23,59.09027777777778,0,1,STU25241,portal,Medium,False,Hostel & Maintenance,Closed,4.0,False,0.04055555555555555,5.195555555555556,0.0,49.82,0.0,114.1463888888889,55.056111111111115,55.056111111111115,72,2026-08-20 13:51:13,1.0,True,False,68.1463888888889,False,Monday,2026-08-17,,True,False
TKT-100479,2026-08-17 20:38:28,2026-08-18 09:26:54,2026-08-18 18:59:22,2026-08-21 08:00:00,2026-08-21 08:00:00,0,False,2026-08-20 10:00:00,,Hostel & Maintenance,Hostel & Maintenance,2026-08-18 18:59:22,0.0,1,1,STU24175,email,Medium,False,Hostel & Maintenance,Closed,3.0,True,12.807222222222222,9.54111111111111,0.0,61.010555555555555,0.0,83.35888888888888,83.35888888888888,83.35888888888888,72,2026-08-20 20:38:28,0.0,True,False,61.35888888888889,False,Monday,2026-08-17,,True,False
TKT-100480,2026-08-17 15:14:51,2026-08-17 15:18:20,2026-08-18 13:21:06,2026-08-25 09:00:00,2026-08-25 09:00:00,1,False,2026-08-20 10:00:00,,IT Support,Academics & Exams,2026-08-19 13:37:32,0.0,6,2,STU24964,portal,Medium,False,IT Support,Closed,,False,0.058055555555555555,22.04611111111111,24.273888888888887,139.37444444444444,0.0,185.7525,185.7525,185.7525,72,2026-08-20 15:14:51,0.0,True,False,66.7525,False,Monday,2026-08-17,,True,False
TKT-100481,2026-08-17 18:38:58,2026-08-18 13:10:59,2026-08-19 08:13:58,2026-08-20 11:11:59,2026-08-20 11:11:59,0,False,2026-08-20 10:00:00,,Hostel & Maintenance,Hostel & Maintenance,2026-08-19 08:13:58,3.0991666666666666,2,1,STU24602,email,Medium,True,Hostel & Maintenance,Closed,,True,18.53361111111111,19.049722222222222,0.0,23.86777777777778,0.0,64.55027777777778,61.45111111111111,61.45111111111111,72,2026-08-20 18:38:58,1.0,True,False,63.35055555555556,False,Monday,2026-08-17,,True,False
TKT-100482,2026-08-18 14:00:50,2026-08-18 14:14:04,2026-08-19 10:18:35,2026-08-19 15:51:03,2026-08-19 15:51:03,0,False,,,Academics & Exams,Academics & Exams,2026-08-19 10:18:35,0.0,0,1,STU24589,portal,Medium,False,Academics & Exams,Closed,5.0,False,0.22055555555555556,20.075277777777778,0.0,5.541111111111111,0.0,25.836944444444445,25.836944444444445,25.836944444444445,72,2026-08-21 14:00:50,1.0,False,False,,False,Tuesday,2026-08-17,,True,False
TKT-100483,2026-08-23 14:20:52,2026-08-18 14:24:00,2026-08-18 16:01:54,2026-08-18 18:38:07,2026-08-18 18:38:07,0,False,,,IT Support,IT Support,2026-08-18 16:01:54,0.0,0,1,STU25298,walk_in,Medium,False,IT Support,Closed,,False,-119.94777777777777,1.6316666666666666,0.0,2.6036111111111113,0.0,-115.7125,-115.7125,-115.7125,72,2026-08-26 14:20:52,1.0,False,False,,False,Sunday,2026-08-17,chronology violation (clock skew),False,False
TKT-100484,2026-08-18 13:18:51,2026-08-18 13:29:13,2026-08-18 15:29:43,2026-08-21 11:29:54,2026-08-21 11:29:54,0,False,2026-08-21 10:00:00,,IT Support,IT Support,2026-08-18 15:29:43,10.744444444444444,2,1,STU24290,portal,Low,False,IT Support,Closed,3.0,False,0.17277777777777778,2.0083333333333333,0.0,57.25861111111112,0.0,70.18416666666667,59.43972222222223,59.43972222222223,120,2026-08-23 13:18:51,1.0,True,False,68.68583333333333,False,Tuesday,2026-08-17,,True,False
TKT-100485,2026-08-18 13:54:54,2026-08-18 16:33:26,2026-08-20 03:34:41,2026-08-21 15:38:13,2026-08-21 15:38:13,0,False,2026-08-21 10:00:00,2026-08-19 16:33:26,Hostel & Maintenance,Hostel & Maintenance,2026-08-20 03:34:41,0.0,7,1,STU25162,email,High,False,Hostel & Maintenance,Closed,,True,2.6422222222222222,35.020833333333336,0.0,36.05888888888889,0.0,73.72194444444445,73.72194444444445,73.72194444444445,24,2026-08-19 13:54:54,0.0,True,True,68.085,True,Tuesday,2026-08-17,,True,False
TKT-100486,2026-08-18 17:50:49,2026-08-18 17:54:15,2026-08-19 09:10:42,2026-08-24 12:03:18,2026-08-26 13:58:39,1,True,2026-08-21 10:00:00,,IT Support,Academics & Exams,2026-08-20 10:06:19,0.0,6,2,STU24686,portal,Medium,False,IT Support,Closed,,False,0.05722222222222222,15.274166666666666,24.926944444444445,97.94972222222222,49.9225,188.13055555555556,188.13055555555556,138.20805555555555,72,2026-08-21 17:50:49,0.0,True,False,64.15305555555555,False,Tuesday,2026-08-17,,True,False
TKT-100487,2026-08-18 18:54:36,2026-08-18 18:55:56,2026-08-19 16:51:40,2026-08-24 09:00:00,2026-08-24 09:00:00,0,False,2026-08-21 10:00:00,,Academics & Exams,Academics & Exams,2026-08-19 16:51:40,0.0,6,1,STU24849,portal,Medium,False,Academics & Exams,Closed,,False,0.022222222222222223,21.92888888888889,0.0,112.13888888888889,0.0,134.09,134.09,134.09,72,2026-08-21 18:54:36,0.0,True,False,63.09,False,Tuesday,2026-08-17,,True,False
TKT-100488,2026-08-18 10:23:16,2026-08-18 10:26:43,2026-08-18 12:33:45,2026-08-19 16:14:14,2026-08-19 16:14:14,0,False,,,Hostel & Maintenance,Hostel & Maintenance,2026-08-18 12:33:45,8.044722222222223,1,1,STU24122,portal,Low,False,Hostel & Maintenance,Closed,,False,0.0575,2.1172222222222223,0.0,19.63,0.0,29.849444444444444,21.80472222222222,21.80472222222222,120,2026-08-23 10:23:16,1.0,False,False,,False,Tuesday,2026-08-17,,True,False
TKT-100489,2026-08-18 13:37:33,2026-08-18 13:51:51,2026-08-20 04:29:30,2026-08-20 10:38:53,2026-08-24 10:08:17,0,True,,2026-08-19 13:51:51,Library,Library,2026-08-20 04:29:30,0.0,4,1,STU24795,portal,Medium,False,Library,Closed,,False,0.23833333333333334,38.6275,0.0,6.1563888888888885,95.49,140.51222222222222,140.51222222222222,45.022222222222226,72,2026-08-21 13:37:33,0.0,False,True,,False,Tuesday,2026-08-17,,True,False
TKT-100490,2026-08-18 13:21:21,2026-08-18 13:31:41,2026-08-18 15:01:10,2026-08-18 18:38:58,2026-08-18 18:38:58,0,False,,,IT Support,IT Support,2026-08-18 15:01:10,0.0,0,1,STU25494,portal,Medium,False,IT Support,Closed,5.0,False,0.17222222222222222,1.4913888888888889,0.0,3.63,0.0,5.293611111111111,5.293611111111111,5.293611111111111,72,2026-08-21 13:21:21,1.0,False,False,,False,Tuesday,2026-08-17,,True,False
TKT-100491,2026-08-18 08:06:33,2026-08-18 08:21:14,2026-08-18 09:55:43,2026-08-18 13:06:41,2026-08-18 13:06:41,0,False,,,IT Support,IT Support,2026-08-18 09:55:43,0.0,0,1,STU24614,portal,Low,False,IT Support,Closed,5.0,False,0.24472222222222223,1.5747222222222221,0.0,3.182777777777778,0.0,5.002222222222223,5.002222222222223,5.002222222222223,120,2026-08-23 08:06:33,1.0,False,False,,False,Tuesday,2026-08-17,,True,False
TKT-100492,2026-08-18 12:47:57,2026-08-18 13:03:27,2026-08-18 16:09:15,2026-08-19 11:11:37,2026-08-19 11:11:37,0,False,,,Hostel & Maintenance,Hostel & Maintenance,2026-08-18 16:09:15,0.0,1,1,STU24736,email,Low,False,Hostel & Maintenance,Closed,,False,0.25833333333333336,3.0966666666666667,0.0,19.039444444444445,0.0,22.394444444444446,22.394444444444446,22.394444444444446,120,2026-08-23 12:47:57,1.0,False,False,,False,Tuesday,2026-08-17,,True,False
TKT-100493,2026-08-18 20:30:18,2026-08-19 10:02:40,2026-08-20 13:01:11,2026-08-21 12:49:37,2026-08-25 12:40:11,0,True,2026-08-21 10:00:00,2026-08-20 10:02:40,Academics & Exams,Academics & Exams,2026-08-20 13:01:11,0.0,7,1,STU24389,email,Medium,False,Academics & Exams,Closed,,True,13.539444444444445,26.975277777777777,0.0,23.807222222222222,95.84277777777778,160.16472222222222,160.16472222222222,64.32194444444444,72,2026-08-21 20:30:18,0.0,True,True,61.495,False,Tuesday,2026-08-17,,True,False
TKT-100494,2026-08-18 16:37:22,2026-08-18 17:47:32,2026-08-19 16:25:19,2026-08-21 12:42:30,2026-08-21 12:42:30,1,False,2026-08-21 10:00:00,,Fees & Finance,IT Support,2026-08-21 11:17:09,0.0,2,2,STU24026,email,Low,False,Fees & Finance,Closed,4.0,True,1.1694444444444445,22.629722222222224,42.86388888888889,1.4225,0.0,68.08555555555556,68.08555555555556,68.08555555555556,120,2026-08-23 16:37:22,1.0,True,False,65.37722222222222,False,Tuesday,2026-08-17,,True,False
TKT-100495,2026-08-18 12:53:12,2026-08-18 12:59:18,2026-08-18 16:05:37,2026-08-21 10:47:40,2026-08-24 17:03:52,0,True,2026-08-21 10:00:00,,Hostel & Maintenance,Hostel & Maintenance,2026-08-18 16:05:37,8.110833333333334,7,1,STU24911,portal,Medium,False,Hostel & Maintenance,Closed,,False,0.10166666666666667,3.105277777777778,0.0,58.59,78.27,148.17777777777778,140.06694444444443,61.79694444444445,72,2026-08-21 12:53:12,0.0,True,False,69.11333333333333,False,Tuesday,2026-08-17,,True,False
TKT-100496,2026-08-18 09:31:43,2026-08-18 09:33:49,2026-08-18 14:48:53,2026-08-21 08:00:00,2026-08-21 08:00:00,0,False,2026-08-20 10:00:00,,Hostel & Maintenance,Hostel & Maintenance,2026-08-18 14:48:53,0.0,2,1,STU25209,walk_in,Medium,False,Hostel & Maintenance,Closed,5.0,False,0.035,5.251111111111111,0.0,65.18527777777778,0.0,70.4713888888889,70.4713888888889,70.4713888888889,72,2026-08-21 09:31:43,1.0,True,False,48.47138888888889,False,Tuesday,2026-08-17,,True,False
TKT-100497,2026-08-18 12:06:24,2026-08-18 12:13:46,2026-08-18 16:08:12,2026-08-19 12:41:39,2026-08-19 12:41:39,0,False,,,Hostel & Maintenance,Hostel & Maintenance,2026-08-18 16:08:12,0.0,0,1,STU24137,portal,Medium,False,Hostel & Maintenance,Closed,,False,0.12277777777777778,3.9072222222222224,0.0,20.5575,0.0,24.5875,24.5875,24.5875,72,2026-08-21 12:06:24,1.0,False,False,,False,Tuesday,2026-08-17,,True,False
TKT-100498,2026-08-18 12:59:16,2026-08-18 13:00:19,2026-08-18 16:48:19,2026-08-19 09:18:44,2026-08-19 09:18:44,0,False,,,IT Support,IT Support,2026-08-18 16:48:19,3.7130555555555556,0,1,STU24331,portal,Medium,False,IT Support,Closed,4.0,False,0.0175,3.8,0.0,12.793888888888887,0.0,20.324444444444445,16.61138888888889,16.61138888888889,72,2026-08-21 12:59:16,1.0,False,False,,False,Tuesday,2026-08-17,,True,False
TKT-100499,2026-08-18 10:50:59,2026-08-18 10:55:54,2026-08-18 12:03:43,2026-08-18 13:39:59,2026-08-18 13:39:59,0,False,,,Library,Library,2026-08-18 12:03:43,0.0,0,1,STU24820,portal,Medium,False,Library,Closed,5.0,False,0.08194444444444444,1.1302777777777777,0.0,1.6044444444444443,0.0,2.816666666666667,2.816666666666667,2.816666666666667,72,2026-08-21 10:50:59,1.0,False,False,,False,Tuesday,2026-08-17,,True,False
TKT-100500,2026-08-18 12:59:40,2026-08-19 14:04:11,2026-08-19 17:33:27,2026-08-20 13:36:10,2026-08-20 13:36:10,0,False,,,IT Support,IT Support,2026-08-19 17:33:27,0.0,1,1,STU24590,email,Medium,False,IT Support,Closed,,True,25.075277777777778,3.4877777777777776,0.0,20.045277777777777,0.0,48.608333333333334,48.608333333333334,48.608333333333334,72,2026-08-21 12:59:40,1.0,False,False,,False,Tuesday,2026-08-17,,True,False
TKT-100501,2026-08-18 12:40:51,2026-08-18 12:53:59,2026-08-18 15:39:21,2026-08-19 09:53:56,2026-08-19 09:53:56,0,False,,,IT Support,IT Support,2026-08-18 15:39:21,0.0,0,1,STU25155,walk_in,High,False,IT Support,Closed,,False,0.21888888888888888,2.756111111111111,0.0,18.243055555555557,0.0,21.218055555555555,21.218055555555555,21.218055555555555,24,2026-08-19 12:40:51,1.0,False,False,,False,Tuesday,2026-08-17,,True,False
TKT-100502,2026-08-18 11:20:12,2026-08-18 13:48:43,2026-08-19 15:41:16,2026-08-21 10:35:12,2026-08-21 10:35:12,0,False,2026-08-21 10:00:00,2026-08-19 13:48:43,Fees & Finance,Fees & Finance,2026-08-19 15:41:16,6.586944444444445,1,1,STU24407,portal,Medium,False,Unknown,Closed,,True,2.475277777777778,25.875833333333333,0.0,36.31194444444445,0.0,71.25,64.66305555555556,64.66305555555556,72,2026-08-21 11:20:12,1.0,True,True,70.66333333333333,False,Tuesday,2026-08-17,,True,False
TKT-100503,2026-08-18 21:15:34,2026-08-18 21:27:42,2026-08-21 00:04:43,2026-08-21 12:54:50,2026-08-24 08:06:09,1,True,2026-08-21 10:00:00,2026-08-19 21:27:42,Academics & Exams,IT Support,2026-08-21 11:54:39,0.0,1,2,STU25665,portal,High,False,Academics & Exams,Closed,2.0,False,0.20222222222222222,50.61694444444444,11.832222222222223,1.0030555555555556,67.18861111111111,130.84305555555557,130.84305555555557,63.654444444444444,24,2026-08-19 21:15:34,0.0,True,True,60.74055555555555,True,Tuesday,2026-08-17,,True,False
TKT-100504,2026-08-18 07:43:01,2026-08-18 12:48:08,2026-08-19 13:17:16,2026-08-20 10:38:43,2026-08-20 10:38:43,0,False,2026-08-20 10:00:00,2026-08-19 12:48:08,Academics & Exams,Academics & Exams,2026-08-19 13:17:16,0.0,1,1,STU25126,email,Low,False,Academics & Exams,Closed,,True,5.085277777777778,24.485555555555557,0.0,21.3575,0.0,50.928333333333335,50.928333333333335,50.928333333333335,120,2026-08-23 07:43:01,1.0,True,True,50.283055555555556,False,Tuesday,2026-08-17,,True,False
TKT-100505,2026-08-18 11:24:54,2026-08-18 11:30:33,2026-08-19 14:39:40,2026-08-21 08:23:59,2026-08-21 08:23:59,0,False,,2026-08-19 11:30:33,Hostel & Maintenance,Hostel & Maintenance,2026-08-19 14:39:40,4.723888888888889,2,1,STU24980,portal,Medium,False,Hostel & Maintenance,Closed,4.0,False,0.09416666666666666,27.151944444444446,0.0,37.014722222222225,0.0,68.98472222222222,64.26083333333332,64.26083333333332,72,2026-08-21 11:24:54,1.0,False,True,,False,Tuesday,2026-08-17,,True,False
TKT-100506,2026-08-18 21:55:13,2026-08-18 22:05:23,2026-08-19 11:29:56,2026-08-19 15:37:46,2026-08-19 15:37:46,0,False,,,IT Support,IT Support,2026-08-19 11:29:56,0.0,0,1,STU25170,portal,Medium,False,IT Support,Closed,5.0,False,0.16944444444444445,13.409166666666666,0.0,4.1305555555555555,0.0,17.70916666666667,17.70916666666667,17.70916666666667,72,2026-08-21 21:55:13,1.0,False,False,,False,Tuesday,2026-08-17,,True,False
TKT-100507,2026-08-18 10:02:35,2026-08-18 10:08:30,2026-08-18 18:58:48,2026-08-19 09:01:03,2026-08-19 09:01:03,0,False,,,IT Support,IT Support,2026-08-18 18:58:48,11.274444444444445,0,1,STU25755,portal,Low,False,IT Support,Closed,,False,0.09861111111111111,8.838333333333333,0.0,2.763055555555555,0.0,22.974444444444444,11.7,11.7,120,2026-08-23 10:02:35,1.0,False,False,,False,Tuesday,2026-08-17,,True,False
TKT-100508,2026-08-18 12:07:28,2026-08-18 13:00:47,2026-08-19 13:06:49,2026-08-22 08:26:53,2026-08-22 08:26:53,1,False,2026-08-21 10:00:00,2026-08-19 13:00:47,Library,IT Support,2026-08-20 10:53:34,29.93138888888889,1,2,STU25185,email,Low,False,Library,Closed,,True,0.8886111111111111,24.100555555555555,21.779166666666665,15.623888888888885,0.0,92.3236111111111,62.392222222222216,62.392222222222216,120,2026-08-23 12:07:28,1.0,True,True,69.87555555555555,False,Tuesday,2026-08-17,,True,False
TKT-100509,2026-08-19 09:10:33,2026-08-19 09:17:42,2026-08-20 09:36:40,2026-08-21 14:39:51,2026-08-21 14:39:51,0,False,2026-08-21 10:00:00,2026-08-20 09:17:42,Hostel & Maintenance,Hostel & Maintenance,2026-08-20 09:36:40,0.0,1,1,STU24567,portal,Medium,False,Hostel & Maintenance,Closed,,False,0.11916666666666667,24.316111111111113,0.0,29.053055555555556,0.0,53.48833333333334,53.48833333333334,53.48833333333334,72,2026-08-22 09:10:33,1.0,True,True,48.82416666666666,False,Wednesday,2026-08-17,,True,False
TKT-100510,2026-08-19 09:35:31,2026-08-19 10:47:59,2026-08-19 18:11:58,2026-08-22 08:00:00,2026-08-22 08:00:00,0,False,2026-08-21 10:00:00,,IT Support,IT Support,2026-08-19 18:11:58,47.571666666666665,3,1,STU24976,email,Low,False,IT Support,Closed,,True,1.2077777777777778,7.3997222222222225,0.0,14.22888888888889,0.0,70.40805555555555,22.836388888888884,22.836388888888884,120,2026-08-24 09:35:31,1.0,True,False,48.408055555555556,False,Wednesday,2026-08-17,,True,False
TKT-100511,2026-08-19 11:22:12,2026-08-19 11:36:03,2026-08-19 16:16:12,2026-08-21 09:15:39,2026-08-21 09:15:39,0,False,,,Library,Library,2026-08-19 16:16:12,0.0,1,1,STU24613,portal,Low,False,Library,Closed,,False,0.23083333333333333,4.6691666666666665,0.0,40.990833333333335,0.0,45.89083333333333,45.89083333333333,45.89083333333333,120,2026-08-24 11:22:12,1.0,False,False,,False,Wednesday,2026-08-17,,True,False
TKT-100512,2026-08-19 11:39:45,2026-08-19 11:47:12,2026-08-19 12:54:41,2026-08-25 08:00:00,2026-08-27 18:38:03,0,True,2026-08-24 10:00:00,,Hostel & Maintenance,Hostel & Maintenance,2026-08-19 12:54:41,0.0,4,1,STU24203,portal,Low,False,Hostel & Maintenance,Closed,2.0,False,0.12416666666666666,1.1247222222222222,0.0,139.0886111111111,58.634166666666665,198.97166666666666,198.97166666666666,140.3375,120,2026-08-24 11:39:45,0.0,True,False,118.3375,False,Wednesday,2026-08-17,,True,False
TKT-100513,2026-08-19 17:33:39,2026-08-19 17:40:35,2026-08-19 18:31:37,2026-08-20 18:26:45,2026-08-20 18:26:45,0,False,,,IT Support,IT Support,2026-08-19 18:31:37,6.187777777777778,0,1,STU24704,portal,Medium,False,IT Support,Closed,5.0,False,0.11555555555555555,0.8505555555555555,0.0,17.73111111111111,0.0,24.885,18.697222222222223,18.697222222222223,72,2026-08-22 17:33:39,1.0,False,False,,False,Wednesday,2026-08-17,,True,False
TKT-100514,2026-08-19 22:01:47,2026-08-19 22:07:00,2026-08-20 11:32:58,2026-08-20 19:23:49,2026-08-20 19:23:49,0,False,,,IT Support,IT Support,2026-08-20 11:32:58,0.0,0,1,STU24071,portal,Low,False,IT Support,Closed,,False,0.08694444444444445,13.432777777777778,0.0,7.8475,0.0,21.36722222222222,21.36722222222222,21.36722222222222,120,2026-08-24 22:01:47,1.0,False,False,,False,Wednesday,2026-08-17,,True,False
TKT-100515,2026-08-19 12:34:38,2026-08-19 12:45:43,2026-08-19 13:48:26,2026-08-20 15:57:49,2026-08-22 16:28:05,1,True,,,Library,Hostel & Maintenance,2026-08-19 16:30:55,0.0,3,2,STU24589,portal,Low,False,Library,Closed,,False,0.18472222222222223,1.0452777777777778,2.7080555555555557,23.448333333333334,48.504444444444445,75.89083333333333,75.89083333333333,27.386388888888888,120,2026-08-24 12:34:38,1.0,False,False,,False,Wednesday,2026-08-17,,True,False
TKT-100516,2026-08-19 07:20:36,2026-08-19 10:33:12,2026-08-19 12:34:19,2026-08-20 15:51:42,2026-08-20 15:51:42,0,False,,,IT Support,IT Support,2026-08-19 12:34:19,23.363055555555555,0,1,STU25613,email,Medium,False,IT Support,Closed,,True,3.21,2.018611111111111,0.0,3.9266666666666694,0.0,32.51833333333333,9.155277777777776,9.155277777777776,72,2026-08-22 07:20:36,1.0,False,False,,False,Wednesday,2026-08-17,,True,False
TKT-100517,2026-08-19 20:48:03,2026-08-20 09:03:45,2026-08-23 11:29:51,2026-08-25 09:00:00,2026-08-27 13:10:37,0,True,2026-08-24 10:00:00,2026-08-21 09:03:45,Fees & Finance,Fees & Finance,2026-08-23 11:29:51,0.0,5,1,STU24264,portal,Medium,False,Fees & Finance,Closed,,True,12.261666666666667,74.435,0.0,45.5025,52.176944444444445,184.3761111111111,184.3761111111111,132.19916666666666,72,2026-08-22 20:48:03,0.0,True,True,109.19916666666667,True,Wednesday,2026-08-17,,True,False
TKT-100518,2026-08-19 06:09:20,2026-08-19 06:21:55,2026-08-19 09:18:03,2026-08-20 12:06:33,2026-08-20 12:06:33,0,False,,,IT Support,IT Support,2026-08-19 09:18:03,0.0,0,1,STU24258,portal,Low,False,IT Support,Closed,5.0,False,0.20972222222222223,2.9355555555555557,0.0,26.808333333333334,0.0,29.953611111111112,29.953611111111112,29.953611111111112,120,2026-08-24 06:09:20,1.0,False,False,,False,Wednesday,2026-08-17,,True,False
TKT-100519,2026-08-19 13:39:42,2026-08-19 13:50:06,2026-08-23 07:16:45,2026-08-25 09:00:00,2026-08-25 09:00:00,0,False,2026-08-24 10:00:00,2026-08-20 13:50:06,Fees & Finance,Fees & Finance,2026-08-23 07:16:45,0.0,7,1,STU24190,portal,High,False,Fees & Finance,Closed,,False,0.17333333333333334,89.44416666666666,0.0,49.72083333333333,0.0,139.33833333333334,139.33833333333334,139.33833333333334,24,2026-08-20 13:39:42,0.0,True,True,116.33833333333334,True,Wednesday,2026-08-17,,True,False
TKT-100520,2026-08-19 15:49:53,2026-08-19 16:19:32,2026-08-20 16:42:51,2026-08-24 09:29:24,2026-08-27 12:16:42,0,True,,2026-08-20 16:19:32,Academics & Exams,Academics & Exams,2026-08-20 16:42:51,0.0,4,1,STU25054,email,High,False,Academics & Exams,Closed,2.0,False,0.49416666666666664,24.38861111111111,0.0,88.77583333333334,74.78833333333333,188.44694444444445,188.44694444444445,113.65861111111111,24,2026-08-20 15:49:53,0.0,False,True,,False,Wednesday,2026-08-17,,True,False
TKT-100521,2026-08-19 20:59:28,2026-08-19 21:06:52,2026-08-20 11:46:08,2026-08-25 09:00:00,2026-08-25 09:00:00,0,False,2026-08-24 10:00:00,,Fees & Finance,Fees & Finance,2026-08-20 11:46:08,0.0,1,1,STU24588,portal,High,False,Fees & Finance,Closed,,False,0.12333333333333334,14.654444444444444,0.0,117.2311111111111,0.0,132.0088888888889,132.0088888888889,132.0088888888889,24,2026-08-20 20:59:28,0.0,True,False,109.00888888888889,True,Wednesday,2026-08-17,,True,False
TKT-100522,2026-08-19 10:40:09,2026-08-19 10:52:08,2026-08-19 15:59:19,2026-08-20 09:49:47,2026-08-20 09:49:47,0,False,,,IT Support,IT Support,2026-08-19 15:59:19,0.0,0,1,STU24188,walk_in,Medium,False,IT Support,Closed,,False,0.19972222222222222,5.119722222222222,0.0,17.84111111111111,0.0,23.160555555555554,23.160555555555554,23.160555555555554,72,2026-08-22 10:40:09,1.0,False,False,,False,Wednesday,2026-08-17,,True,False
TKT-100523,2026-08-19 08:04:43,2026-08-19 08:19:32,2026-08-19 09:28:44,2026-08-19 11:44:16,2026-08-20 09:54:08,0,True,,,IT Support,IT Support,2026-08-19 09:28:44,0.0,1,1,STU24211,portal,Medium,False,IT Support,Closed,,False,0.24694444444444444,1.1533333333333333,0.0,2.258888888888889,22.164444444444445,25.823611111111113,25.823611111111113,3.6591666666666667,72,2026-08-22 08:04:43,1.0,False,False,,False,Wednesday,2026-08-17,,True,False
TKT-100524,2026-08-19 09:33:26,2026-08-19 09:45:14,2026-08-19 17:47:34,2026-08-21 09:04:27,2026-08-21 09:04:27,0,False,,,Hostel & Maintenance,Hostel & Maintenance,2026-08-19 17:47:34,0.0,1,1,STU24589,portal,High,False,Hostel & Maintenance,Closed,,False,0.19666666666666666,8.03888888888889,0.0,39.28138888888889,0.0,47.51694444444445,47.51694444444445,47.51694444444445,24,2026-08-20 09:33:26,0.0,False,False,,False,Wednesday,2026-08-17,,True,False
TKT-100525,2026-08-19 09:35:47,2026-08-19 09:38:36,2026-08-19 11:56:45,2026-08-20 13:59:16,2026-08-20 13:59:16,0,False,,,IT Support,IT Support,2026-08-19 11:56:45,0.0,1,1,STU24851,walk_in,Medium,False,IT Support,Closed,,False,0.04694444444444444,2.3025,0.0,26.041944444444443,0.0,28.39138888888889,28.39138888888889,28.39138888888889,72,2026-08-22 09:35:47,1.0,False,False,,False,Wednesday,2026-08-17,,True,False
TKT-100526,2026-08-20 10:01:01,2026-08-20 12:16:51,2026-08-22 05:10:18,2026-08-25 09:00:00,2026-08-25 09:00:00,1,False,2026-08-24 10:00:00,2026-08-21 12:16:51,Hostel & Maintenance,Library,2026-08-24 16:59:17,0.0,3,2,STU24058,portal,Medium,False,Unknown,Closed,,True,2.263888888888889,40.89083333333333,59.81638888888889,16.011944444444445,0.0,118.98305555555555,118.98305555555555,118.98305555555555,72,2026-08-23 10:01:01,0.0,True,True,95.98305555555555,True,Thursday,2026-08-17,,True,False
TKT-100527,2026-08-20 09:54:41,2026-08-20 16:24:08,2026-08-21 10:21:56,2026-08-21 12:40:50,2026-08-21 12:40:50,0,False,,,Library,Library,2026-08-21 10:21:56,0.0,1,1,STU24272,email,Medium,True,Library,Closed,,True,6.490833333333334,17.963333333333335,0.0,2.315,0.0,26.769166666666667,26.769166666666667,26.769166666666667,72,2026-08-23 09:54:41,1.0,False,False,,False,Thursday,2026-08-17,,True,False
TKT-100528,2026-08-20 09:59:20,2026-08-20 10:20:32,2026-08-20 15:10:27,2026-08-21 11:39:17,2026-08-21 11:39:17,0,False,,,Fees & Finance,Fees & Finance,2026-08-20 15:10:27,2.5780555555555558,1,1,STU24378,portal,Medium,False,Unknown,Closed,4.0,False,0.35333333333333333,4.831944444444445,0.0,17.9025,0.0,25.66583333333333,23.087777777777777,23.087777777777777,72,2026-08-23 09:59:20,1.0,False,False,,False,Thursday,2026-08-17,,True,False
TKT-100529,2026-08-20 22:46:40,2026-08-21 09:24:38,2026-08-21 13:37:34,2026-08-21 17:46:15,2026-08-22 09:22:32,0,True,,,IT Support,IT Support,2026-08-21 13:37:34,0.0,1,1,STU24119,email,Medium,True,IT Support,Closed,,True,10.632777777777777,4.2155555555555555,0.0,4.144722222222223,15.604722222222222,34.59777777777778,34.59777777777778,18.993055555555557,72,2026-08-23 22:46:40,1.0,False,False,,False,Thursday,2026-08-17,,True,False
TKT-100530,2026-08-20 17:25:22,2026-08-21 12:17:40,2026-08-21 12:19:24,2026-08-21 15:41:05,2026-08-21 15:41:05,0,False,,,IT Support,IT Support,2026-08-21 12:19:24,0.0,0,1,STU25616,email,Medium,True,IT Support,Closed,,True,18.871666666666666,0.028888888888888888,0.0,3.361388888888889,0.0,22.261944444444445,22.261944444444445,22.261944444444445,72,2026-08-23 17:25:22,1.0,False,False,,False,Thursday,2026-08-17,,True,False
TKT-100531,2026-08-20 17:04:00,2026-08-20 17:08:56,2026-08-21 11:16:06,2026-08-25 09:00:00,2026-08-25 09:00:00,0,False,2026-08-24 10:00:00,,Fees & Finance,Fees & Finance,2026-08-21 11:16:06,0.0,4,1,STU24724,portal,Medium,False,Fees & Finance,Closed,,False,0.08222222222222222,18.119444444444444,0.0,93.73166666666667,0.0,111.93333333333334,111.93333333333334,111.93333333333334,72,2026-08-23 17:04:00,0.0,True,False,88.93333333333334,True,Thursday,2026-08-17,,True,False
TKT-100532,2026-08-20 16:37:58,2026-08-20 17:07:35,2026-08-20 18:54:30,2026-08-21 18:18:55,2026-08-21 18:18:55,0,False,,,Hostel & Maintenance,Hostel & Maintenance,2026-08-20 18:54:30,0.0,0,1,STU24601,email,Medium,True,Hostel & Maintenance,Closed,,False,0.4936111111111111,1.7819444444444446,0.0,23.406944444444445,0.0,25.6825,25.6825,25.6825,72,2026-08-23 16:37:58,1.0,False,False,,False,Thursday,2026-08-17,,True,False
TKT-100533,2026-08-20 14:14:01,2026-08-20 14:24:55,2026-08-20 14:27:01,2026-08-21 11:09:16,2026-08-21 11:09:16,0,False,,,IT Support,IT Support,2026-08-20 14:27:01,4.819166666666667,0,1,STU25372,walk_in,High,False,IT Support,Closed,4.0,False,0.18166666666666667,0.035,0.0,15.884999999999998,0.0,20.920833333333334,16.101666666666667,16.101666666666667,24,2026-08-21 14:14:01,1.0,False,False,,False,Thursday,2026-08-17,,True,False
TKT-100534,2026-08-20 16:37:28,2026-08-20 16:47:43,2026-08-21 16:03:09,2026-08-22 15:18:09,2026-08-22 15:18:09,0,False,,,Hostel & Maintenance,Hostel & Maintenance,2026-08-21 16:03:09,3.526388888888889,0,1,STU25229,walk_in,Medium,False,Hostel & Maintenance,Closed,,False,0.17083333333333334,23.25722222222222,0.0,19.72361111111111,0.0,46.67805555555555,43.151666666666664,43.151666666666664,72,2026-08-23 16:37:28,1.0,False,False,,False,Thursday,2026-08-17,,True,False
TKT-100535,2026-08-20 18:44:42,2026-08-21 10:21:44,2026-08-21 10:23:46,2026-08-24 15:00:44,2026-08-24 15:00:44,0,False,2026-08-24 10:00:00,,Hostel & Maintenance,Hostel & Maintenance,2026-08-21 10:23:46,0.0,6,1,STU24209,email,Medium,True,Hostel & Maintenance,Closed,3.0,True,15.617222222222223,0.03388888888888889,0.0,76.61611111111111,0.0,92.26722222222222,92.26722222222222,92.26722222222222,72,2026-08-23 18:44:42,0.0,True,False,87.255,True,Thursday,2026-08-17,,True,False
TKT-100536,2026-08-20 11:17:18,2026-08-20 11:22:05,2026-08-22 04:44:46,2026-08-24 13:38:25,2026-08-24 13:38:25,0,False,2026-08-24 10:00:00,2026-08-21 11:22:05,Hostel & Maintenance,Hostel & Maintenance,2026-08-22 04:44:46,0.0,9,1,STU24539,portal,Low,False,Hostel & Maintenance,Closed,,False,0.07972222222222222,41.378055555555555,0.0,56.89416666666666,0.0,98.35194444444444,98.35194444444444,98.35194444444444,120,2026-08-25 11:17:18,1.0,True,True,94.71166666666667,False,Thursday,2026-08-17,,True,False
TKT-100537,2026-08-20 11:29:29,2026-08-20 11:39:50,2026-08-20 13:40:51,2026-08-20 17:48:02,2026-08-20 17:48:02,0,False,,,IT Support,IT Support,2026-08-20 13:40:51,0.0,0,1,STU24811,portal,Medium,False,IT Support,Closed,4.0,False,0.1725,2.0169444444444444,0.0,4.119722222222222,0.0,6.309166666666667,6.309166666666667,6.309166666666667,72,2026-08-23 11:29:29,1.0,False,False,,False,Thursday,2026-08-17,,True,False
TKT-100538,2026-08-20 17:02:51,2026-08-20 17:07:54,2026-08-21 13:15:19,,,0,False,,,Academics & Exams,Academics & Exams,2026-08-21 13:15:19,0.0,3,1,STU24585,portal,Medium,False,Academics & Exams,Closed - No Response,,False,0.08416666666666667,20.12361111111111,0.0,,,,,,72,2026-08-23 17:02:51,,False,False,,False,Thursday,2026-08-17,closed - student never replied,False,False
TKT-100539,2026-08-20 14:00:04,2026-08-20 14:27:50,2026-08-22 06:44:23,2026-08-24 15:28:26,2026-08-24 15:28:26,0,False,2026-08-24 10:00:00,2026-08-21 14:27:50,Hostel & Maintenance,Hostel & Maintenance,2026-08-22 06:44:23,0.0,2,1,STU25158,email,Medium,False,Hostel & Maintenance,Closed,,False,0.4627777777777778,40.27583333333333,0.0,56.73416666666667,0.0,97.47277777777778,97.47277777777778,97.47277777777778,72,2026-08-23 14:00:04,0.0,True,True,91.99888888888889,True,Thursday,2026-08-17,,True,False
TKT-100540,2026-08-20 21:10:48,2026-08-20 21:22:54,2026-08-21 10:00:06,2026-08-21 13:32:08,2026-08-21 13:32:08,0,False,,,IT Support,IT Support,2026-08-21 10:00:06,0.0,0,1,STU24221,portal,High,False,IT Support,Closed,,False,0.20166666666666666,12.62,0.0,3.533888888888889,0.0,16.355555555555554,16.355555555555554,16.355555555555554,24,2026-08-21 21:10:48,1.0,False,False,,False,Thursday,2026-08-17,,True,False
TKT-100541,2026-08-20 12:11:40,2026-08-20 12:30:07,2026-08-21 09:06:54,2026-08-22 09:18:10,2026-08-22 09:18:10,0,False,,,Hostel & Maintenance,Hostel & Maintenance,2026-08-21 09:06:54,0.0,2,1,STU25696,email,Low,False,Hostel & Maintenance,Closed,5.0,False,0.3075,20.613055555555555,0.0,24.18777777777778,0.0,45.108333333333334,45.108333333333334,45.108333333333334,120,2026-08-25 12:11:40,1.0,False,False,,False,Thursday,2026-08-17,,True,False
TKT-100542,2026-08-20 09:58:22,2026-08-20 10:12:04,2026-08-23 14:28:06,,,1,False,,2026-08-21 10:12:04,Fees & Finance,Hostel & Maintenance,2026-08-25 11:49:52,0.0,7,2,STU25561,portal,Low,False,Fees & Finance,Closed - No Response,,False,0.22833333333333333,76.26722222222222,45.36277777777778,,,,,,120,2026-08-25 09:58:22,,False,True,,False,Thursday,2026-08-17,closed - student never replied,False,False
TKT-100543,2026-08-20 18:28:28,2026-08-21 14:43:12,2026-08-21 16:27:56,2026-08-21 19:33:03,2026-08-21 19:33:03,0,False,,,IT Support,IT Support,2026-08-21 16:27:56,0.0,0,1,STU25778,portal,High,False,IT Support,Closed,,True,20.245555555555555,1.7455555555555555,0.0,3.085277777777778,0.0,25.07638888888889,25.07638888888889,25.07638888888889,24,2026-08-21 18:28:28,0.0,False,False,,False,Thursday,2026-08-17,,True,False
TKT-100544,2026-08-20 15:35:08,2026-08-20 15:40:26,2026-08-20 16:48:55,2026-08-20 18:24:23,2026-08-20 18:24:23,0,False,,,IT Support,IT Support,2026-08-20 16:48:55,0.0,0,1,STU24538,portal,Medium,False,IT Support,Closed,,False,0.08833333333333333,1.1413888888888888,0.0,1.5911111111111111,0.0,2.8208333333333333,2.8208333333333333,2.8208333333333333,72,2026-08-23 15:35:08,1.0,False,False,,False,Thursday,2026-08-17,,True,False
TKT-100545,2026-08-21 18:55:30,2026-08-21 19:02:37,2026-08-22 08:53:09,2026-08-24 12:05:43,2026-08-24 12:05:43,0,False,2026-08-24 10:00:00,,IT Support,IT Support,2026-08-22 08:53:09,9.72888888888889,3,1,STU25448,portal,Medium,False,IT Support,Closed,,False,0.11861111111111111,13.842222222222222,0.0,41.480555555555554,0.0,65.17027777777778,55.441388888888895,55.441388888888895,72,2026-08-24 18:55:30,1.0,True,False,63.075,False,Friday,2026-08-17,,True,False
TKT-100546,2026-08-21 10:39:35,2026-08-21 10:42:08,2026-08-22 12:32:20,2026-08-22 17:36:40,2026-08-22 17:36:40,0,False,,2026-08-22 10:42:08,Library,Library,2026-08-22 12:32:20,0.0,0,1,STU24946,portal,Low,False,Library,Closed,5.0,False,0.0425,25.836666666666666,0.0,5.072222222222222,0.0,30.95138888888889,30.95138888888889,30.95138888888889,120,2026-08-26 10:39:35,1.0,False,True,,False,Friday,2026-08-17,,True,False
TKT-100547,2026-08-21 08:33:23,2026-08-21 08:36:51,2026-08-21 10:59:44,2026-08-27 09:00:00,2026-08-27 09:00:00,0,False,2026-08-24 10:00:00,,Academics & Exams,Academics & Exams,2026-08-21 10:59:44,5.211388888888889,4,1,STU24905,portal,Medium,False,Academics & Exams,Closed,,False,0.057777777777777775,2.381388888888889,0.0,136.79305555555555,0.0,144.44361111111112,139.23222222222225,139.23222222222225,72,2026-08-24 08:33:23,0.0,True,False,73.44361111111111,True,Friday,2026-08-17,,True,False
TKT-100548,2026-08-21 23:27:02,2026-08-21 23:41:08,2026-08-24 18:53:28,2026-08-31 09:00:00,2026-08-31 09:00:00,0,False,2026-08-24 10:00:00,2026-08-22 23:41:08,Fees & Finance,Fees & Finance,2026-08-24 18:53:28,0.0,6,1,STU25779,portal,High,False,Fees & Finance,Closed,3.0,False,0.235,67.20555555555555,0.0,158.10888888888888,0.0,225.54944444444445,225.54944444444445,225.54944444444445,24,2026-08-22 23:27:02,0.0,True,True,58.54944444444445,True,Friday,2026-08-17,,True,False
TKT-100549,2026-08-21 11:57:24,2026-08-22 11:13:28,2026-08-22 12:26:12,2026-08-22 13:19:12,2026-08-22 13:19:12,0,False,,,IT Support,IT Support,2026-08-22 12:26:12,0.0,1,1,STU25445,email,Medium,False,IT Support,Closed,,True,23.267777777777777,1.2122222222222223,0.0,0.8833333333333333,0.0,25.363333333333333,25.363333333333333,25.363333333333333,72,2026-08-24 11:57:24,1.0,False,False,,False,Friday,2026-08-17,,True,False
TKT-100550,2026-08-21 09:24:29,2026-08-21 10:36:06,2026-08-26 02:46:10,2026-08-26 09:10:37,2026-08-26 09:10:37,0,False,2026-08-24 10:00:00,2026-08-22 10:36:06,Fees & Finance,Fees & Finance,2026-08-26 02:46:10,0.0,3,1,STU25750,email,Medium,False,Fees & Finance,Closed,,True,1.1936111111111112,112.16777777777777,0.0,6.4075,0.0,119.7688888888889,119.7688888888889,119.7688888888889,72,2026-08-24 09:24:29,0.0,True,True,72.59194444444445,True,Friday,2026-08-17,,True,False
TKT-100551,2026-08-21 19:53:44,2026-08-21 20:02:13,2026-08-22 09:09:27,2026-08-24 11:50:22,2026-08-24 11:50:22,0,False,2026-08-24 10:00:00,,IT Support,IT Support,2026-08-22 09:09:27,5.6625,3,1,STU24663,portal,Low,False,IT Support,Closed,,False,0.1413888888888889,13.120555555555555,0.0,45.019444444444446,0.0,63.943888888888885,58.281388888888884,58.281388888888884,120,2026-08-26 19:53:44,1.0,True,False,62.10444444444445,False,Friday,2026-08-17,,True,False
TKT-100552,2026-08-21 13:30:25,2026-08-21 13:35:47,2026-08-22 14:30:57,2026-08-24 10:01:20,2026-08-25 18:45:40,0,True,2026-08-24 10:00:00,2026-08-22 13:35:47,Hostel & Maintenance,Hostel & Maintenance,2026-08-22 14:30:57,0.0,2,1,STU24982,portal,Low,False,Hostel & Maintenance,Closed,,False,0.08944444444444444,24.919444444444444,0.0,43.506388888888885,32.73888888888889,101.25416666666666,101.25416666666666,68.51527777777778,120,2026-08-26 13:30:25,1.0,True,True,68.49305555555556,False,Friday,2026-08-17,,True,False
TKT-100553,2026-08-21 17:07:49,2026-08-21 17:13:25,2026-08-26 17:36:14,2026-08-28 08:00:00,2026-08-28 08:00:00,1,False,2026-08-24 10:00:00,2026-08-22 17:13:25,Fees & Finance,IT Support,2026-08-27 11:21:25,0.0,6,2,STU24578,portal,High,False,Fees & Finance,Closed,,False,0.09333333333333334,120.38027777777778,17.753055555555555,20.643055555555556,0.0,158.8697222222222,158.8697222222222,158.8697222222222,24,2026-08-22 17:07:49,0.0,True,True,64.86972222222222,True,Friday,2026-08-17,,True,False
TKT-100554,2026-08-21 15:09:29,2026-08-21 15:12:38,2026-08-22 09:26:23,2026-08-22 12:50:46,2026-08-22 12:50:46,0,False,,,IT Support,IT Support,2026-08-22 09:26:23,0.0,0,1,STU25484,portal,Medium,False,IT Support,Closed,,False,0.0525,18.229166666666668,0.0,3.406388888888889,0.0,21.688055555555554,21.688055555555554,21.688055555555554,72,2026-08-24 15:09:29,1.0,False,False,,False,Friday,2026-08-17,,True,False
TKT-100555,2026-08-21 17:45:40,2026-08-21 17:56:37,2026-08-21 18:23:26,2026-08-22 19:19:01,2026-08-22 19:19:01,0,False,,,IT Support,IT Support,2026-08-21 18:23:26,6.225555555555555,0,1,STU25541,walk_in,Medium,False,IT Support,Closed,,False,0.1825,0.4469444444444444,0.0,18.700833333333332,0.0,25.555833333333332,19.330277777777777,19.330277777777777,72,2026-08-24 17:45:40,1.0,False,False,,False,Friday,2026-08-17,,True,False
TKT-100556,2026-08-21 21:36:25,2026-08-21 21:42:43,2026-08-24 02:02:24,2026-08-25 09:00:00,2026-08-25 09:00:00,0,False,2026-08-24 10:00:00,2026-08-22 21:42:43,Fees & Finance,Fees & Finance,2026-08-24 02:02:24,3.1130555555555555,1,1,STU25606,portal,Low,False,Fees & Finance,Closed,5.0,False,0.105,52.32805555555556,0.0,27.846944444444446,0.0,83.39305555555555,80.27999999999999,80.27999999999999,120,2026-08-26 21:36:25,1.0,True,True,60.393055555555556,False,Friday,2026-08-17,,True,False
TKT-100557,2026-08-21 10:56:28,2026-08-21 11:49:46,2026-08-21 12:13:41,,,0,False,,,IT Support,IT Support,2026-08-21 12:13:41,0.0,4,1,STU25318,email,Medium,True,IT Support,Closed - No Response,,True,0.8883333333333333,0.39861111111111114,0.0,,,,,,72,2026-08-24 10:56:28,,False,False,,False,Friday,2026-08-17,closed - student never replied,False,False
TKT-100558,2026-08-21 22:53:48,2026-08-22 10:10:07,2026-08-25 15:56:30,2026-08-27 09:10:21,2026-08-27 09:10:21,0,False,2026-08-24 10:00:00,2026-08-23 10:10:07,Academics & Exams,Academics & Exams,2026-08-25 15:56:30,0.0,7,1,STU25259,email,Medium,False,Academics & Exams,Closed,4.0,True,11.271944444444445,77.77305555555556,0.0,41.23083333333334,0.0,130.27583333333334,130.27583333333334,130.27583333333334,72,2026-08-24 22:53:48,0.0,True,True,59.10333333333333,False,Friday,2026-08-17,,True,False
TKT-100559,2026-08-21 09:16:43,2026-08-21 09:56:30,2026-08-21 12:50:07,2026-08-22 16:39:45,2026-08-22 16:39:45,0,False,,,Hostel & Maintenance,Hostel & Maintenance,2026-08-21 12:50:07,0.0,0,1,STU25241,email,Medium,False,Hostel & Maintenance,Closed,,True,0.6630555555555555,2.893611111111111,0.0,27.827222222222222,0.0,31.38388888888889,31.38388888888889,31.38388888888889,72,2026-08-24 09:16:43,1.0,False,False,,False,Friday,2026-08-17,,True,False
TKT-100560,2026-08-21 16:12:14,2026-08-21 17:45:12,2026-08-21 19:36:29,2026-08-22 13:41:17,2026-08-22 13:41:17,0,False,,,Hostel & Maintenance,Hostel & Maintenance,2026-08-21 19:36:29,0.0,0,1,STU24394,email,Medium,True,Hostel & Maintenance,Closed,4.0,True,1.5494444444444444,1.8547222222222222,0.0,18.08,0.0,21.484166666666667,21.484166666666667,21.484166666666667,72,2026-08-24 16:12:14,1.0,False,False,,False,Friday,2026-08-17,,True,False
TKT-100561,2026-08-21 10:55:48,2026-08-21 11:02:23,2026-08-21 14:20:29,2026-08-26 09:00:00,2026-08-26 09:00:00,1,False,2026-08-24 10:00:00,,Hostel & Maintenance,Academics & Exams,2026-08-24 12:35:47,0.0,3,2,STU24498,portal,Medium,False,Hostel & Maintenance,Closed,,False,0.10972222222222222,3.3016666666666667,70.255,44.40361111111111,0.0,118.07,118.07,118.07,72,2026-08-24 10:55:48,0.0,True,False,71.07,False,Friday,2026-08-17,,True,False
TKT-100562,2026-08-21 20:29:05,2026-08-21 20:35:05,2026-08-22 08:33:35,2026-08-22 12:52:05,2026-08-22 12:52:05,0,False,,,IT Support,IT Support,2026-08-22 08:33:35,0.0,0,1,STU25078,portal,Medium,False,IT Support,Closed,,False,0.1,11.975,0.0,4.308333333333334,0.0,16.383333333333333,16.383333333333333,16.383333333333333,72,2026-08-24 20:29:05,1.0,False,False,,False,Friday,2026-08-17,,True,False
TKT-100563,2026-08-21 21:00:34,2026-08-22 09:26:13,2026-08-22 09:47:37,2026-08-25 09:00:00,2026-08-26 16:43:23,1,True,2026-08-24 10:00:00,,Hostel & Maintenance,Fees & Finance,2026-08-24 09:17:08,0.0,0,2,STU24222,email,Medium,False,Hostel & Maintenance,Closed,,True,12.4275,0.3566666666666667,47.49194444444444,23.714444444444446,31.723055555555554,115.7136111111111,115.7136111111111,83.99055555555556,72,2026-08-24 21:00:34,0.0,True,False,60.99055555555555,False,Friday,2026-08-17,,True,False
TKT-100564,2026-08-21 23:19:09,2026-08-22 12:16:32,2026-08-22 16:51:16,2026-08-22 19:42:44,2026-08-22 19:42:44,0,False,,,Hostel & Maintenance,Hostel & Maintenance,2026-08-22 16:51:16,0.0,1,1,STU24609,email,Medium,False,Hostel & Maintenance,Closed,4.0,True,12.956388888888888,4.578888888888889,0.0,2.8577777777777778,0.0,20.393055555555556,20.393055555555556,20.393055555555556,72,2026-08-24 23:19:09,1.0,False,False,,False,Friday,2026-08-17,,True,False
TKT-100565,2026-08-21 16:02:06,2026-08-21 16:07:54,2026-08-21 16:40:25,2026-08-22 09:47:54,2026-08-22 09:47:54,0,False,,,Library,Library,2026-08-21 16:40:25,0.0,0,1,STU25747,portal,High,False,Library,Closed,,False,0.09666666666666666,0.5419444444444445,0.0,17.12472222222222,0.0,17.763333333333332,17.763333333333332,17.763333333333332,24,2026-08-22 16:02:06,1.0,False,False,,False,Friday,2026-08-17,,True,False
TKT-100566,2026-08-21 16:07:46,2026-08-21 16:18:32,2026-08-23 23:57:35,,,0,False,,2026-08-22 16:18:32,Fees & Finance,Fees & Finance,2026-08-23 23:57:35,0.0,1,1,STU24844,portal,Medium,False,Fees & Finance,Closed - No Response,,False,0.17944444444444443,55.65083333333333,0.0,,,,,,72,2026-08-24 16:07:46,,False,True,,False,Friday,2026-08-17,closed - student never replied,False,False
TKT-100567,2026-08-21 09:39:48,2026-08-21 09:46:38,2026-08-21 17:43:59,2026-08-22 13:07:57,2026-08-22 13:07:57,0,False,,,Hostel & Maintenance,Hostel & Maintenance,2026-08-21 17:43:59,0.0,1,1,STU25145,walk_in,Low,False,Hostel & Maintenance,Closed,5.0,False,0.11388888888888889,7.9558333333333335,0.0,19.399444444444445,0.0,27.469166666666666,27.469166666666666,27.469166666666666,120,2026-08-26 09:39:48,1.0,False,False,,False,Friday,2026-08-17,,True,False
TKT-100568,2026-08-22 19:42:29,2026-08-24 15:54:05,2026-08-24 16:04:55,2026-08-25 14:03:42,2026-08-25 14:03:42,0,False,2026-08-25 10:00:00,,IT Support,IT Support,2026-08-24 16:04:55,10.118611111111111,3,1,STU25184,email,Medium,True,IT Support,Closed,,True,44.193333333333335,0.18055555555555555,0.0,11.86111111111111,0.0,66.3536111111111,56.235,56.235,72,2026-08-25 19:42:29,1.0,True,False,62.29194444444445,False,Saturday,2026-08-17,,True,False
TKT-100569,2026-08-22 15:12:15,2026-08-22 15:17:02,2026-08-25 14:07:24,2026-08-26 09:00:00,2026-08-26 09:00:00,0,False,2026-08-25 10:00:00,2026-08-23 15:17:02,Academics & Exams,Academics & Exams,2026-08-25 14:07:24,0.0,5,1,STU24664,portal,Low,False,Academics & Exams,Closed,4.0,False,0.07972222222222222,70.83944444444444,0.0,18.876666666666665,0.0,89.79583333333333,89.79583333333333,89.79583333333333,120,2026-08-27 15:12:15,1.0,True,True,66.79583333333333,False,Saturday,2026-08-17,,True,False
TKT-100570,2026-08-22 21:47:22,2026-08-22 21:53:05,2026-08-24 08:05:15,2026-08-24 15:01:37,2026-08-24 15:01:37,0,False,,2026-08-23 21:53:05,IT Support,IT Support,2026-08-24 08:05:15,0.0,1,1,STU25113,portal,Medium,False,IT Support,Closed,5.0,False,0.09527777777777778,34.202777777777776,0.0,6.939444444444445,0.0,41.2375,41.2375,41.2375,72,2026-08-25 21:47:22,1.0,False,True,,False,Saturday,2026-08-17,,True,False
TKT-100571,2026-08-22 11:22:09,2026-08-22 11:25:21,2026-08-22 18:52:53,2026-08-24 19:48:54,2026-08-24 19:48:54,0,False,,,Hostel & Maintenance,Hostel & Maintenance,2026-08-22 18:52:53,0.0,2,1,STU25220,portal,Medium,False,Hostel & Maintenance,Closed,,False,0.05333333333333334,7.458888888888889,0.0,48.93361111111111,0.0,56.44583333333333,56.44583333333333,56.44583333333333,72,2026-08-25 11:22:09,1.0,False,False,,False,Saturday,2026-08-17,,True,False
TKT-100572,2026-08-27 13:36:56,2026-08-22 13:46:58,2026-08-29 02:50:36,2026-09-03 09:00:00,2026-09-03 09:00:00,0,False,2026-08-25 10:00:00,2026-08-23 13:46:58,Fees & Finance,Fees & Finance,2026-08-29 02:50:36,2.2919444444444443,13,1,STU25760,walk_in,Low,False,Fees & Finance,Closed,,False,-119.83277777777778,157.06055555555557,0.0,123.86472222222223,0.0,163.38444444444445,161.0925,161.0925,120,2026-09-01 13:36:56,0.0,True,True,-51.61555555555555,False,Thursday,2026-08-24,chronology violation (clock skew),False,False
TKT-100573,2026-08-22 17:49:55,2026-08-22 17:53:08,2026-08-24 06:24:19,2026-08-26 08:00:00,2026-08-27 16:13:04,0,True,2026-08-25 10:00:00,2026-08-23 17:53:08,Hostel & Maintenance,Hostel & Maintenance,2026-08-24 06:24:19,0.0,6,1,STU25112,portal,Medium,False,Hostel & Maintenance,Closed,,False,0.05361111111111111,36.51972222222222,0.0,49.594722222222224,32.217777777777776,118.38583333333334,118.38583333333334,86.16805555555555,72,2026-08-25 17:49:55,0.0,True,True,64.16805555555555,False,Saturday,2026-08-17,,True,False
TKT-100574,2026-08-22 09:53:54,2026-08-22 10:08:00,2026-08-24 05:37:30,2026-09-03 09:00:00,2026-09-03 09:00:00,4,False,2026-08-24 10:00:00,2026-08-23 10:08:00,Hostel & Maintenance,Fees & Finance,2026-09-01 11:17:42,0.0,11,5,STU25502,portal,Medium,False,Hostel & Maintenance,Closed,,False,0.235,43.49166666666667,197.67,45.705,0.0,287.1016666666667,287.1016666666667,287.1016666666667,72,2026-08-25 09:53:54,0.0,True,True,48.10166666666667,False,Saturday,2026-08-17,,True,False
TKT-100575,2026-08-22 19:41:48,2026-08-25 10:33:53,2026-08-25 11:23:05,2026-08-25 14:43:47,2026-08-25 14:43:47,0,False,2026-08-25 10:00:00,,IT Support,IT Support,2026-08-25 11:23:05,1.8905555555555555,1,1,STU25022,email,High,False,IT Support,Closed,,True,62.86805555555556,0.82,0.0,1.4544444444444447,0.0,67.03305555555555,65.1425,65.1425,24,2026-08-23 19:41:48,0.0,True,False,62.303333333333335,True,Saturday,2026-08-17,,True,False
TKT-100576,2026-08-22 17:12:27,2026-08-22 17:14:21,2026-08-24 04:32:59,2026-08-25 12:21:48,2026-08-25 12:21:48,0,False,2026-08-25 10:00:00,2026-08-23 17:14:21,Library,Library,2026-08-24 04:32:59,8.724166666666667,3,1,STU25445,email,High,False,Library,Closed,3.0,False,0.03166666666666667,35.31055555555555,0.0,23.089444444444446,0.0,67.15583333333333,58.431666666666665,58.431666666666665,24,2026-08-23 17:12:27,0.0,True,True,64.7925,True,Saturday,2026-08-17,,True,False
TKT-100577,2026-08-22 19:40:23,2026-08-22 19:41:31,2026-08-24 06:30:03,2026-08-25 09:39:42,2026-08-25 09:39:42,0,False,,2026-08-23 19:41:31,Library,Library,2026-08-24 06:30:03,21.273888888888887,2,1,STU25091,portal,Medium,False,Library,Closed,,False,0.01888888888888889,34.80888888888889,0.0,5.886944444444445,0.0,61.98861111111111,40.71472222222222,40.71472222222222,72,2026-08-25 19:40:23,1.0,False,True,,False,Saturday,2026-08-17,,True,False
TKT-100578,2026-08-22 18:56:25,2026-08-22 19:07:04,2026-08-24 04:55:40,2026-08-25 09:46:28,2026-08-25 09:46:28,0,False,,2026-08-23 19:07:04,IT Support,IT Support,2026-08-24 04:55:40,0.0,2,1,STU24996,portal,High,False,IT Support,Closed,2.0,False,0.1775,33.81,0.0,28.846666666666668,0.0,62.83416666666667,62.83416666666667,62.83416666666667,24,2026-08-23 18:56:25,0.0,False,True,,False,Saturday,2026-08-17,,True,False
TKT-100579,2026-08-22 16:06:34,2026-08-22 16:19:35,2026-08-24 21:49:00,2026-08-25 11:30:16,2026-08-25 11:30:16,0,False,2026-08-25 10:00:00,2026-08-23 16:19:35,Academics & Exams,Academics & Exams,2026-08-24 21:49:00,0.0,3,1,STU25366,portal,Low,False,Academics & Exams,Closed,,False,0.21694444444444444,53.49027777777778,0.0,13.687777777777777,0.0,67.395,67.395,67.395,120,2026-08-27 16:06:34,1.0,True,True,65.89055555555555,False,Saturday,2026-08-17,,True,False
TKT-100580,2026-08-22 20:25:37,2026-08-22 20:39:26,2026-08-24 06:16:08,2026-08-24 10:19:32,2026-08-24 10:19:32,0,False,,2026-08-23 20:39:26,IT Support,IT Support,2026-08-24 06:16:08,0.0,1,1,STU24825,portal,Medium,False,IT Support,Closed,4.0,False,0.23027777777777778,33.611666666666665,0.0,4.056666666666667,0.0,37.89861111111111,37.89861111111111,37.89861111111111,72,2026-08-25 20:25:37,1.0,False,True,,False,Saturday,2026-08-17,,True,False
TKT-100581,2026-08-23 18:46:03,2026-08-24 09:26:53,2026-08-24 12:40:22,2026-08-25 17:05:31,2026-08-25 17:05:31,0,False,,,Library,Library,2026-08-24 12:40:22,3.4186111111111113,1,1,STU24460,email,Medium,True,Library,Closed,,True,14.680555555555555,3.2247222222222223,0.0,25.000555555555554,0.0,46.324444444444445,42.905833333333334,42.905833333333334,72,2026-08-26 18:46:03,1.0,False,False,,False,Sunday,2026-08-17,,True,False
TKT-100582,2026-08-23 11:54:01,2026-08-24 11:37:01,2026-08-24 13:41:42,2026-08-25 16:52:53,2026-08-25 16:52:53,0,False,,,Library,Library,2026-08-24 13:41:42,0.0,2,1,STU25314,email,Medium,True,Library,Closed,5.0,True,23.716666666666665,2.0780555555555558,0.0,27.18638888888889,0.0,52.98111111111111,52.98111111111111,52.98111111111111,72,2026-08-26 11:54:01,1.0,False,False,,False,Sunday,2026-08-17,,True,False
TKT-100583,2026-08-23 20:33:30,2026-08-23 20:43:11,2026-08-24 09:31:49,2026-08-25 16:21:33,2026-08-25 16:21:33,0,False,,,Academics & Exams,Academics & Exams,2026-08-24 09:31:49,0.0,0,1,STU24098,portal,Medium,False,Academics & Exams,Closed,,False,0.1613888888888889,12.810555555555556,0.0,30.82888888888889,0.0,43.80083333333334,43.80083333333334,43.80083333333334,72,2026-08-26 20:33:30,1.0,False,False,,False,Sunday,2026-08-17,,True,False
TKT-100584,2026-08-23 11:07:34,2026-08-24 11:01:57,2026-08-26 20:05:56,2026-08-27 14:04:18,2026-08-27 14:04:18,0,False,2026-08-26 10:00:00,2026-08-25 11:01:57,Academics & Exams,Academics & Exams,2026-08-26 20:05:56,1.3419444444444444,2,1,STU25097,email,Medium,True,Academics & Exams,Closed,3.0,True,23.906388888888888,57.06638888888889,0.0,16.630833333333335,0.0,98.94555555555556,97.6036111111111,97.6036111111111,72,2026-08-26 11:07:34,0.0,True,True,70.87388888888889,False,Sunday,2026-08-17,,True,False
TKT-100585,2026-08-23 06:33:03,2026-08-24 10:00:05,2026-08-24 13:32:07,2026-08-25 11:58:15,2026-08-25 11:58:15,0,False,2026-08-25 10:00:00,,IT Support,IT Support,2026-08-24 13:32:07,0.0,3,1,STU25022,email,Medium,True,IT Support,Closed,4.0,True,27.450555555555557,3.533888888888889,0.0,22.435555555555556,0.0,53.42,53.42,53.42,72,2026-08-26 06:33:03,1.0,True,False,51.44916666666666,False,Sunday,2026-08-17,,True,False
TKT-100586,2026-08-23 06:24:16,2026-08-24 10:56:40,2026-08-24 13:59:59,2026-08-25 13:23:00,2026-08-25 13:23:00,0,False,2026-08-25 10:00:00,,Hostel & Maintenance,Hostel & Maintenance,2026-08-24 13:59:59,0.0,1,1,STU25377,portal,High,False,Hostel & Maintenance,Closed,,True,28.54,3.055277777777778,0.0,23.38361111111111,0.0,54.97888888888889,54.97888888888889,54.97888888888889,24,2026-08-24 06:24:16,0.0,True,False,51.595555555555556,True,Sunday,2026-08-17,,True,False
TKT-100587,2026-08-23 17:47:11,2026-08-24 10:59:38,2026-08-25 10:48:59,2026-08-27 09:00:00,2026-08-27 09:00:00,0,False,2026-08-26 10:00:00,,Academics & Exams,Academics & Exams,2026-08-25 10:48:59,0.0,4,1,STU25464,email,High,False,Academics & Exams,Closed,,True,17.2075,23.8225,0.0,46.18361111111111,0.0,87.2136111111111,87.2136111111111,87.2136111111111,24,2026-08-24 17:47:11,0.0,True,False,64.2136111111111,True,Sunday,2026-08-17,,True,False
TKT-100588,2026-08-24 08:31:47,2026-08-24 15:28:47,2026-08-24 16:11:51,2026-08-25 11:01:19,2026-08-25 11:01:19,0,False,,,IT Support,IT Support,2026-08-24 16:11:51,0.0,0,1,STU24629,email,Medium,True,IT Support,Closed,,True,6.95,0.7177777777777777,0.0,18.824444444444445,0.0,26.49222222222222,26.49222222222222,26.49222222222222,72,2026-08-27 08:31:47,1.0,False,False,,False,Monday,2026-08-24,,True,False
TKT-100589,2026-08-24 12:02:58,2026-08-24 12:05:24,2026-08-24 14:56:53,2026-08-28 19:38:09,2026-08-28 19:38:09,1,False,2026-08-27 10:00:00,,IT Support,Hostel & Maintenance,2026-08-25 16:35:34,19.965833333333332,1,2,STU24169,portal,Low,False,IT Support,Closed,,False,0.04055555555555555,2.8580555555555556,25.64472222222222,55.07722222222222,0.0,103.58638888888889,83.62055555555555,83.62055555555555,120,2026-08-29 12:02:58,1.0,True,False,69.95055555555555,False,Monday,2026-08-24,,True,False
TKT-100590,2026-08-24 13:17:14,2026-08-24 13:58:13,2026-08-25 12:05:59,2026-08-28 08:00:00,2026-08-28 08:00:00,2,False,2026-08-27 10:00:00,,Academics & Exams,IT Support,2026-08-27 17:14:50,0.0,1,3,STU24438,email,High,False,Academics & Exams,Closed,1.0,True,0.6830555555555555,22.129444444444445,53.1475,14.752777777777778,0.0,90.71277777777777,90.71277777777777,90.71277777777777,24,2026-08-25 13:17:14,0.0,True,False,68.71277777777777,True,Monday,2026-08-24,,True,False
TKT-100591,2026-08-24 12:58:13,2026-08-24 13:11:16,2026-08-24 13:29:05,2026-08-24 17:16:42,2026-08-24 17:16:42,0,False,,,Hostel & Maintenance,Hostel & Maintenance,2026-08-24 13:29:05,0.0,0,1,STU24419,portal,Medium,False,Hostel & Maintenance,Closed,5.0,False,0.2175,0.29694444444444446,0.0,3.7936111111111113,0.0,4.308055555555556,4.308055555555556,4.308055555555556,72,2026-08-27 12:58:13,1.0,False,False,,False,Monday,2026-08-24,,True,False
TKT-100592,2026-08-24 12:43:58,2026-08-24 12:49:13,2026-08-24 15:15:40,2026-08-25 11:39:27,2026-08-25 11:39:27,0,False,,,IT Support,IT Support,2026-08-24 15:15:40,0.0,0,1,STU25154,portal,Medium,False,IT Support,Closed,,False,0.0875,2.4408333333333334,0.0,20.39638888888889,0.0,22.924722222222222,22.924722222222222,22.924722222222222,72,2026-08-27 12:43:58,1.0,False,False,,False,Monday,2026-08-24,,True,False
TKT-100593,2026-08-24 21:30:15,2026-08-24 21:32:24,2026-08-25 16:32:44,2026-09-02 09:00:00,2026-09-02 09:00:00,1,False,2026-08-27 10:00:00,,Library,Fees & Finance,2026-08-31 13:53:15,0.0,6,2,STU25619,portal,Medium,False,Library,Closed,,False,0.035833333333333335,19.005555555555556,141.34194444444444,43.1125,0.0,203.49583333333334,203.49583333333334,203.49583333333334,72,2026-08-27 21:30:15,0.0,True,False,60.49583333333333,False,Monday,2026-08-24,,True,False
TKT-100594,2026-08-24 19:23:11,2026-08-25 09:05:03,2026-08-25 11:24:53,2026-08-27 12:10:39,2026-08-27 12:10:39,0,False,2026-08-27 10:00:00,,Academics & Exams,Academics & Exams,2026-08-25 11:24:53,0.9336111111111111,2,1,STU24101,email,Medium,False,Academics & Exams,Closed,,True,13.697777777777778,2.3305555555555557,0.0,47.829166666666666,0.0,64.7911111111111,63.857499999999995,63.857499999999995,72,2026-08-27 19:23:11,1.0,True,False,62.61361111111111,False,Monday,2026-08-24,,True,False
TKT-100595,2026-08-24 19:31:42,2026-08-24 19:39:13,2026-08-25 10:45:32,2026-08-31 09:00:00,2026-08-31 09:00:00,0,False,2026-08-27 10:00:00,,Academics & Exams,Academics & Exams,2026-08-25 10:45:32,0.0,5,1,STU24885,portal,Medium,False,Academics & Exams,Closed,,False,0.12527777777777777,15.105277777777777,0.0,142.2411111111111,0.0,157.47166666666666,157.47166666666666,157.47166666666666,72,2026-08-27 19:31:42,0.0,True,False,62.471666666666664,False,Monday,2026-08-24,,True,False
TKT-100596,2026-08-24 14:57:39,2026-08-24 15:44:38,2026-08-24 16:04:11,2026-08-24 18:38:50,2026-08-25 14:24:35,0,True,,,IT Support,IT Support,2026-08-24 16:04:11,0.0,0,1,STU25612,email,Low,False,IT Support,Closed,,True,0.7830555555555555,0.3258333333333333,0.0,2.5775,19.7625,23.448888888888888,23.448888888888888,3.6863888888888887,120,2026-08-29 14:57:39,1.0,False,False,,False,Monday,2026-08-24,,True,False
TKT-100597,2026-08-24 12:22:07,2026-08-24 12:23:15,2026-08-25 09:42:58,2026-08-27 13:22:43,2026-08-27 13:22:43,0,False,2026-08-27 10:00:00,,Fees & Finance,Fees & Finance,2026-08-25 09:42:58,0.0,0,1,STU24004,portal,Low,False,Fees & Finance,Closed,5.0,False,0.01888888888888889,21.328611111111112,0.0,51.6625,0.0,73.01,73.01,73.01,120,2026-08-29 12:22:07,1.0,True,False,69.63138888888889,False,Monday,2026-08-24,,True,False
TKT-100598,2026-08-24 14:05:52,2026-08-24 14:16:45,2026-08-24 16:34:33,2026-09-07 09:00:00,2026-09-08 15:15:51,2,True,2026-08-27 10:00:00,,Library,Academics & Exams,2026-08-26 14:51:23,1.698888888888889,16,3,STU24232,portal,Low,False,Library,Closed,1.0,False,0.18138888888888888,2.296666666666667,46.28055555555556,280.4447222222222,30.264166666666668,361.1663888888889,359.4675,329.2033333333333,120,2026-08-29 14:05:52,0.0,True,False,67.90222222222222,False,Monday,2026-08-24,,True,False
TKT-100599,2026-08-24 14:30:26,2026-08-24 14:33:16,2026-08-24 16:18:12,2026-08-27 08:25:38,2026-08-27 08:25:38,0,False,,,IT Support,IT Support,2026-08-24 16:18:12,0.0,3,1,STU24504,portal,Medium,False,IT Support,Closed,5.0,False,0.04722222222222222,1.748888888888889,0.0,64.12388888888889,0.0,65.92,65.92,65.92,72,2026-08-27 14:30:26,1.0,False,False,,False,Monday,2026-08-24,,True,False
TKT-100600,2026-08-24 16:42:16,2026-08-24 16:53:29,2026-08-24 19:35:44,2026-08-27 11:50:24,2026-08-27 11:50:24,0,False,2026-08-27 10:00:00,,Hostel & Maintenance,Hostel & Maintenance,2026-08-24 19:35:44,0.0,4,1,STU24803,portal,Medium,False,Hostel & Maintenance,Closed,,False,0.18694444444444444,2.7041666666666666,0.0,64.24444444444444,0.0,67.13555555555556,67.13555555555556,67.13555555555556,72,2026-08-27 16:42:16,1.0,True,False,65.29555555555555,False,Monday,2026-08-24,,True,False
TKT-100601,2026-08-24 15:29:28,2026-08-24 15:42:18,2026-08-26 07:22:58,2026-08-28 08:00:00,2026-08-28 08:00:00,2,False,2026-08-27 10:00:00,2026-08-25 15:42:18,Academics & Exams,Hostel & Maintenance,2026-08-27 12:34:10,2.1883333333333335,2,3,STU25561,portal,Medium,False,Academics & Exams,Closed,3.0,False,0.21388888888888888,39.67777777777778,29.186666666666667,17.242222222222225,0.0,88.50888888888889,86.32055555555556,86.32055555555556,72,2026-08-27 15:29:28,0.0,True,True,66.50888888888889,False,Monday,2026-08-24,,True,False
TKT-100602,2026-08-24 08:44:32,2026-08-24 09:33:49,2026-08-24 13:27:06,2026-08-26 08:04:27,2026-08-26 08:04:27,1,False,,,IT Support,Hostel & Maintenance,2026-08-24 13:54:01,16.058611111111112,2,2,STU25491,email,Medium,True,IT Support,Closed,5.0,True,0.8213888888888888,3.8880555555555554,0.4486111111111111,26.115277777777777,0.0,47.331944444444446,31.273333333333333,31.273333333333333,72,2026-08-27 08:44:32,1.0,False,False,,False,Monday,2026-08-24,,True,False
TKT-100603,2026-08-24 17:49:48,2026-08-24 17:55:23,2026-08-24 18:31:38,2026-08-26 09:18:23,2026-08-26 09:18:23,0,False,,,Hostel & Maintenance,Hostel & Maintenance,2026-08-24 18:31:38,3.3180555555555555,1,1,STU25368,portal,Medium,False,Hostel & Maintenance,Closed,,False,0.09305555555555556,0.6041666666666666,0.0,35.461111111111116,0.0,39.47638888888889,36.15833333333334,36.15833333333334,72,2026-08-27 17:49:48,1.0,False,False,,False,Monday,2026-08-24,,True,False
TKT-100604,2026-08-24 11:34:58,2026-08-24 12:03:58,2026-08-24 14:20:34,2026-08-25 10:00:02,2026-08-25 10:00:02,0,False,,,IT Support,IT Support,2026-08-24 14:20:34,0.0,0,1,STU25454,email,Medium,True,IT Support,Closed,,False,0.48333333333333334,2.276666666666667,0.0,19.657777777777778,0.0,22.41777777777778,22.41777777777778,22.41777777777778,72,2026-08-27 11:34:58,1.0,False,False,,False,Monday,2026-08-24,,True,False
TKT-100605,2026-08-24 14:40:39,2026-08-24 15:15:05,2026-08-25 09:47:31,2026-08-25 11:36:47,2026-08-27 09:49:58,0,True,,,Academics & Exams,Academics & Exams,2026-08-25 09:47:31,0.0,5,1,STU24521,email,Medium,False,Academics & Exams,Closed,4.0,True,0.5738888888888889,18.540555555555557,0.0,1.8211111111111111,46.219722222222224,67.15527777777778,67.15527777777778,20.935555555555556,72,2026-08-27 14:40:39,1.0,False,False,,False,Monday,2026-08-24,,True,False
TKT-100606,2026-08-24 09:36:55,2026-08-24 11:02:40,2026-08-24 11:22:26,2026-08-25 14:19:08,2026-08-25 14:19:08,0,False,,,Hostel & Maintenance,Hostel & Maintenance,2026-08-24 11:22:26,4.489722222222222,0,1,STU24959,email,Medium,True,Hostel & Maintenance,Closed,,True,1.4291666666666667,0.32944444444444443,0.0,22.455277777777777,0.0,28.703611111111112,24.21388888888889,24.21388888888889,72,2026-08-27 09:36:55,1.0,False,False,,False,Monday,2026-08-24,,True,False
TKT-100607,2026-08-24 02:18:22,2026-08-24 02:31:30,2026-08-24 16:46:40,2026-08-26 09:06:26,2026-08-26 09:06:26,0,False,,,Academics & Exams,Academics & Exams,2026-08-24 16:46:40,0.0,2,1,STU24945,portal,Medium,False,Academics & Exams,Closed,4.0,False,0.21888888888888888,14.252777777777778,0.0,40.32944444444445,0.0,54.80111111111111,54.80111111111111,54.80111111111111,72,2026-08-27 02:18:22,1.0,False,False,,False,Monday,2026-08-24,,True,False
TKT-100608,2026-08-29 10:34:32,2026-08-24 10:44:16,2026-08-24 15:10:23,2026-08-25 14:00:12,2026-08-25 14:00:12,0,False,,,Academics & Exams,Academics & Exams,2026-08-24 15:10:23,0.0,0,1,STU25701,walk_in,Medium,False,Academics & Exams,Closed,,False,-119.83777777777777,4.435277777777777,0.0,22.830277777777777,0.0,-92.57222222222222,-92.57222222222222,-92.57222222222222,72,2026-09-01 10:34:32,1.0,False,False,,False,Saturday,2026-08-24,chronology violation (clock skew),False,False
TKT-100609,2026-08-25 13:18:28,2026-08-25 13:18:51,2026-08-25 13:41:16,2026-08-25 17:03:17,2026-08-25 17:03:17,0,False,,,IT Support,IT Support,2026-08-25 13:41:16,0.0,0,1,STU24618,email,Medium,True,IT Support,Closed,,False,0.006388888888888889,0.3736111111111111,0.0,3.3669444444444445,0.0,3.7469444444444444,3.7469444444444444,3.7469444444444444,72,2026-08-28 13:18:28,1.0,False,False,,False,Tuesday,2026-08-24,,True,False
TKT-100610,2026-08-25 13:46:14,2026-08-25 13:55:28,2026-08-26 11:55:17,2026-09-02 09:03:09,2026-09-02 09:03:09,0,False,2026-08-28 10:00:00,,Hostel & Maintenance,Hostel & Maintenance,2026-08-26 11:55:17,0.0,2,1,STU25755,portal,Medium,False,Hostel & Maintenance,Closed,3.0,False,0.15388888888888888,21.996944444444445,0.0,165.13111111111112,0.0,187.28194444444443,187.28194444444443,187.28194444444443,72,2026-08-28 13:46:14,0.0,True,False,68.22944444444444,False,Tuesday,2026-08-24,,True,False
TKT-100611,2026-08-25 23:28:50,2026-08-25 23:36:36,2026-08-26 10:17:55,2026-08-26 18:28:33,2026-08-26 18:28:33,0,False,,,IT Support,IT Support,2026-08-26 10:17:55,0.0,0,1,STU24073,portal,High,False,IT Support,Closed,,False,0.12944444444444445,10.688611111111111,0.0,8.177222222222222,0.0,18.995277777777776,18.995277777777776,18.995277777777776,24,2026-08-26 23:28:50,1.0,False,False,,False,Tuesday,2026-08-24,,True,False
TKT-100612,2026-08-25 09:41:28,2026-08-25 09:49:34,2026-08-25 17:11:12,2026-08-27 10:26:27,2026-08-27 10:26:27,0,False,2026-08-27 10:00:00,,Hostel & Maintenance,Hostel & Maintenance,2026-08-25 17:11:12,0.0,0,1,STU25520,portal,Medium,False,Hostel & Maintenance,Closed,,False,0.135,7.360555555555556,0.0,41.25416666666667,0.0,48.749722222222225,48.749722222222225,48.749722222222225,72,2026-08-28 09:41:28,1.0,True,False,48.30888888888889,False,Tuesday,2026-08-24,,True,False
TKT-100613,2026-08-25 11:06:22,2026-08-25 12:49:05,2026-08-25 13:10:11,2026-09-01 08:00:00,2026-09-01 08:00:00,2,False,2026-08-28 10:00:00,,IT Support,Hostel & Maintenance,2026-08-31 12:50:47,0.0,7,3,STU24524,email,Low,False,IT Support,Closed,2.0,True,1.7119444444444445,0.3516666666666667,143.67666666666668,19.15361111111111,0.0,164.89388888888888,164.89388888888888,164.89388888888888,120,2026-08-30 11:06:22,0.0,True,False,70.8938888888889,False,Tuesday,2026-08-24,,True,False
TKT-100614,2026-08-25 14:55:47,2026-08-25 15:53:32,2026-08-25 17:58:44,,,0,False,,,IT Support,IT Support,2026-08-25 17:58:44,0.0,1,1,STU25581,email,High,False,IT Support,Closed - No Response,,True,0.9625,2.0866666666666664,0.0,,,,,,24,2026-08-26 14:55:47,,False,False,,False,Tuesday,2026-08-24,closed - student never replied,False,False
TKT-100615,2026-08-25 18:50:18,2026-08-25 19:00:36,2026-08-26 08:08:38,2026-08-26 19:57:33,2026-08-26 19:57:33,0,False,,,IT Support,IT Support,2026-08-26 08:08:38,0.0,1,1,STU25115,portal,Medium,False,IT Support,Closed,,False,0.17166666666666666,13.133888888888889,0.0,11.815277777777778,0.0,25.120833333333334,25.120833333333334,25.120833333333334,72,2026-08-28 18:50:18,1.0,False,False,,False,Tuesday,2026-08-24,,True,False
TKT-100616,2026-08-25 16:08:30,2026-08-25 16:15:47,2026-08-25 17:35:54,,,0,False,,,Library,Library,2026-08-25 17:35:54,0.0,5,1,STU25434,portal,Medium,False,Library,Closed - No Response,,False,0.1213888888888889,1.3352777777777778,0.0,,,,,,72,2026-08-28 16:08:30,,False,False,,False,Tuesday,2026-08-24,closed - student never replied,False,False
TKT-100617,2026-08-25 06:53:03,2026-08-25 15:59:01,2026-08-26 15:21:16,2026-09-04 08:00:00,2026-09-04 08:00:00,1,False,2026-08-27 10:00:00,,Library,Hostel & Maintenance,2026-08-27 19:59:56,0.0,6,2,STU25125,portal,Medium,False,Library,Closed,,True,9.099444444444444,23.370833333333334,28.644444444444446,180.0011111111111,0.0,241.11583333333334,241.11583333333334,241.11583333333334,72,2026-08-28 06:53:03,0.0,True,False,51.115833333333335,False,Tuesday,2026-08-24,,True,False
TKT-100618,2026-08-25 10:28:20,2026-08-25 10:36:54,2026-08-25 11:11:20,2026-08-26 13:37:35,2026-08-26 13:37:35,0,False,,,Library,Library,2026-08-25 11:11:20,12.084722222222222,2,1,STU25262,portal,Medium,False,Library,Closed,,False,0.14277777777777778,0.5738888888888889,0.0,14.352777777777778,0.0,27.154166666666665,15.069444444444443,15.069444444444443,72,2026-08-28 10:28:20,1.0,False,False,,False,Tuesday,2026-08-24,,True,False
TKT-100619,2026-08-25 22:09:15,2026-08-26 09:56:26,2026-08-27 14:26:03,2026-08-29 08:00:00,2026-08-29 08:00:00,0,False,2026-08-28 10:00:00,2026-08-27 09:56:26,Hostel & Maintenance,Hostel & Maintenance,2026-08-27 14:26:03,0.0,1,1,STU24740,email,Medium,False,Hostel & Maintenance,Closed,,True,11.786388888888888,28.49361111111111,0.0,41.56583333333333,0.0,81.84583333333333,81.84583333333333,81.84583333333333,72,2026-08-28 22:09:15,0.0,True,True,59.84583333333333,False,Tuesday,2026-08-24,,True,False
TKT-100620,2026-08-25 11:53:41,2026-08-25 11:57:55,2026-08-25 13:38:41,2026-08-25 15:51:56,2026-08-25 15:51:56,0,False,,,Academics & Exams,Academics & Exams,2026-08-25 13:38:41,0.0,0,1,STU25084,portal,Medium,False,Unknown,Closed,,False,0.07055555555555555,1.6794444444444445,0.0,2.220833333333333,0.0,3.970833333333333,3.970833333333333,3.970833333333333,72,2026-08-28 11:53:41,1.0,False,False,,False,Tuesday,2026-08-24,,True,False
TKT-100621,2026-08-25 11:09:58,2026-08-25 11:29:10,2026-08-25 11:42:40,2026-08-28 13:58:51,2026-08-28 13:58:51,1,False,2026-08-28 10:00:00,,IT Support,Hostel & Maintenance,2026-08-27 14:24:11,0.0,0,2,STU25151,portal,Medium,False,Unknown,Closed,,False,0.32,0.225,50.691944444444445,23.57777777777778,0.0,74.81472222222222,74.81472222222222,74.81472222222222,72,2026-08-28 11:09:58,0.0,True,False,70.8338888888889,False,Tuesday,2026-08-24,,True,False
TKT-100622,2026-08-25 16:34:49,2026-08-25 17:34:26,2026-08-26 15:01:00,2026-08-28 13:09:57,2026-08-28 13:09:57,0,False,2026-08-28 10:00:00,,Hostel & Maintenance,Hostel & Maintenance,2026-08-26 15:01:00,0.0,3,1,STU24575,email,Medium,False,Hostel & Maintenance,Closed,,True,0.9936111111111111,21.442777777777778,0.0,46.149166666666666,0.0,68.58555555555556,68.58555555555556,68.58555555555556,72,2026-08-28 16:34:49,1.0,True,False,65.41972222222222,False,Tuesday,2026-08-24,,True,False
TKT-100623,2026-08-25 17:59:53,2026-08-26 10:10:01,2026-08-26 19:56:16,2026-08-28 12:18:35,2026-08-28 12:18:35,0,False,2026-08-28 10:00:00,,Hostel & Maintenance,Hostel & Maintenance,2026-08-26 19:56:16,0.0,0,1,STU25297,email,Medium,False,Hostel & Maintenance,Closed,,True,16.16888888888889,9.770833333333334,0.0,40.371944444444445,0.0,66.31166666666667,66.31166666666667,66.31166666666667,72,2026-08-28 17:59:53,1.0,True,False,64.00194444444445,False,Tuesday,2026-08-24,,True,False
TKT-100624,2026-08-26 20:33:01,2026-08-26 20:45:00,2026-08-27 12:42:10,2026-08-31 13:48:16,2026-08-31 13:48:16,0,False,2026-08-31 10:00:00,,Hostel & Maintenance,Hostel & Maintenance,2026-08-27 12:42:10,11.859722222222222,2,1,STU25272,portal,Medium,False,Hostel & Maintenance,Closed,,False,0.19972222222222222,15.952777777777778,0.0,85.24194444444446,0.0,113.25416666666666,101.39444444444445,101.39444444444445,72,2026-08-29 20:33:01,0.0,True,False,109.44972222222222,True,Wednesday,2026-08-24,,True,False
TKT-100625,2026-08-26 16:04:25,2026-08-26 16:05:02,2026-08-28 09:06:26,2026-09-07 09:00:00,2026-09-07 09:00:00,0,False,2026-08-31 10:00:00,2026-08-27 16:05:02,Fees & Finance,Fees & Finance,2026-08-28 09:06:26,0.0,8,1,STU24565,email,Medium,True,Fees & Finance,Closed,,False,0.010277777777777778,41.02333333333333,0.0,239.89277777777778,0.0,280.9263888888889,280.9263888888889,280.9263888888889,72,2026-08-29 16:04:25,0.0,True,True,113.9263888888889,True,Wednesday,2026-08-24,,True,False
TKT-100626,2026-08-26 19:32:42,2026-08-26 19:36:42,2026-08-27 08:32:52,2026-09-03 09:00:00,2026-09-03 09:00:00,2,False,2026-08-31 10:00:00,,Hostel & Maintenance,Academics & Exams,2026-08-31 14:27:27,7.521944444444444,10,3,STU25617,portal,High,False,Hostel & Maintenance,Closed,,False,0.06666666666666667,12.936111111111112,101.90972222222223,59.02055555555556,0.0,181.455,173.93305555555557,173.93305555555557,24,2026-08-27 19:32:42,0.0,True,False,110.455,True,Wednesday,2026-08-24,,True,False
TKT-100627,2026-08-26 19:08:11,2026-08-26 19:16:06,2026-08-26 19:59:23,2026-08-28 09:37:05,2026-08-28 09:37:05,0,False,,,Hostel & Maintenance,Hostel & Maintenance,2026-08-26 19:59:23,0.0,1,1,STU25679,portal,Low,False,Hostel & Maintenance,Closed,4.0,False,0.13194444444444445,0.7213888888888889,0.0,37.62833333333333,0.0,38.48166666666667,38.48166666666667,38.48166666666667,120,2026-08-31 19:08:11,1.0,False,False,,False,Wednesday,2026-08-24,,True,False
TKT-100628,2026-08-26 12:03:32,2026-08-26 12:13:44,2026-08-27 08:41:24,2026-08-28 09:26:21,2026-08-28 09:26:21,0,False,,,IT Support,IT Support,2026-08-27 08:41:24,0.0,2,1,STU25139,email,Medium,True,IT Support,Closed,,False,0.17,20.461111111111112,0.0,24.749166666666667,0.0,45.38027777777778,45.38027777777778,45.38027777777778,72,2026-08-29 12:03:32,1.0,False,False,,False,Wednesday,2026-08-24,,True,False
TKT-100629,2026-08-26 13:45:59,2026-08-26 13:58:18,2026-08-27 15:02:52,2026-08-31 10:23:14,2026-08-31 10:23:14,0,False,2026-08-31 10:00:00,2026-08-27 13:58:18,Academics & Exams,Academics & Exams,2026-08-27 15:02:52,0.0,6,1,STU25608,portal,Medium,False,Academics & Exams,Closed,,False,0.20527777777777778,25.07611111111111,0.0,91.33944444444444,0.0,116.62083333333334,116.62083333333334,116.62083333333334,72,2026-08-29 13:45:59,0.0,True,True,116.23361111111112,True,Wednesday,2026-08-24,,True,False
TKT-100630,2026-08-26 20:52:00,2026-08-27 09:22:16,2026-08-27 12:55:36,2026-08-27 14:26:32,2026-08-27 14:26:32,0,False,,,IT Support,IT Support,2026-08-27 12:55:36,0.0,0,1,STU24504,email,Medium,False,IT Support,Closed,,True,12.504444444444445,3.5555555555555554,0.0,1.5155555555555555,0.0,17.575555555555557,17.575555555555557,17.575555555555557,72,2026-08-29 20:52:00,1.0,False,False,,False,Wednesday,2026-08-24,,True,False
TKT-100631,2026-08-26 12:08:46,2026-08-26 12:20:27,2026-08-27 11:54:12,,,0,False,,,Academics & Exams,Academics & Exams,2026-08-27 11:54:12,0.0,7,1,STU24076,walk_in,Medium,False,Academics & Exams,Closed - No Response,,False,0.1947222222222222,23.5625,0.0,,,,,,72,2026-08-29 12:08:46,,False,False,,False,Wednesday,2026-08-24,closed - student never replied,False,False
TKT-100632,2026-08-26 11:06:41,2026-08-26 11:15:17,2026-08-26 17:06:35,2026-08-26 17:59:59,2026-08-26 17:59:59,0,False,,,IT Support,IT Support,2026-08-26 17:06:35,0.0,0,1,STU24582,walk_in,Medium,False,IT Support,Closed,,False,0.14333333333333334,5.855,0.0,0.89,0.0,6.888333333333334,6.888333333333334,6.888333333333334,72,2026-08-29 11:06:41,1.0,False,False,,False,Wednesday,2026-08-24,,True,False
TKT-100633,2026-08-26 15:21:16,2026-08-26 15:29:25,2026-08-28 06:21:35,2026-08-31 13:04:12,2026-09-02 11:40:52,0,True,2026-08-31 10:00:00,2026-08-27 15:29:25,Academics & Exams,Academics & Exams,2026-08-28 06:21:35,0.0,5,1,STU24345,portal,High,False,Academics & Exams,Closed,,False,0.13583333333333333,38.86944444444445,0.0,78.71027777777778,46.611111111111114,164.32666666666665,164.32666666666665,117.71555555555555,24,2026-08-27 15:21:16,0.0,True,True,114.64555555555556,True,Wednesday,2026-08-24,,True,False
TKT-100634,2026-08-26 21:32:27,2026-08-26 21:39:47,2026-08-27 13:10:12,2026-08-28 13:12:43,2026-08-28 13:12:43,0,False,,,Fees & Finance,Fees & Finance,2026-08-27 13:10:12,0.0,4,1,STU25666,portal,Medium,False,Fees & Finance,Closed,,False,0.12222222222222222,15.506944444444445,0.0,24.041944444444443,0.0,39.67111111111111,39.67111111111111,39.67111111111111,72,2026-08-29 21:32:27,1.0,False,False,,False,Wednesday,2026-08-24,,True,False
TKT-100635,2026-08-26 13:53:45,2026-08-26 13:57:57,2026-08-27 14:28:04,2026-08-28 16:05:43,2026-08-28 16:05:43,0,False,,2026-08-27 13:57:57,Fees & Finance,Fees & Finance,2026-08-27 14:28:04,0.0,1,1,STU25701,portal,Medium,False,Fees & Finance,Closed,5.0,False,0.07,24.501944444444444,0.0,25.6275,0.0,50.199444444444445,50.199444444444445,50.199444444444445,72,2026-08-29 13:53:45,1.0,False,True,,False,Wednesday,2026-08-24,,True,False
TKT-100636,2026-08-26 14:40:35,2026-08-26 15:00:50,2026-08-26 15:36:46,2026-08-31 12:31:38,2026-08-31 12:31:38,0,False,2026-08-31 10:00:00,,Academics & Exams,Academics & Exams,2026-08-26 15:36:46,2.2955555555555556,3,1,STU24981,email,Low,False,Academics & Exams,Closed,,False,0.3375,0.5988888888888889,0.0,114.61888888888889,0.0,117.85083333333333,115.55527777777777,115.55527777777777,120,2026-08-31 14:40:35,1.0,True,False,115.3236111111111,False,Wednesday,2026-08-24,,True,False
TKT-100637,2026-08-26 15:40:28,2026-08-26 15:45:42,2026-08-30 07:31:40,2026-08-31 18:15:55,2026-09-01 11:53:42,1,True,2026-08-31 10:00:00,2026-08-27 15:45:42,Academics & Exams,IT Support,2026-08-31 17:11:00,0.0,6,2,STU25629,portal,Medium,False,Academics & Exams,Closed,1.0,False,0.08722222222222223,87.76611111111112,33.65555555555556,1.0819444444444444,17.629722222222224,140.22055555555556,140.22055555555556,122.59083333333334,72,2026-08-29 15:40:28,0.0,True,True,114.32555555555555,True,Wednesday,2026-08-24,,True,False
TKT-100638,2026-08-26 23:10:37,2026-08-27 10:37:40,2026-08-28 08:06:13,2026-08-28 18:52:07,2026-08-28 18:52:07,0,False,,,IT Support,IT Support,2026-08-28 08:06:13,0.0,0,1,STU24418,portal,Low,False,IT Support,Closed,3.0,True,11.450833333333334,21.475833333333334,0.0,10.765,0.0,43.69166666666667,43.69166666666667,43.69166666666667,120,2026-08-31 23:10:37,1.0,False,False,,False,Wednesday,2026-08-24,,True,False
TKT-100639,2026-08-27 12:42:56,2026-08-27 14:27:19,2026-08-28 10:16:33,2026-09-01 09:00:00,2026-09-01 09:00:00,0,False,2026-08-31 10:00:00,,Academics & Exams,Academics & Exams,2026-08-28 10:16:33,0.0,2,1,STU24557,email,High,False,Academics & Exams,Closed,4.0,True,1.7397222222222222,19.820555555555554,0.0,94.72416666666666,0.0,116.28444444444445,116.28444444444445,116.28444444444445,24,2026-08-28 12:42:56,0.0,True,False,93.28444444444445,True,Thursday,2026-08-24,,True,False
TKT-100640,2026-08-27 20:34:18,2026-08-28 11:42:09,2026-08-28 11:57:51,2026-08-28 15:37:11,2026-08-28 15:37:11,0,False,,,IT Support,IT Support,2026-08-28 11:57:51,0.0,0,1,STU24511,portal,High,False,IT Support,Closed,,True,15.130833333333333,0.26166666666666666,0.0,3.6555555555555554,0.0,19.048055555555557,19.048055555555557,19.048055555555557,24,2026-08-28 20:34:18,1.0,False,False,,False,Thursday,2026-08-24,,True,False
TKT-100641,2026-08-27 20:21:16,2026-08-27 20:33:11,2026-08-28 08:44:41,2026-08-28 14:49:17,2026-08-28 14:49:17,0,False,,,IT Support,IT Support,2026-08-28 08:44:41,0.0,0,1,STU25722,portal,Medium,False,IT Support,Closed,,False,0.1986111111111111,12.191666666666666,0.0,6.076666666666667,0.0,18.466944444444444,18.466944444444444,18.466944444444444,72,2026-08-30 20:21:16,1.0,False,False,,False,Thursday,2026-08-24,,True,False
TKT-100642,2026-08-27 06:11:43,2026-08-27 06:22:25,2026-08-27 11:33:59,2026-08-27 15:50:43,2026-08-29 10:00:31,0,True,,,IT Support,IT Support,2026-08-27 11:33:59,0.0,1,1,STU24956,portal,Low,False,IT Support,Closed,,False,0.17833333333333334,5.192777777777778,0.0,4.278888888888889,42.163333333333334,51.81333333333333,51.81333333333333,9.65,120,2026-09-01 06:11:43,1.0,False,False,,False,Thursday,2026-08-24,,True,False
TKT-100643,2026-08-27 18:44:07,2026-08-27 18:52:44,2026-08-28 12:53:22,2026-08-28 14:51:54,2026-08-28 14:51:54,0,False,,,Library,Library,2026-08-28 12:53:22,0.0,0,1,STU25587,portal,Medium,False,Library,Closed,,False,0.1436111111111111,18.010555555555555,0.0,1.9755555555555555,0.0,20.129722222222224,20.129722222222224,20.129722222222224,72,2026-08-30 18:44:07,1.0,False,False,,False,Thursday,2026-08-24,,True,False
TKT-100644,2026-08-27 18:34:41,2026-08-28 12:22:01,2026-08-31 12:34:23,2026-09-02 09:00:00,2026-09-02 09:00:00,0,False,2026-08-31 10:00:00,2026-08-29 12:22:01,Academics & Exams,Academics & Exams,2026-08-31 12:34:23,0.0,3,1,STU25536,email,Medium,False,Academics & Exams,Closed,3.0,True,17.788888888888888,72.20611111111111,0.0,44.426944444444445,0.0,134.42194444444445,134.42194444444445,134.42194444444445,72,2026-08-30 18:34:41,0.0,True,True,87.42194444444445,True,Thursday,2026-08-24,,True,False
TKT-100645,2026-08-27 12:26:21,2026-08-27 13:28:14,2026-08-27 13:53:55,2026-08-29 17:12:57,2026-08-29 17:12:57,0,False,,,Hostel & Maintenance,Hostel & Maintenance,2026-08-27 13:53:55,0.0,4,1,STU24183,email,Medium,True,Hostel & Maintenance,Closed,4.0,True,1.031388888888889,0.4280555555555556,0.0,51.31722222222222,0.0,52.776666666666664,52.776666666666664,52.776666666666664,72,2026-08-30 12:26:21,1.0,False,False,,False,Thursday,2026-08-24,,True,False
TKT-100646,2026-08-27 18:46:44,2026-08-27 18:52:15,2026-09-01 00:22:07,2026-09-02 09:00:00,2026-09-02 09:00:00,0,False,2026-08-31 10:00:00,2026-08-28 18:52:15,Fees & Finance,Fees & Finance,2026-09-01 00:22:07,12.77,1,1,STU25627,portal,Medium,False,Fees & Finance,Closed,,False,0.09194444444444444,101.49777777777778,0.0,19.861388888888886,0.0,134.2211111111111,121.4511111111111,121.4511111111111,72,2026-08-30 18:46:44,0.0,True,True,87.22111111111111,True,Thursday,2026-08-24,,True,False
TKT-100647,2026-08-27 20:14:36,2026-08-28 12:49:50,2026-08-28 16:30:41,2026-08-29 11:53:23,2026-08-29 11:53:23,0,False,,,Hostel & Maintenance,Hostel & Maintenance,2026-08-28 16:30:41,0.0,1,1,STU25687,email,Medium,False,Hostel & Maintenance,Closed,,True,16.587222222222223,3.680833333333333,0.0,19.378333333333334,0.0,39.646388888888886,39.646388888888886,39.646388888888886,72,2026-08-30 20:14:36,1.0,False,False,,False,Thursday,2026-08-24,,True,False
TKT-100648,2026-08-27 17:58:48,2026-08-27 18:10:04,2026-08-28 13:22:07,2026-08-31 12:51:53,2026-09-02 18:08:16,0,True,2026-08-31 10:00:00,,Hostel & Maintenance,Hostel & Maintenance,2026-08-28 13:22:07,0.0,4,1,STU24836,portal,Medium,False,Hostel & Maintenance,Closed,,False,0.18777777777777777,19.200833333333332,0.0,71.4961111111111,53.27305555555556,144.15777777777777,144.15777777777777,90.88472222222222,72,2026-08-30 17:58:48,0.0,True,False,88.02,True,Thursday,2026-08-24,,True,False
TKT-100649,2026-08-27 16:11:48,2026-08-27 16:13:16,2026-08-30 16:34:34,2026-09-05 08:00:00,2026-09-05 08:00:00,1,False,2026-08-31 10:00:00,2026-08-28 16:13:16,Fees & Finance,Hostel & Maintenance,2026-09-02 13:23:39,3.6569444444444446,6,2,STU24052,portal,Medium,False,Fees & Finance,Closed,3.0,False,0.024444444444444446,72.355,68.81805555555556,62.948888888888895,0.0,207.80333333333334,204.1463888888889,204.1463888888889,72,2026-08-30 16:11:48,0.0,True,True,89.80333333333333,True,Thursday,2026-08-24,,True,False
TKT-100650,2026-08-27 12:31:57,2026-08-27 12:43:22,2026-08-28 09:56:12,2026-09-07 08:00:00,2026-09-07 08:00:00,0,False,2026-08-31 10:00:00,,Hostel & Maintenance,Hostel & Maintenance,2026-08-28 09:56:12,52.283611111111114,6,1,STU25784,portal,Low,False,Hostel & Maintenance,Closed,,False,0.19027777777777777,21.21388888888889,0.0,185.77972222222223,0.0,259.4675,207.18388888888887,207.18388888888887,120,2026-09-01 12:31:57,0.0,True,False,93.4675,False,Thursday,2026-08-24,,True,False
TKT-100651,2026-08-27 07:18:41,2026-08-27 17:00:59,2026-08-28 11:25:18,2026-08-29 19:51:02,2026-08-29 19:51:02,0,False,,,Hostel & Maintenance,Hostel & Maintenance,2026-08-28 11:25:18,0.0,3,1,STU25175,email,High,False,Hostel & Maintenance,Closed,,True,9.705,18.405277777777776,0.0,32.42888888888889,0.0,60.53916666666667,60.53916666666667,60.53916666666667,24,2026-08-28 07:18:41,0.0,False,False,,False,Thursday,2026-08-24,,True,False
TKT-100652,2026-08-27 10:56:59,2026-08-27 15:49:10,2026-08-28 15:35:26,2026-08-29 12:54:12,2026-08-29 12:54:12,0,False,,,Hostel & Maintenance,Hostel & Maintenance,2026-08-28 15:35:26,9.266111111111112,3,1,STU24117,email,High,False,Hostel & Maintenance,Closed,3.0,True,4.869722222222222,23.77111111111111,0.0,12.046666666666667,0.0,49.95361111111111,40.6875,40.6875,24,2026-08-28 10:56:59,0.0,False,False,,False,Thursday,2026-08-24,,True,False
TKT-100653,2026-08-27 19:06:29,2026-08-27 19:18:10,2026-08-28 08:05:15,2026-08-28 13:48:52,2026-08-28 13:48:52,0,False,,,IT Support,IT Support,2026-08-28 08:05:15,0.0,1,1,STU25713,portal,Low,False,IT Support,Closed,4.0,False,0.1947222222222222,12.784722222222221,0.0,5.726944444444444,0.0,18.70638888888889,18.70638888888889,18.70638888888889,120,2026-09-01 19:06:29,1.0,False,False,,False,Thursday,2026-08-24,,True,False
TKT-100654,2026-08-27 14:25:29,2026-08-27 14:34:21,2026-08-27 15:24:26,2026-08-31 12:51:04,2026-09-02 09:01:07,0,True,2026-08-31 10:00:00,,Academics & Exams,Academics & Exams,2026-08-27 15:24:26,0.0,5,1,STU25261,portal,Low,False,Academics & Exams,Closed,,False,0.14777777777777779,0.8347222222222223,0.0,93.44388888888889,44.1675,138.5938888888889,138.5938888888889,94.4263888888889,120,2026-09-01 14:25:29,0.0,True,False,91.57527777777777,False,Thursday,2026-08-24,,True,False
TKT-100655,2026-08-27 12:45:24,2026-08-27 12:51:58,2026-08-27 14:10:18,2026-08-28 10:01:40,2026-08-28 10:01:40,0,False,,,Library,Library,2026-08-27 14:10:18,0.0,0,1,STU25562,portal,Medium,False,Library,Closed,,False,0.10944444444444444,1.3055555555555556,0.0,19.85611111111111,0.0,21.27111111111111,21.27111111111111,21.27111111111111,72,2026-08-30 12:45:24,1.0,False,False,,False,Thursday,2026-08-24,,True,False
TKT-100656,2026-08-27 09:59:08,2026-08-27 10:04:14,2026-08-27 12:34:31,2026-08-27 19:15:17,2026-08-27 19:15:17,0,False,,,IT Support,IT Support,2026-08-27 12:34:31,0.0,0,1,STU25499,portal,Medium,False,IT Support,Closed,5.0,False,0.085,2.504722222222222,0.0,6.679444444444444,0.0,9.269166666666667,9.269166666666667,9.269166666666667,72,2026-08-30 09:59:08,1.0,False,False,,False,Thursday,2026-08-24,,True,False
TKT-100657,2026-08-27 08:10:18,2026-08-27 09:56:44,2026-08-28 12:43:40,2026-09-01 09:00:00,2026-09-01 09:00:00,0,False,2026-08-31 10:00:00,2026-08-28 09:56:44,Academics & Exams,Academics & Exams,2026-08-28 12:43:40,0.0,5,1,STU24299,email,Medium,False,Academics & Exams,Closed,3.0,True,1.7738888888888888,26.782222222222224,0.0,92.27222222222223,0.0,120.82833333333333,120.82833333333333,120.82833333333333,72,2026-08-30 08:10:18,0.0,True,True,97.82833333333333,True,Thursday,2026-08-24,,True,False
TKT-100658,2026-08-27 18:43:56,2026-08-28 12:45:22,2026-08-29 08:10:47,2026-08-29 10:43:41,2026-08-29 10:43:41,0,False,,,IT Support,IT Support,2026-08-29 08:10:47,0.0,1,1,STU24374,email,Medium,False,IT Support,Closed,,True,18.023888888888887,19.42361111111111,0.0,2.5483333333333333,0.0,39.99583333333333,39.99583333333333,39.99583333333333,72,2026-08-30 18:43:56,1.0,False,False,,False,Thursday,2026-08-24,,True,False
TKT-100659,2026-08-27 17:56:05,2026-08-27 18:11:01,2026-08-28 16:54:53,,,0,False,,,Academics & Exams,Academics & Exams,2026-08-28 16:54:53,0.0,1,1,STU24010,portal,Medium,False,Academics & Exams,Closed - No Response,,False,0.24888888888888888,22.73111111111111,0.0,,,,,,72,2026-08-30 17:56:05,,False,False,,False,Thursday,2026-08-24,closed - student never replied,False,False
TKT-100660,2026-08-27 12:46:56,2026-08-27 12:52:21,2026-08-27 14:27:26,2026-08-27 16:56:01,2026-08-27 16:56:01,0,False,,,IT Support,IT Support,2026-08-27 14:27:26,0.0,0,1,STU24816,portal,High,False,IT Support,Closed,4.0,False,0.09027777777777778,1.5847222222222221,0.0,2.4763888888888888,0.0,4.151388888888889,4.151388888888889,4.151388888888889,24,2026-08-28 12:46:56,1.0,False,False,,False,Thursday,2026-08-24,,True,False
TKT-100661,2026-08-27 08:54:47,2026-08-27 09:01:30,2026-09-04 10:44:41,2026-09-07 13:45:04,2026-09-09 11:10:56,0,True,2026-08-31 10:00:00,2026-08-28 09:01:30,Fees & Finance,Fees & Finance,2026-09-04 10:44:41,0.0,13,1,STU24095,portal,Low,False,Fees & Finance,Closed,,False,0.11194444444444444,193.71972222222223,0.0,75.00638888888889,45.431111111111115,314.26916666666665,314.26916666666665,268.83805555555557,120,2026-09-01 08:54:47,0.0,True,True,97.08694444444444,False,Thursday,2026-08-24,,True,False
TKT-100662,2026-08-27 19:35:41,2026-08-28 09:17:15,2026-08-30 19:21:32,2026-09-01 15:43:47,2026-09-01 15:43:47,0,False,2026-08-31 10:00:00,2026-08-29 09:17:15,Academics & Exams,Academics & Exams,2026-08-30 19:21:32,0.0,3,1,STU25699,email,Low,False,Academics & Exams,Closed,4.0,True,13.692777777777778,58.07138888888889,0.0,44.37083333333333,0.0,116.135,116.135,116.135,120,2026-09-01 19:35:41,1.0,True,True,86.40527777777778,False,Thursday,2026-08-24,,True,False
TKT-100663,2026-08-27 20:13:04,2026-08-27 20:23:23,2026-08-28 15:20:28,2026-08-31 09:28:33,2026-08-31 09:28:33,0,False,,,Hostel & Maintenance,Hostel & Maintenance,2026-08-28 15:20:28,0.0,4,1,STU25376,portal,Medium,False,Hostel & Maintenance,Closed,3.0,False,0.17194444444444446,18.95138888888889,0.0,66.13472222222222,0.0,85.25805555555556,85.25805555555556,85.25805555555556,72,2026-08-30 20:13:04,0.0,False,False,,False,Thursday,2026-08-24,,True,False
TKT-100664,2026-08-27 21:05:50,2026-08-27 21:07:59,2026-08-28 18:26:15,2026-08-29 11:35:35,2026-08-29 11:35:35,0,False,,,IT Support,IT Support,2026-08-28 18:26:15,2.7305555555555556,1,1,STU25444,portal,Low,False,IT Support,Closed,4.0,False,0.035833333333333335,21.304444444444446,0.0,14.424999999999999,0.0,38.49583333333333,35.765277777777776,35.765277777777776,120,2026-09-01 21:05:50,1.0,False,False,,False,Thursday,2026-08-24,,True,False
TKT-100665,2026-08-28 17:53:56,2026-08-28 18:07:24,2026-08-29 09:16:53,2026-08-31 15:30:39,2026-09-01 14:38:57,0,True,2026-08-31 10:00:00,,IT Support,IT Support,2026-08-29 09:16:53,0.0,3,1,STU25053,portal,Medium,False,IT Support,Closed,,False,0.22444444444444445,15.158055555555556,0.0,54.22944444444445,23.138333333333332,92.75027777777778,92.75027777777778,69.61194444444445,72,2026-08-31 17:53:56,0.0,True,False,64.10111111111111,False,Friday,2026-08-24,,True,False
TKT-100666,2026-08-28 20:32:17,2026-08-29 10:35:21,2026-09-01 16:42:41,2026-09-03 09:00:00,2026-09-03 09:00:00,0,False,2026-08-31 10:00:00,2026-08-30 10:35:21,Fees & Finance,Fees & Finance,2026-09-01 16:42:41,0.0,1,1,STU24111,email,Medium,True,Fees & Finance,Closed,,True,14.051111111111112,78.12222222222222,0.0,40.28861111111111,0.0,132.46194444444444,132.46194444444444,132.46194444444444,72,2026-08-31 20:32:17,0.0,True,True,61.46194444444444,False,Friday,2026-08-24,,True,False
TKT-100667,2026-08-28 12:23:03,2026-08-28 12:36:48,2026-08-31 00:54:55,2026-09-03 09:22:12,2026-09-03 09:22:12,0,False,2026-08-31 10:00:00,2026-08-29 12:36:48,Academics & Exams,Academics & Exams,2026-08-31 00:54:55,2.3402777777777777,2,1,STU24877,portal,Medium,False,Academics & Exams,Closed,3.0,False,0.22916666666666666,60.301944444444445,0.0,78.11444444444444,0.0,140.98583333333335,138.64555555555557,138.64555555555557,72,2026-08-31 12:23:03,0.0,True,True,69.61583333333333,False,Friday,2026-08-24,,True,False
TKT-100668,2026-08-28 15:56:32,2026-08-28 16:00:29,2026-08-31 01:46:37,2026-09-03 09:00:00,2026-09-03 09:00:00,0,False,2026-08-31 10:00:00,2026-08-29 16:00:29,Fees & Finance,Fees & Finance,2026-08-31 01:46:37,0.0,4,1,STU24763,portal,Medium,False,Fees & Finance,Closed,,False,0.06583333333333333,57.76888888888889,0.0,79.22305555555556,0.0,137.05777777777777,137.05777777777777,137.05777777777777,72,2026-08-31 15:56:32,0.0,True,True,66.05777777777777,False,Friday,2026-08-24,,True,False
TKT-100669,2026-08-28 22:33:10,2026-08-28 22:47:53,2026-08-29 08:36:00,2026-08-31 13:51:58,2026-08-31 13:51:58,0,False,2026-08-31 10:00:00,,IT Support,IT Support,2026-08-29 08:36:00,0.0,3,1,STU24933,portal,Medium,False,IT Support,Closed,4.0,False,0.2452777777777778,9.801944444444445,0.0,53.26611111111111,0.0,63.31333333333333,63.31333333333333,63.31333333333333,72,2026-08-31 22:33:10,1.0,True,False,59.44722222222222,False,Friday,2026-08-24,,True,False
TKT-100670,2026-08-28 12:41:22,2026-08-28 15:34:42,2026-08-30 20:24:49,2026-09-01 08:00:00,2026-09-02 15:13:22,0,True,2026-08-31 10:00:00,2026-08-29 15:34:42,Hostel & Maintenance,Hostel & Maintenance,2026-08-30 20:24:49,0.0,4,1,STU24037,email,High,False,Hostel & Maintenance,Closed,,True,2.888888888888889,52.835277777777776,0.0,35.58638888888889,31.22277777777778,122.53333333333333,122.53333333333333,91.31055555555555,24,2026-08-29 12:41:22,0.0,True,True,69.31055555555555,True,Friday,2026-08-24,,True,False
TKT-100671,2026-08-28 16:50:24,2026-08-28 17:28:32,2026-08-31 02:16:10,2026-08-31 12:49:23,2026-09-02 13:02:35,0,True,2026-08-31 10:00:00,2026-08-29 17:28:32,Fees & Finance,Fees & Finance,2026-08-31 02:16:10,0.0,2,1,STU24088,portal,Low,False,Fees & Finance,Closed,,True,0.6355555555555555,56.79388888888889,0.0,10.553611111111111,48.22,116.20305555555555,116.20305555555555,67.98305555555555,120,2026-09-02 16:50:24,1.0,True,True,65.16,False,Friday,2026-08-24,,True,False
TKT-100672,2026-08-28 21:47:14,2026-08-28 21:58:04,2026-08-29 12:50:12,2026-08-29 13:51:54,2026-08-29 13:51:54,0,False,,,IT Support,IT Support,2026-08-29 12:50:12,0.0,0,1,STU25408,portal,Medium,False,IT Support,Closed,,False,0.18055555555555555,14.86888888888889,0.0,1.0283333333333333,0.0,16.07777777777778,16.07777777777778,16.07777777777778,72,2026-08-31 21:47:14,1.0,False,False,,False,Friday,2026-08-24,,True,False
TKT-100673,2026-08-28 18:14:08,2026-08-29 09:52:54,2026-08-29 10:19:00,2026-08-29 14:39:27,2026-08-31 12:05:04,0,True,,,Library,Library,2026-08-29 10:19:00,0.0,0,1,STU24108,email,Low,False,Library,Closed,,True,15.64611111111111,0.435,0.0,4.340833333333333,45.426944444444445,65.8488888888889,65.8488888888889,20.421944444444446,120,2026-09-02 18:14:08,1.0,False,False,,False,Friday,2026-08-24,,True,False
TKT-100674,2026-08-28 08:07:13,2026-08-28 08:13:38,2026-08-30 18:32:15,2026-09-01 19:41:47,2026-09-01 19:41:47,0,False,2026-08-31 10:00:00,2026-08-29 08:13:38,Hostel & Maintenance,Hostel & Maintenance,2026-08-30 18:32:15,0.0,3,1,STU24069,portal,Medium,False,Hostel & Maintenance,Closed,,False,0.10694444444444444,58.31027777777778,0.0,49.15888888888889,0.0,107.57611111111112,107.57611111111112,107.57611111111112,72,2026-08-31 08:07:13,0.0,True,True,73.87972222222223,True,Friday,2026-08-24,,True,False
TKT-100675,2026-08-28 13:18:44,2026-08-28 13:23:47,2026-08-30 22:09:36,2026-09-01 09:00:00,2026-09-03 15:30:45,0,True,2026-08-31 10:00:00,2026-08-29 13:23:47,Academics & Exams,Academics & Exams,2026-08-30 22:09:36,0.0,5,1,STU25236,walk_in,Medium,False,Academics & Exams,Closed,,False,0.08416666666666667,56.76361111111111,0.0,34.84,54.5125,146.20027777777779,146.20027777777779,91.68777777777778,72,2026-08-31 13:18:44,0.0,True,True,68.68777777777778,False,Friday,2026-08-24,,True,False
TKT-100676,2026-08-28 09:42:26,2026-08-28 09:53:56,2026-08-28 14:23:33,2026-08-29 17:15:26,2026-08-29 17:15:26,1,False,,,Hostel & Maintenance,IT Support,2026-08-29 12:26:16,0.0,0,2,STU24352,portal,Medium,False,Hostel & Maintenance,Closed,,False,0.19166666666666668,4.493611111111111,22.045277777777777,4.819444444444445,0.0,31.55,31.55,31.55,72,2026-08-31 09:42:26,1.0,False,False,,False,Friday,2026-08-24,,True,False
TKT-100677,2026-08-28 11:36:32,2026-08-28 11:43:00,2026-08-30 19:22:55,2026-08-31 17:41:55,2026-08-31 17:41:55,0,False,2026-08-31 10:00:00,2026-08-29 11:43:00,Hostel & Maintenance,Hostel & Maintenance,2026-08-30 19:22:55,4.639166666666667,2,1,STU25785,portal,Medium,False,Hostel & Maintenance,Closed,3.0,False,0.10777777777777778,55.665277777777774,0.0,17.6775,0.0,78.08972222222222,73.45055555555555,73.45055555555555,72,2026-08-31 11:36:32,0.0,True,True,70.39111111111112,False,Friday,2026-08-24,,True,False
TKT-100678,2026-08-28 12:30:09,2026-08-28 15:43:35,2026-08-28 18:44:42,2026-08-29 18:04:48,2026-08-29 18:04:48,0,False,,,IT Support,IT Support,2026-08-28 18:44:42,5.699722222222222,0,1,STU24360,email,Medium,False,IT Support,Closed,,True,3.223888888888889,3.018611111111111,0.0,17.63527777777778,0.0,29.5775,23.87777777777778,23.87777777777778,72,2026-08-31 12:30:09,1.0,False,False,,False,Friday,2026-08-24,,True,False
TKT-100679,2026-08-28 10:29:41,2026-08-28 10:38:47,2026-08-28 10:55:03,2026-08-31 12:56:59,2026-08-31 12:56:59,0,False,2026-08-31 10:00:00,,Academics & Exams,Academics & Exams,2026-08-28 10:55:03,0.0,0,1,STU24624,portal,Medium,False,Academics & Exams,Closed,3.0,False,0.15166666666666667,0.27111111111111114,0.0,74.03222222222222,0.0,74.455,74.455,74.455,72,2026-08-31 10:29:41,0.0,True,False,71.50527777777778,False,Friday,2026-08-24,,True,False
TKT-100680,2026-08-28 15:26:31,2026-08-28 17:45:19,2026-08-31 18:11:23,2026-09-07 09:00:00,2026-09-07 09:00:00,0,False,2026-08-31 10:00:00,2026-08-29 17:45:19,Fees & Finance,Fees & Finance,2026-08-31 18:11:23,26.971944444444443,6,1,STU24998,email,Medium,False,Fees & Finance,Closed,3.0,True,2.3133333333333335,72.43444444444444,0.0,131.83833333333334,0.0,233.55805555555557,206.58611111111114,206.58611111111114,72,2026-08-31 15:26:31,0.0,True,True,66.55805555555555,False,Friday,2026-08-24,,True,False
TKT-100681,2026-08-28 20:53:14,2026-08-28 20:55:32,2026-08-31 00:51:10,2026-09-01 15:13:07,2026-09-01 15:13:07,0,False,2026-08-31 10:00:00,2026-08-29 20:55:32,Fees & Finance,Fees & Finance,2026-08-31 00:51:10,0.0,5,1,STU25187,portal,Low,False,Fees & Finance,Closed,,False,0.03833333333333333,51.92722222222222,0.0,38.365833333333335,0.0,90.3313888888889,90.3313888888889,90.3313888888889,120,2026-09-02 20:53:14,1.0,True,True,61.11277777777778,False,Friday,2026-08-24,,True,False
TKT-100682,2026-08-28 14:26:17,2026-08-28 14:33:12,2026-08-28 16:01:17,2026-09-02 09:00:00,2026-09-07 09:33:03,0,True,2026-08-31 10:00:00,,Academics & Exams,Academics & Exams,2026-08-28 16:01:17,0.0,11,1,STU24265,portal,Medium,False,Academics & Exams,Closed,,False,0.11527777777777778,1.4680555555555554,0.0,112.9786111111111,120.55083333333333,235.11277777777778,235.11277777777778,114.56194444444445,72,2026-08-31 14:26:17,0.0,True,False,67.56194444444445,False,Friday,2026-08-24,,True,False
TKT-100683,2026-08-28 10:19:11,2026-08-28 12:45:49,2026-08-28 13:05:39,2026-08-29 14:42:30,2026-08-29 14:42:30,0,False,,,IT Support,IT Support,2026-08-28 13:05:39,0.0,0,1,STU24113,email,Medium,True,IT Support,Closed,,True,2.443888888888889,0.33055555555555555,0.0,25.614166666666666,0.0,28.38861111111111,28.38861111111111,28.38861111111111,72,2026-08-31 10:19:11,1.0,False,False,,False,Friday,2026-08-24,,True,False
TKT-100684,2026-08-28 10:03:29,2026-08-28 10:10:17,2026-08-28 19:01:49,2026-08-31 10:27:02,2026-08-31 10:27:02,0,False,2026-08-31 10:00:00,,Hostel & Maintenance,Hostel & Maintenance,2026-08-28 19:01:49,3.9547222222222222,2,1,STU25451,portal,High,False,Hostel & Maintenance,Closed,,False,0.11333333333333333,8.858888888888888,0.0,59.465555555555554,0.0,72.3925,68.43777777777778,68.43777777777778,24,2026-08-29 10:03:29,0.0,True,False,71.94194444444445,True,Friday,2026-08-24,,True,False
TKT-100685,2026-08-29 17:16:59,2026-08-29 17:31:45,2026-08-31 04:34:09,2026-09-01 12:52:56,2026-09-01 12:52:56,0,False,2026-09-01 10:00:00,2026-08-30 17:31:45,Fees & Finance,Fees & Finance,2026-08-31 04:34:09,0.0,1,1,STU25155,portal,Medium,False,Fees & Finance,Closed,,False,0.2461111111111111,35.04,0.0,32.31305555555556,0.0,67.59916666666666,67.59916666666666,67.59916666666666,72,2026-09-01 17:16:59,1.0,True,True,64.71694444444445,False,Saturday,2026-08-24,,True,False
TKT-100686,2026-08-29 20:50:44,2026-08-31 09:00:29,2026-09-01 10:59:08,2026-09-02 08:00:00,2026-09-02 08:00:00,0,False,2026-09-01 10:00:00,2026-09-01 09:00:29,Hostel & Maintenance,Hostel & Maintenance,2026-09-01 10:59:08,0.0,4,1,STU24015,portal,Low,False,Hostel & Maintenance,Closed,,True,36.1625,25.9775,0.0,21.014444444444443,0.0,83.15444444444445,83.15444444444445,83.15444444444445,120,2026-09-03 20:50:44,1.0,True,True,61.154444444444444,False,Saturday,2026-08-24,,True,False
TKT-100687,2026-08-29 21:51:47,2026-08-29 22:03:44,2026-08-31 07:16:16,2026-09-03 09:00:00,2026-09-03 09:00:00,0,False,2026-09-01 10:00:00,2026-08-30 22:03:44,Academics & Exams,Academics & Exams,2026-08-31 07:16:16,0.0,5,1,STU24934,portal,Medium,False,Academics & Exams,Closed,4.0,False,0.19916666666666666,33.208888888888886,0.0,73.72888888888889,0.0,107.13694444444444,107.13694444444444,107.13694444444444,72,2026-09-01 21:51:47,0.0,True,True,60.136944444444445,False,Saturday,2026-08-24,,True,False
TKT-100688,2026-08-29 10:22:29,2026-08-29 17:34:54,2026-09-01 02:29:24,2026-09-01 13:56:55,2026-09-01 13:56:55,0,False,2026-09-01 10:00:00,2026-08-30 17:34:54,Academics & Exams,Academics & Exams,2026-09-01 02:29:24,0.0,2,1,STU25157,email,Medium,True,Academics & Exams,Closed,,True,7.206944444444445,56.90833333333333,0.0,11.45861111111111,0.0,75.57388888888889,75.57388888888889,75.57388888888889,72,2026-09-01 10:22:29,0.0,True,True,71.62527777777778,False,Saturday,2026-08-24,,True,False
TKT-100689,2026-08-29 18:47:08,2026-08-31 13:58:02,2026-08-31 18:15:16,2026-09-01 11:57:01,2026-09-01 11:57:01,0,False,2026-09-01 10:00:00,,IT Support,IT Support,2026-08-31 18:15:16,0.0,2,1,STU24119,email,Medium,True,IT Support,Closed,,True,43.181666666666665,4.287222222222222,0.0,17.695833333333333,0.0,65.16472222222222,65.16472222222222,65.16472222222222,72,2026-09-01 18:47:08,1.0,True,False,63.214444444444446,False,Saturday,2026-08-24,,True,False
TKT-100690,2026-08-29 17:42:58,2026-08-29 17:48:14,2026-08-31 05:53:05,2026-08-31 10:57:03,2026-08-31 10:57:03,0,False,,2026-08-30 17:48:14,IT Support,IT Support,2026-08-31 05:53:05,0.0,0,1,STU24468,portal,High,False,IT Support,Closed,,False,0.08777777777777777,36.08083333333333,0.0,5.066111111111111,0.0,41.234722222222224,41.234722222222224,41.234722222222224,24,2026-08-30 17:42:58,0.0,False,True,,False,Saturday,2026-08-24,,True,False
TKT-100691,2026-08-29 19:20:52,2026-08-29 19:25:11,2026-08-31 22:07:15,2026-09-07 09:00:00,2026-09-07 09:00:00,0,False,2026-09-01 10:00:00,2026-08-30 19:25:11,Academics & Exams,Academics & Exams,2026-08-31 22:07:15,0.0,4,1,STU25346,portal,High,False,Academics & Exams,Closed,4.0,False,0.07194444444444445,50.70111111111111,0.0,154.87916666666666,0.0,205.65222222222224,205.65222222222224,205.65222222222224,24,2026-08-30 19:20:52,0.0,True,True,62.65222222222222,True,Saturday,2026-08-24,,True,False
TKT-100692,2026-08-29 10:51:00,2026-08-29 10:59:55,2026-08-29 13:14:43,2026-08-31 12:57:37,2026-08-31 12:57:37,0,False,,,IT Support,IT Support,2026-08-29 13:14:43,4.386111111111111,1,1,STU24233,portal,Low,False,IT Support,Closed,5.0,False,0.1486111111111111,2.2466666666666666,0.0,43.32888888888889,0.0,50.110277777777775,45.72416666666666,45.72416666666666,120,2026-09-03 10:51:00,1.0,False,False,,False,Saturday,2026-08-24,,True,False
TKT-100693,2026-08-29 10:13:35,2026-08-29 10:20:59,2026-08-29 12:05:25,2026-08-29 17:12:33,2026-08-29 17:12:33,0,False,,,IT Support,IT Support,2026-08-29 12:05:25,0.0,0,1,STU24540,portal,Medium,False,IT Support,Closed,,False,0.12333333333333334,1.7405555555555556,0.0,5.118888888888889,0.0,6.982777777777778,6.982777777777778,6.982777777777778,72,2026-09-01 10:13:35,1.0,False,False,,False,Saturday,2026-08-24,,True,False
TKT-100694,2026-08-29 17:22:28,2026-08-29 17:24:06,2026-08-29 18:27:05,2026-08-31 10:57:05,2026-08-31 10:57:05,0,False,,,IT Support,IT Support,2026-08-29 18:27:05,9.475833333333334,5,1,STU24088,portal,High,False,IT Support,Closed,,False,0.02722222222222222,1.0497222222222222,0.0,31.024166666666666,0.0,41.57694444444444,32.10111111111111,32.10111111111111,24,2026-08-30 17:22:28,0.0,False,False,,False,Saturday,2026-08-24,,True,False
TKT-100695,2026-08-30 14:22:09,2026-08-30 14:29:19,2026-09-01 10:12:14,2026-09-04 08:00:00,2026-09-07 09:40:10,0,True,2026-09-02 10:00:00,2026-08-31 14:29:19,Hostel & Maintenance,Hostel & Maintenance,2026-09-01 10:12:14,0.0,8,1,STU25409,portal,Medium,False,Hostel & Maintenance,Closed,3.0,False,0.11944444444444445,43.71527777777778,0.0,69.79611111111112,73.66944444444445,187.30027777777778,187.30027777777778,113.63083333333333,72,2026-09-02 14:22:09,0.0,True,True,67.63083333333333,False,Sunday,2026-08-24,,True,False
TKT-100696,2026-08-30 19:18:44,2026-08-30 19:33:40,2026-08-31 08:01:26,2026-09-01 09:44:53,2026-09-01 09:44:53,0,False,,,IT Support,IT Support,2026-08-31 08:01:26,13.798333333333334,2,1,STU24008,portal,Medium,False,IT Support,Closed,5.0,False,0.24888888888888888,12.462777777777777,0.0,11.925833333333332,0.0,38.435833333333335,24.637500000000003,24.637500000000003,72,2026-09-02 19:18:44,1.0,False,False,,False,Sunday,2026-08-24,,True,False
TKT-100697,2026-08-30 16:17:36,2026-08-31 09:41:28,2026-08-31 16:05:38,2026-09-01 09:08:30,2026-09-01 09:08:30,0,False,,,Library,Library,2026-08-31 16:05:38,0.0,1,1,STU25468,email,Medium,False,Library,Closed,,True,17.397777777777776,6.402777777777778,0.0,17.047777777777778,0.0,40.848333333333336,40.848333333333336,40.848333333333336,72,2026-09-02 16:17:36,1.0,False,False,,False,Sunday,2026-08-24,,True,False
TKT-100698,2026-08-30 14:26:41,2026-08-30 14:34:01,2026-08-31 09:24:43,2026-08-31 11:41:10,2026-08-31 11:41:10,0,False,,,IT Support,IT Support,2026-08-31 09:24:43,0.0,1,1,STU25548,portal,High,False,IT Support,Closed,,False,0.12222222222222222,18.845,0.0,2.2741666666666664,0.0,21.24138888888889,21.24138888888889,21.24138888888889,24,2026-08-31 14:26:41,1.0,False,False,,False,Sunday,2026-08-24,,True,False
TKT-100699,2026-08-30 19:49:32,2026-08-31 11:54:04,2026-08-31 17:50:55,2026-09-03 08:00:00,2026-09-03 08:00:00,1,False,2026-09-02 10:00:00,,IT Support,Hostel & Maintenance,2026-09-01 09:22:57,0.0,6,2,STU25271,email,Medium,True,IT Support,Closed,,True,16.075555555555557,5.9475,15.533888888888889,46.6175,0.0,84.17444444444445,84.17444444444445,84.17444444444445,72,2026-09-02 19:49:32,0.0,True,False,62.17444444444445,False,Sunday,2026-08-24,,True,False
TKT-100700,2026-08-30 16:15:02,2026-08-31 09:39:38,2026-08-31 10:27:42,2026-09-01 12:31:22,2026-09-01 12:31:22,0,False,,,Academics & Exams,Academics & Exams,2026-08-31 10:27:42,0.0,0,1,STU25247,email,Medium,False,Academics & Exams,Closed,,True,17.41,0.8011111111111111,0.0,26.06111111111111,0.0,44.272222222222226,44.272222222222226,44.272222222222226,72,2026-09-02 16:15:02,1.0,False,False,,False,Sunday,2026-08-24,,True,False
TKT-100701,2026-08-30 11:36:04,2026-08-30 11:47:16,2026-08-31 10:07:50,2026-08-31 12:00:05,2026-08-31 12:00:05,0,False,,,Library,Library,2026-08-31 10:07:50,0.0,1,1,STU24923,portal,Low,False,Library,Closed,3.0,False,0.18666666666666668,22.342777777777776,0.0,1.8708333333333333,0.0,24.400277777777777,24.400277777777777,24.400277777777777,120,2026-09-04 11:36:04,1.0,False,False,,False,Sunday,2026-08-24,,True,False
TKT-100702,2026-08-30 08:22:06,2026-08-30 08:28:28,2026-08-31 12:52:21,2026-09-02 09:00:00,2026-09-02 09:00:00,0,False,2026-09-01 10:00:00,2026-08-31 08:28:28,Library,Library,2026-08-31 12:52:21,37.77611111111111,1,1,STU25257,portal,Low,False,Library,Closed,,False,0.10611111111111111,28.398055555555555,0.0,6.351388888888884,0.0,72.63166666666666,34.85555555555555,34.85555555555555,120,2026-09-04 08:22:06,1.0,True,True,49.63166666666667,False,Sunday,2026-08-24,,True,False
TKT-100703,2026-08-30 09:40:34,2026-08-30 09:50:53,2026-08-31 10:12:38,2026-09-01 11:11:05,2026-09-01 11:11:05,0,False,2026-09-01 10:00:00,2026-08-31 09:50:53,Academics & Exams,Academics & Exams,2026-08-31 10:12:38,0.0,1,1,STU25550,portal,Low,False,Academics & Exams,Closed,,False,0.17194444444444446,24.3625,0.0,24.974166666666665,0.0,49.50861111111111,49.50861111111111,49.50861111111111,120,2026-09-04 09:40:34,1.0,True,True,48.32388888888889,False,Sunday,2026-08-24,,True,False
TKT-100704,2026-08-30 08:03:50,2026-08-31 13:15:08,2026-09-04 07:09:36,2026-09-05 08:00:00,2026-09-05 08:00:00,1,False,2026-09-01 10:00:00,2026-09-01 13:15:08,Hostel & Maintenance,IT Support,2026-09-04 12:00:19,0.0,4,2,STU25588,email,Low,False,Hostel & Maintenance,Closed,3.0,True,29.188333333333333,89.90777777777778,4.845277777777778,19.994722222222222,0.0,143.9361111111111,143.9361111111111,143.9361111111111,120,2026-09-04 08:03:50,0.0,True,True,49.93611111111111,False,Sunday,2026-08-24,,True,False
TKT-100705,2026-08-30 14:48:48,2026-08-30 14:53:31,2026-08-31 14:01:33,2026-09-01 12:00:13,2026-09-01 12:00:13,0,False,,,Academics & Exams,Academics & Exams,2026-08-31 14:01:33,0.0,2,1,STU25758,portal,Medium,False,Academics & Exams,Closed,5.0,False,0.07861111111111112,23.13388888888889,0.0,21.977777777777778,0.0,45.19027777777778,45.19027777777778,45.19027777777778,72,2026-09-02 14:48:48,1.0,False,False,,False,Sunday,2026-08-24,,True,False
TKT-100706,2026-08-30 15:37:07,2026-08-31 12:40:03,2026-09-01 10:35:24,2026-09-02 10:44:17,2026-09-02 10:44:17,0,False,2026-09-02 10:00:00,,Academics & Exams,Academics & Exams,2026-09-01 10:35:24,0.0,1,1,STU24445,email,Medium,False,Academics & Exams,Closed,,True,21.04888888888889,21.9225,0.0,24.148055555555555,0.0,67.11944444444444,67.11944444444444,67.11944444444444,72,2026-09-02 15:37:07,1.0,True,False,66.38138888888889,False,Sunday,2026-08-24,,True,False
TKT-100707,2026-08-30 19:32:01,2026-08-31 09:14:35,2026-08-31 15:40:12,2026-09-02 15:33:14,2026-09-02 15:33:14,0,False,2026-09-02 10:00:00,,IT Support,IT Support,2026-08-31 15:40:12,0.0,3,1,STU25182,email,High,False,IT Support,Closed,2.0,True,13.709444444444445,6.426944444444445,0.0,47.88388888888889,0.0,68.02027777777778,68.02027777777778,68.02027777777778,24,2026-08-31 19:32:01,0.0,True,False,62.466388888888886,True,Sunday,2026-08-24,,True,False
TKT-100708,2026-08-30 10:28:36,2026-08-31 09:20:26,2026-08-31 09:24:59,2026-09-02 12:11:31,2026-09-02 12:11:31,0,False,2026-09-02 10:00:00,,IT Support,IT Support,2026-08-31 09:24:59,0.0,3,1,STU25796,email,Medium,True,IT Support,Closed,,True,22.863888888888887,0.07583333333333334,0.0,50.775555555555556,0.0,73.71527777777777,73.71527777777777,73.71527777777777,72,2026-09-02 10:28:36,0.0,True,False,71.52333333333333,False,Sunday,2026-08-24,,True,False
TKT-100709,2026-08-30 23:14:24,2026-08-30 23:18:03,2026-08-31 11:10:13,2026-09-01 19:06:05,2026-09-01 19:06:05,1,False,,,Academics & Exams,IT Support,2026-08-31 12:55:02,13.668055555555556,2,2,STU25277,portal,Low,False,Academics & Exams,Closed,4.0,False,0.060833333333333336,11.869444444444444,1.7469444444444444,16.51611111111111,0.0,43.86138888888889,30.193333333333335,30.193333333333335,120,2026-09-04 23:14:24,1.0,False,False,,False,Sunday,2026-08-24,,True,False
TKT-100710,2026-08-31 19:12:55,2026-08-31 19:25:22,2026-09-01 10:26:26,2026-09-02 09:21:51,2026-09-02 09:21:51,0,False,,,Library,Library,2026-09-01 10:26:26,0.0,0,1,STU25334,portal,Medium,False,Library,Closed,,False,0.2075,15.017777777777777,0.0,22.92361111111111,0.0,38.14888888888889,38.14888888888889,38.14888888888889,72,2026-09-03 19:12:55,1.0,False,False,,False,Monday,2026-08-31,,True,False
TKT-100711,2026-08-31 11:09:09,2026-08-31 12:06:51,2026-08-31 12:25:42,2026-08-31 15:51:55,2026-08-31 15:51:55,0,False,,,IT Support,IT Support,2026-08-31 12:25:42,0.0,0,1,STU24326,email,Medium,True,IT Support,Closed,,True,0.9616666666666667,0.31416666666666665,0.0,3.4369444444444444,0.0,4.712777777777778,4.712777777777778,4.712777777777778,72,2026-09-03 11:09:09,1.0,False,False,,False,Monday,2026-08-31,,True,False
TKT-100712,2026-08-31 17:18:51,2026-08-31 17:32:16,2026-08-31 18:18:32,2026-09-02 12:46:57,2026-09-02 12:46:57,0,False,,,IT Support,IT Support,2026-08-31 18:18:32,15.998055555555556,1,1,STU24505,portal,High,False,IT Support,Closed,3.0,False,0.22361111111111112,0.7711111111111111,0.0,26.475555555555555,0.0,43.468333333333334,27.470277777777778,27.470277777777778,24,2026-09-01 17:18:51,0.0,False,False,,False,Monday,2026-08-31,,True,False
TKT-100713,2026-08-31 18:36:10,2026-09-01 10:19:55,2026-09-02 10:55:19,2026-09-07 09:00:00,2026-09-07 09:00:00,1,False,2026-09-03 10:00:00,2026-09-02 10:19:55,Hostel & Maintenance,Fees & Finance,2026-09-02 12:23:51,0.0,8,2,STU24774,email,Medium,False,Hostel & Maintenance,Closed,,True,15.729166666666666,24.59,1.4755555555555555,116.6025,0.0,158.3972222222222,158.3972222222222,158.3972222222222,72,2026-09-03 18:36:10,0.0,True,True,63.397222222222226,False,Monday,2026-08-31,,True,False
TKT-100714,2026-08-31 20:50:19,2026-08-31 20:53:03,2026-09-01 12:37:46,2026-09-01 16:12:27,2026-09-01 16:12:27,0,False,,,Academics & Exams,Academics & Exams,2026-09-01 12:37:46,0.0,0,1,STU25610,portal,High,False,Academics & Exams,Closed,,False,0.04555555555555556,15.745277777777778,0.0,3.5780555555555558,0.0,19.36888888888889,19.36888888888889,19.36888888888889,24,2026-09-01 20:50:19,1.0,False,False,,False,Monday,2026-08-31,,True,False
TKT-100715,2026-08-31 19:36:26,2026-08-31 19:41:53,2026-08-31 19:53:37,2026-09-01 13:07:53,2026-09-01 13:07:53,0,False,,,Hostel & Maintenance,Hostel & Maintenance,2026-08-31 19:53:37,0.0,0,1,STU24511,portal,Medium,False,Hostel & Maintenance,Closed,,False,0.09083333333333334,0.19555555555555557,0.0,17.23777777777778,0.0,17.524166666666666,17.524166666666666,17.524166666666666,72,2026-09-03 19:36:26,1.0,False,False,,False,Monday,2026-08-31,,True,False
TKT-100716,2026-08-31 16:11:35,2026-08-31 16:23:47,2026-09-01 11:18:34,2026-09-02 12:27:29,2026-09-02 12:27:29,0,False,,,Fees & Finance,Fees & Finance,2026-09-01 11:18:34,6.341944444444445,0,1,STU24288,walk_in,Medium,False,Fees & Finance,Closed,,False,0.20333333333333334,18.913055555555555,0.0,18.80666666666667,0.0,44.265,37.92305555555556,37.92305555555556,72,2026-09-03 16:11:35,1.0,False,False,,False,Monday,2026-08-31,,True,False
TKT-100717,2026-08-31 07:16:59,2026-08-31 07:19:40,2026-08-31 09:02:47,2026-09-01 09:02:00,2026-09-01 09:02:00,0,False,,,IT Support,IT Support,2026-08-31 09:02:47,0.0,0,1,STU25271,portal,Medium,False,IT Support,Closed,,False,0.04472222222222222,1.718611111111111,0.0,23.986944444444443,0.0,25.75027777777778,25.75027777777778,25.75027777777778,72,2026-09-03 07:16:59,1.0,False,False,,False,Monday,2026-08-31,,True,False
TKT-100718,2026-08-31 20:46:25,2026-08-31 20:49:49,2026-09-01 09:12:31,2026-09-02 10:58:36,2026-09-03 16:47:17,0,True,,,Academics & Exams,Academics & Exams,2026-09-01 09:12:31,0.0,1,1,STU24681,portal,Medium,False,Academics & Exams,Closed,,False,0.056666666666666664,12.378333333333334,0.0,25.768055555555556,29.81138888888889,68.01444444444445,68.01444444444445,38.20305555555556,72,2026-09-03 20:46:25,1.0,False,False,,False,Monday,2026-08-31,,True,False
TKT-100719,2026-08-31 17:46:04,2026-08-31 17:59:43,2026-09-01 12:20:35,2026-09-02 19:36:47,2026-09-02 19:36:47,0,False,,,IT Support,IT Support,2026-09-01 12:20:35,11.173333333333334,1,1,STU24779,portal,Medium,False,IT Support,Closed,4.0,False,0.2275,18.34777777777778,0.0,20.096666666666664,0.0,49.84527777777778,38.67194444444445,38.67194444444445,72,2026-09-03 17:46:04,1.0,False,False,,False,Monday,2026-08-31,,True,False
TKT-100720,2026-08-31 15:25:36,2026-08-31 16:54:18,2026-09-01 11:57:29,2026-09-07 09:00:00,2026-09-07 09:00:00,0,False,2026-09-03 10:00:00,,Fees & Finance,Fees & Finance,2026-09-01 11:57:29,0.0,4,1,STU24648,email,Medium,True,Fees & Finance,Closed,3.0,True,1.4783333333333333,19.053055555555556,0.0,141.04194444444445,0.0,161.57333333333332,161.57333333333332,161.57333333333332,72,2026-09-03 15:25:36,0.0,True,False,66.57333333333334,False,Monday,2026-08-31,,True,False
TKT-100721,2026-08-31 11:42:10,2026-08-31 14:28:42,2026-09-01 11:27:11,2026-09-03 13:32:02,2026-09-03 13:32:02,1,False,2026-09-03 10:00:00,,Academics & Exams,Library,2026-09-02 15:46:14,0.0,5,2,STU25446,portal,Medium,False,Unknown,Closed,,True,2.7755555555555556,20.974722222222223,28.3175,21.763333333333332,0.0,73.83111111111111,73.83111111111111,73.83111111111111,72,2026-09-03 11:42:10,0.0,True,False,70.29722222222222,False,Monday,2026-08-31,,True,False
TKT-100722,2026-08-31 13:37:30,2026-08-31 13:51:07,2026-08-31 15:36:18,2026-08-31 17:52:31,2026-08-31 17:52:31,0,False,,,IT Support,IT Support,2026-08-31 15:36:18,0.0,0,1,STU25028,portal,Medium,False,IT Support,Closed,,False,0.22694444444444445,1.7530555555555556,0.0,2.270277777777778,0.0,4.250277777777778,4.250277777777778,4.250277777777778,72,2026-09-03 13:37:30,1.0,False,False,,False,Monday,2026-08-31,,True,False
TKT-100723,2026-08-31 20:48:29,2026-08-31 20:57:37,2026-09-01 16:24:59,2026-09-03 10:30:35,2026-09-03 10:30:35,0,False,2026-09-03 10:00:00,,Academics & Exams,Academics & Exams,2026-09-01 16:24:59,5.83,0,1,STU24213,portal,Low,False,Academics & Exams,Closed,,False,0.15222222222222223,19.45611111111111,0.0,36.263333333333335,0.0,61.70166666666667,55.87166666666667,55.87166666666667,120,2026-09-05 20:48:29,1.0,True,False,61.191944444444445,False,Monday,2026-08-31,,True,False
TKT-100724,2026-08-31 09:34:44,2026-08-31 09:40:03,2026-08-31 10:45:13,2026-09-01 10:07:23,2026-09-01 10:07:23,0,False,,,IT Support,IT Support,2026-08-31 10:45:13,8.346111111111112,0,1,STU25749,portal,Medium,False,IT Support,Closed,,False,0.08861111111111111,1.086111111111111,0.0,15.023333333333332,0.0,24.544166666666666,16.198055555555555,16.198055555555555,72,2026-09-03 09:34:44,1.0,False,False,,False,Monday,2026-08-31,,True,False
TKT-100725,2026-08-31 20:08:40,2026-08-31 20:22:58,2026-09-01 16:34:18,2026-09-03 11:28:33,2026-09-03 11:28:33,0,False,2026-09-03 10:00:00,,Hostel & Maintenance,Hostel & Maintenance,2026-09-01 16:34:18,0.0,2,1,STU24460,portal,Medium,False,Hostel & Maintenance,Closed,4.0,False,0.23833333333333334,20.18888888888889,0.0,42.90416666666667,0.0,63.33138888888889,63.33138888888889,63.33138888888889,72,2026-09-03 20:08:40,1.0,True,False,61.855555555555554,False,Monday,2026-08-31,,True,False
TKT-100726,2026-08-31 20:19:04,2026-08-31 20:32:16,2026-09-02 06:55:26,2026-09-02 16:44:04,2026-09-02 16:44:04,0,False,,2026-09-01 20:32:16,Library,Library,2026-09-02 06:55:26,2.341666666666667,3,1,STU24858,portal,Low,False,Library,Closed,,False,0.22,34.38611111111111,0.0,7.468888888888889,0.0,44.416666666666664,42.074999999999996,42.074999999999996,120,2026-09-05 20:19:04,1.0,False,True,,False,Monday,2026-08-31,,True,False
TKT-100727,2026-08-31 14:25:05,2026-08-31 14:30:48,2026-08-31 14:50:53,2026-09-03 10:19:01,2026-09-05 19:31:36,0,True,2026-09-03 10:00:00,,Hostel & Maintenance,Hostel & Maintenance,2026-08-31 14:50:53,0.0,6,1,STU24907,portal,Low,False,Hostel & Maintenance,Closed,,False,0.09527777777777778,0.3347222222222222,0.0,67.46888888888888,57.209722222222226,125.10861111111112,125.10861111111112,67.89888888888889,120,2026-09-05 14:25:05,0.0,True,False,67.58194444444445,False,Monday,2026-08-31,,True,False
TKT-100728,2026-08-31 11:41:30,2026-08-31 11:55:07,2026-09-02 22:22:09,2026-09-07 09:00:00,2026-09-07 09:00:00,0,False,2026-09-03 10:00:00,2026-09-01 11:55:07,Fees & Finance,Fees & Finance,2026-09-02 22:22:09,0.0,5,1,STU25715,portal,Medium,False,Fees & Finance,Closed,,False,0.22694444444444445,58.45055555555555,0.0,106.63083333333333,0.0,165.30833333333334,165.30833333333334,165.30833333333334,72,2026-09-03 11:41:30,0.0,True,True,70.30833333333334,False,Monday,2026-08-31,,True,False
TKT-100729,2026-08-31 17:27:34,2026-08-31 17:40:36,2026-09-02 21:25:05,2026-09-04 08:00:00,2026-09-04 08:00:00,0,False,2026-09-03 10:00:00,2026-09-01 17:40:36,Hostel & Maintenance,Hostel & Maintenance,2026-09-02 21:25:05,0.0,3,1,STU25441,portal,High,False,Hostel & Maintenance,Closed,,False,0.21722222222222223,51.74138888888889,0.0,34.581944444444446,0.0,86.54055555555556,86.54055555555556,86.54055555555556,24,2026-09-01 17:27:34,0.0,True,True,64.54055555555556,True,Monday,2026-08-31,,True,False
TKT-100730,2026-08-31 16:40:13,2026-08-31 16:48:16,2026-08-31 16:53:23,2026-08-31 17:18:27,2026-08-31 17:18:27,0,False,,,IT Support,IT Support,2026-08-31 16:53:23,0.0,0,1,STU24307,portal,Low,False,IT Support,Closed,,False,0.13416666666666666,0.08527777777777777,0.0,0.4177777777777778,0.0,0.6372222222222222,0.6372222222222222,0.6372222222222222,120,2026-09-05 16:40:13,1.0,False,False,,False,Monday,2026-08-31,,True,False
TKT-100731,2026-08-31 16:56:52,2026-08-31 17:02:43,2026-09-01 13:58:02,2026-09-02 12:30:28,2026-09-02 12:30:28,0,False,,,Academics & Exams,Academics & Exams,2026-09-01 13:58:02,0.0,2,1,STU24529,portal,High,False,Academics & Exams,Closed,3.0,False,0.0975,20.921944444444446,0.0,22.540555555555557,0.0,43.56,43.56,43.56,24,2026-09-01 16:56:52,0.0,False,False,,False,Monday,2026-08-31,,True,False
TKT-100732,2026-08-31 12:51:00,2026-08-31 13:00:29,2026-08-31 15:14:03,2026-09-01 12:28:25,2026-09-01 12:28:25,0,False,,,IT Support,IT Support,2026-08-31 15:14:03,4.789444444444444,1,1,STU25076,walk_in,High,False,IT Support,Closed,4.0,False,0.15805555555555556,2.226111111111111,0.0,16.45,0.0,23.62361111111111,18.834166666666665,18.834166666666665,24,2026-09-01 12:51:00,1.0,False,False,,False,Monday,2026-08-31,,True,False
TKT-100733,2026-08-31 17:38:59,2026-08-31 17:48:42,2026-09-01 13:58:43,2026-09-02 12:09:30,2026-09-03 13:08:23,0,True,,,Academics & Exams,Academics & Exams,2026-09-01 13:58:43,0.0,0,1,STU24482,portal,High,False,Academics & Exams,Closed,,False,0.16194444444444445,20.166944444444443,0.0,22.17972222222222,24.98138888888889,67.49,67.49,42.50861111111111,24,2026-09-01 17:38:59,0.0,False,False,,False,Monday,2026-08-31,,True,False
TKT-100734,2026-08-31 11:01:32,2026-08-31 11:12:03,2026-08-31 14:18:19,2026-08-31 17:58:51,2026-08-31 17:58:51,0,False,,,IT Support,IT Support,2026-08-31 14:18:19,0.0,0,1,STU25191,portal,Medium,False,IT Support,Closed,5.0,False,0.17527777777777778,3.1044444444444443,0.0,3.6755555555555555,0.0,6.955277777777778,6.955277777777778,6.955277777777778,72,2026-09-03 11:01:32,1.0,False,False,,False,Monday,2026-08-31,,True,False
TKT-100735,2026-08-31 18:29:44,2026-09-01 09:59:13,2026-09-01 18:41:50,2026-09-05 08:00:00,2026-09-05 08:00:00,0,False,2026-09-03 10:00:00,,Hostel & Maintenance,Hostel & Maintenance,2026-09-01 18:41:50,0.0,6,1,STU24959,portal,Medium,False,Unknown,Closed,3.0,True,15.491388888888888,8.710277777777778,0.0,85.30277777777778,0.0,109.50444444444445,109.50444444444445,109.50444444444445,72,2026-09-03 18:29:44,0.0,True,False,63.504444444444445,False,Monday,2026-08-31,,True,False
TKT-100736,2026-08-31 10:03:59,2026-08-31 10:18:15,2026-08-31 10:32:54,2026-09-02 08:32:51,2026-09-02 08:32:51,0,False,,,IT Support,IT Support,2026-08-31 10:32:54,31.470555555555556,1,1,STU24080,walk_in,Medium,False,IT Support,Closed,5.0,False,0.23777777777777778,0.24416666666666667,0.0,14.528611111111111,0.0,46.48111111111111,15.010555555555555,15.010555555555555,72,2026-09-03 10:03:59,1.0,False,False,,False,Monday,2026-08-31,,True,False
TKT-100737,2026-08-31 16:45:29,2026-08-31 16:56:47,2026-09-01 09:34:25,2026-09-01 13:29:00,2026-09-01 13:29:00,0,False,,,IT Support,IT Support,2026-09-01 09:34:25,1.351388888888889,1,1,STU25616,portal,Medium,False,IT Support,Closed,,False,0.18833333333333332,16.627222222222223,0.0,2.5583333333333336,0.0,20.725277777777777,19.37388888888889,19.37388888888889,72,2026-09-03 16:45:29,1.0,False,False,,False,Monday,2026-08-31,,True,False
TKT-100738,2026-08-31 09:49:05,2026-08-31 10:53:26,2026-08-31 11:37:01,2026-09-01 12:12:45,2026-09-01 12:12:45,0,False,,,IT Support,IT Support,2026-08-31 11:37:01,12.283888888888889,2,1,STU24984,email,Medium,False,IT Support,Closed,,True,1.0725,0.7263888888888889,0.0,12.311666666666667,0.0,26.394444444444446,14.110555555555557,14.110555555555557,72,2026-09-03 09:49:05,1.0,False,False,,False,Monday,2026-08-31,,True,False
TKT-100739,2026-08-31 17:03:40,2026-08-31 17:53:31,2026-09-01 10:10:36,2026-09-01 18:51:31,2026-09-01 18:51:31,1,False,,,Library,IT Support,2026-09-01 15:15:29,0.0,1,2,STU25436,email,High,False,Library,Closed,,True,0.8308333333333333,16.28472222222222,5.081388888888889,3.6005555555555557,0.0,25.7975,25.7975,25.7975,24,2026-09-01 17:03:40,0.0,False,False,,False,Monday,2026-08-31,,True,False
TKT-100740,2026-09-01 08:54:21,2026-09-01 09:04:00,2026-09-01 14:40:28,2026-09-04 09:00:00,2026-09-04 09:00:00,1,False,2026-09-03 10:00:00,,IT Support,Fees & Finance,2026-09-03 11:48:10,0.0,0,2,STU24589,portal,High,False,IT Support,Closed,,False,0.16083333333333333,5.607777777777778,45.12833333333333,21.197222222222223,0.0,72.09416666666667,72.09416666666667,72.09416666666667,24,2026-09-02 08:54:21,0.0,True,False,49.094166666666666,True,Tuesday,2026-08-31,,True,False
TKT-100741,2026-09-01 18:51:03,2026-09-02 14:26:18,2026-09-03 09:41:40,2026-09-03 12:20:18,2026-09-03 12:20:18,0,False,,,Library,Library,2026-09-03 09:41:40,0.0,3,1,STU25271,email,Medium,True,Library,Closed,,True,19.5875,19.25611111111111,0.0,2.6438888888888887,0.0,41.4875,41.4875,41.4875,72,2026-09-04 18:51:03,1.0,False,False,,False,Tuesday,2026-08-31,,True,False
TKT-100742,2026-09-01 16:13:14,2026-09-01 16:25:33,2026-09-02 11:30:19,2026-09-03 13:42:32,2026-09-03 13:42:32,0,False,,,Fees & Finance,Fees & Finance,2026-09-02 11:30:19,0.0,0,1,STU24163,portal,Low,False,Fees & Finance,Closed,5.0,False,0.20527777777777778,19.079444444444444,0.0,26.203611111111112,0.0,45.48833333333334,45.48833333333334,45.48833333333334,120,2026-09-06 16:13:14,1.0,False,False,,False,Tuesday,2026-08-31,,True,False
TKT-100743,2026-09-01 13:51:50,2026-09-01 13:54:32,2026-09-02 10:58:50,2026-09-03 11:36:26,2026-09-03 11:36:26,0,False,,,Library,Library,2026-09-02 10:58:50,3.261111111111111,0,1,STU25470,portal,Medium,False,Library,Closed,,False,0.045,21.071666666666665,0.0,21.365555555555552,0.0,45.74333333333333,42.48222222222222,42.48222222222222,72,2026-09-04 13:51:50,1.0,False,False,,False,Tuesday,2026-08-31,,True,False
TKT-100744,2026-09-01 17:08:56,2026-09-02 12:21:04,2026-09-02 12:22:11,2026-09-02 14:37:27,2026-09-02 14:37:27,0,False,,,IT Support,IT Support,2026-09-02 12:22:11,0.0,0,1,STU24908,email,Medium,True,IT Support,Closed,4.0,True,19.202222222222222,0.01861111111111111,0.0,2.2544444444444443,0.0,21.475277777777777,21.475277777777777,21.475277777777777,72,2026-09-04 17:08:56,1.0,False,False,,False,Tuesday,2026-08-31,,True,False
TKT-100745,2026-09-01 08:20:04,2026-09-01 08:32:44,2026-09-02 11:03:52,2026-09-04 09:00:00,2026-09-04 09:00:00,0,False,2026-09-03 10:00:00,2026-09-02 08:32:44,Fees & Finance,Fees & Finance,2026-09-02 11:03:52,0.0,2,1,STU24979,portal,Medium,False,Fees & Finance,Closed,4.0,False,0.2111111111111111,26.51888888888889,0.0,45.93555555555555,0.0,72.66555555555556,72.66555555555556,72.66555555555556,72,2026-09-04 08:20:04,0.0,True,True,49.66555555555556,False,Tuesday,2026-08-31,,True,False
TKT-100746,2026-09-01 09:20:56,2026-09-01 09:24:52,2026-09-02 09:45:37,,,0,False,,2026-09-02 09:24:52,Fees & Finance,Fees & Finance,2026-09-02 09:45:37,0.0,2,1,STU25071,portal,Low,False,Fees & Finance,Closed - No Response,,False,0.06555555555555556,24.345833333333335,0.0,,,,,,120,2026-09-06 09:20:56,,False,True,,False,Tuesday,2026-08-31,closed - student never replied,False,False
TKT-100747,2026-09-01 21:42:37,2026-09-02 11:36:47,2026-09-03 14:47:25,2026-09-04 14:46:44,2026-09-04 14:46:44,0,False,2026-09-04 10:00:00,2026-09-03 11:36:47,Hostel & Maintenance,Hostel & Maintenance,2026-09-03 14:47:25,11.669444444444444,0,1,STU24441,portal,Medium,False,Hostel & Maintenance,Closed,5.0,True,13.902777777777779,27.177222222222223,0.0,12.319166666666668,0.0,65.06861111111111,53.399166666666666,53.399166666666666,72,2026-09-04 21:42:37,1.0,True,True,60.289722222222224,False,Tuesday,2026-08-31,,True,False
TKT-100748,2026-09-01 09:06:37,2026-09-01 09:18:42,2026-09-02 09:35:33,2026-09-07 15:07:24,2026-09-07 15:07:24,0,False,2026-09-03 10:00:00,2026-09-02 09:18:42,Hostel & Maintenance,Hostel & Maintenance,2026-09-02 09:35:33,0.0,4,1,STU25650,portal,Medium,False,Hostel & Maintenance,Closed,3.0,False,0.2013888888888889,24.280833333333334,0.0,125.53083333333333,0.0,150.01305555555555,150.01305555555555,150.01305555555555,72,2026-09-04 09:06:37,0.0,True,True,48.889722222222225,False,Tuesday,2026-08-31,,True,False
TKT-100749,2026-09-01 11:03:43,2026-09-01 11:08:41,2026-09-01 17:33:14,2026-09-02 09:47:20,2026-09-02 09:47:20,0,False,,,IT Support,IT Support,2026-09-01 17:33:14,11.526666666666667,0,1,STU25462,portal,Low,False,IT Support,Closed,5.0,False,0.08277777777777778,6.409166666666667,0.0,4.708333333333332,0.0,22.726944444444445,11.200277777777778,11.200277777777778,120,2026-09-06 11:03:43,1.0,False,False,,False,Tuesday,2026-08-31,,True,False
TKT-100750,2026-09-01 11:39:53,2026-09-01 11:42:46,2026-09-02 11:30:42,2026-09-15 09:00:00,2026-09-15 09:00:00,0,False,2026-09-04 10:00:00,,Academics & Exams,Academics & Exams,2026-09-02 11:30:42,0.0,11,1,STU24660,portal,Medium,False,Academics & Exams,Closed,2.0,False,0.04805555555555555,23.79888888888889,0.0,309.48833333333334,0.0,333.3352777777778,333.3352777777778,333.3352777777778,72,2026-09-04 11:39:53,0.0,True,False,70.33527777777778,False,Tuesday,2026-08-31,,True,False
TKT-100751,2026-09-01 21:37:41,2026-09-02 09:00:29,2026-09-03 12:13:54,2026-09-07 09:00:00,2026-09-07 09:00:00,0,False,2026-09-04 10:00:00,2026-09-03 09:00:29,Fees & Finance,Fees & Finance,2026-09-03 12:13:54,13.34388888888889,5,1,STU24216,email,Medium,False,Fees & Finance,Closed,3.0,True,11.38,27.22361111111111,0.0,79.42444444444445,0.0,131.37194444444444,118.02805555555555,118.02805555555555,72,2026-09-04 21:37:41,0.0,True,True,60.371944444444445,False,Tuesday,2026-08-31,,True,False
TKT-100752,2026-09-01 16:03:53,2026-09-01 16:05:12,2026-09-02 10:35:24,2026-09-03 12:04:55,2026-09-03 12:04:55,0,False,,,Hostel & Maintenance,Hostel & Maintenance,2026-09-02 10:35:24,0.0,0,1,STU25421,portal,Low,False,Hostel & Maintenance,Closed,,False,0.021944444444444444,18.503333333333334,0.0,25.491944444444446,0.0,44.01722222222222,44.01722222222222,44.01722222222222,120,2026-09-06 16:03:53,1.0,False,False,,False,Tuesday,2026-08-31,,True,False
TKT-100753,2026-09-01 10:45:06,2026-09-01 10:47:05,2026-09-02 12:25:10,2026-09-04 11:29:59,2026-09-04 11:29:59,0,False,2026-09-04 10:00:00,2026-09-02 10:47:05,Academics & Exams,Academics & Exams,2026-09-02 12:25:10,0.0,6,1,STU24801,portal,Low,False,Academics & Exams,Closed,,False,0.03305555555555555,25.634722222222223,0.0,47.08027777777778,0.0,72.74805555555555,72.74805555555555,72.74805555555555,120,2026-09-06 10:45:06,1.0,True,True,71.24833333333333,False,Tuesday,2026-08-31,,True,False
TKT-100754,2026-09-01 22:47:18,2026-09-02 12:21:14,2026-09-04 03:52:40,2026-09-07 09:00:00,2026-09-07 09:00:00,0,False,2026-09-04 10:00:00,2026-09-03 12:21:14,Academics & Exams,Academics & Exams,2026-09-04 03:52:40,0.0,6,1,STU24862,email,Medium,False,Academics & Exams,Closed,,True,13.565555555555555,39.52388888888889,0.0,77.12222222222222,0.0,130.21166666666667,130.21166666666667,130.21166666666667,72,2026-09-04 22:47:18,0.0,True,True,59.211666666666666,False,Tuesday,2026-08-31,,True,False
TKT-100755,2026-09-01 18:57:43,2026-09-01 19:12:24,2026-09-02 08:37:19,2026-09-05 08:00:00,2026-09-05 08:00:00,0,False,2026-09-04 10:00:00,,IT Support,IT Support,2026-09-02 08:37:19,3.078888888888889,1,1,STU24758,portal,High,False,IT Support,Closed,5.0,False,0.24472222222222223,13.415277777777778,0.0,68.29916666666668,0.0,85.03805555555556,81.95916666666668,81.95916666666668,24,2026-09-02 18:57:43,0.0,True,False,63.03805555555556,True,Tuesday,2026-08-31,,True,False
TKT-100756,2026-09-01 10:34:57,2026-09-01 12:53:31,2026-09-02 12:28:20,2026-09-02 14:42:39,2026-09-03 17:57:27,0,True,,,Library,Library,2026-09-02 12:28:20,0.0,1,1,STU24976,email,Low,False,Library,Closed,,True,2.3094444444444444,23.580277777777777,0.0,2.238611111111111,27.246666666666666,55.375,55.375,28.128333333333334,120,2026-09-06 10:34:57,1.0,False,False,,False,Tuesday,2026-08-31,,True,False
TKT-100757,2026-09-01 14:09:47,2026-09-01 14:11:32,2026-09-01 15:43:06,2026-09-03 10:21:30,2026-09-05 19:00:15,0,True,,,Hostel & Maintenance,Hostel & Maintenance,2026-09-01 15:43:06,0.0,3,1,STU25371,portal,Medium,False,Hostel & Maintenance,Closed,2.0,False,0.029166666666666667,1.5261111111111112,0.0,42.64,56.645833333333336,100.8411111111111,100.8411111111111,44.195277777777775,72,2026-09-04 14:09:47,0.0,False,False,,False,Tuesday,2026-08-31,,True,False
TKT-100758,2026-09-01 18:39:39,2026-09-01 18:52:16,2026-09-02 10:46:34,2026-09-03 18:49:25,2026-09-04 11:59:35,1,True,,,Academics & Exams,IT Support,2026-09-03 15:27:08,0.0,1,2,STU25235,portal,Low,False,Academics & Exams,Closed,,False,0.21027777777777779,15.905,28.676111111111112,3.3713888888888888,17.169444444444444,65.33222222222223,65.33222222222223,48.16277777777778,120,2026-09-06 18:39:39,1.0,False,False,,False,Tuesday,2026-08-31,,True,False
TKT-100759,2026-09-01 09:46:22,2026-09-01 09:49:34,2026-09-01 10:23:50,,,0,False,,,IT Support,IT Support,2026-09-01 10:23:50,0.0,2,1,STU24474,portal,High,False,IT Support,Closed - No Response,,False,0.05333333333333334,0.5711111111111111,0.0,,,,,,24,2026-09-02 09:46:22,,False,False,,False,Tuesday,2026-08-31,closed - student never replied,False,False
TKT-100760,2026-09-01 16:06:29,2026-09-01 16:33:03,2026-09-02 10:05:43,2026-09-03 15:55:19,2026-09-03 15:55:19,1,False,,,Academics & Exams,Hostel & Maintenance,2026-09-02 15:50:49,0.0,1,2,STU25017,email,Medium,False,Academics & Exams,Closed,,False,0.44277777777777777,17.544444444444444,5.751666666666667,24.075,0.0,47.81388888888889,47.81388888888889,47.81388888888889,72,2026-09-04 16:06:29,1.0,False,False,,False,Tuesday,2026-08-31,,True,False
TKT-100761,2026-09-01 11:21:29,2026-09-01 16:23:02,2026-09-03 08:59:14,,,0,False,,2026-09-02 16:23:02,Library,Library,2026-09-03 08:59:14,0.0,7,1,STU24357,email,Medium,False,Library,Closed - No Response,,True,5.025833333333333,40.60333333333333,0.0,,,,,,72,2026-09-04 11:21:29,,False,True,,False,Tuesday,2026-08-31,closed - student never replied,False,False
TKT-100762,2026-09-01 16:20:18,2026-09-01 16:28:42,2026-09-01 16:44:14,2026-09-04 14:04:36,2026-09-04 14:04:36,0,False,2026-09-04 10:00:00,,Academics & Exams,Academics & Exams,2026-09-01 16:44:14,0.0,3,1,STU24036,portal,Low,False,Academics & Exams,Closed,,False,0.14,0.2588888888888889,0.0,69.33944444444444,0.0,69.73833333333333,69.73833333333333,69.73833333333333,120,2026-09-06 16:20:18,1.0,True,False,65.66166666666666,False,Tuesday,2026-08-31,,True,False
TKT-100763,2026-09-01 12:01:27,2026-09-01 12:42:42,2026-09-01 15:18:37,2026-09-01 19:24:28,2026-09-03 10:16:53,0,True,,,IT Support,IT Support,2026-09-01 15:18:37,0.0,3,1,STU25791,walk_in,Low,False,IT Support,Closed,,True,0.6875,2.598611111111111,0.0,4.0975,38.87361111111111,46.257222222222225,46.257222222222225,7.383611111111111,120,2026-09-06 12:01:27,1.0,False,False,,False,Tuesday,2026-08-31,,True,False
TKT-100764,2026-09-02 22:59:11,2026-09-02 23:12:15,2026-09-03 11:50:57,2026-09-09 09:00:00,2026-09-09 09:00:00,0,False,2026-09-07 10:00:00,,Fees & Finance,Fees & Finance,2026-09-03 11:50:57,0.0,9,1,STU25414,portal,Low,False,Fees & Finance,Closed,,False,0.21777777777777776,12.645,0.0,141.15083333333334,0.0,154.01361111111112,154.01361111111112,154.01361111111112,120,2026-09-07 22:59:11,0.0,True,False,107.01361111111112,False,Wednesday,2026-08-31,,True,False
TKT-100765,2026-09-02 23:09:07,2026-09-02 23:17:40,2026-09-03 10:30:08,2026-09-03 17:31:36,2026-09-03 17:31:36,0,False,,,IT Support,IT Support,2026-09-03 10:30:08,0.0,0,1,STU24095,portal,Medium,False,IT Support,Closed,,False,0.1425,11.207777777777778,0.0,7.024444444444445,0.0,18.37472222222222,18.37472222222222,18.37472222222222,72,2026-09-05 23:09:07,1.0,False,False,,False,Wednesday,2026-08-31,,True,False
TKT-100766,2026-09-02 11:28:49,2026-09-02 11:40:38,2026-09-02 16:01:12,2026-09-08 15:16:57,2026-09-08 15:16:57,0,False,2026-09-07 10:00:00,,Academics & Exams,Academics & Exams,2026-09-02 16:01:12,0.0,3,1,STU24553,portal,Medium,False,Academics & Exams,Closed,,False,0.19694444444444445,4.342777777777778,0.0,143.2625,0.0,147.8022222222222,147.8022222222222,147.8022222222222,72,2026-09-05 11:28:49,0.0,True,False,118.51972222222223,True,Wednesday,2026-08-31,,True,False
TKT-100767,2026-09-02 23:40:30,2026-09-03 10:05:13,2026-09-03 14:35:34,2026-09-08 09:00:00,2026-09-08 09:00:00,0,False,2026-09-07 10:00:00,,Fees & Finance,Fees & Finance,2026-09-03 14:35:34,7.973611111111111,3,1,STU25193,email,Medium,False,Fees & Finance,Closed,4.0,True,10.411944444444444,4.505833333333333,0.0,106.4336111111111,0.0,129.325,121.35138888888888,121.35138888888888,72,2026-09-05 23:40:30,0.0,True,False,106.325,True,Wednesday,2026-08-31,,True,False
TKT-100768,2026-09-02 19:04:53,2026-09-03 10:28:06,2026-09-04 11:13:50,2026-09-04 18:13:24,2026-09-04 18:13:24,0,False,,2026-09-04 10:28:06,Hostel & Maintenance,Hostel & Maintenance,2026-09-04 11:13:50,0.0,2,1,STU24534,email,Medium,False,Hostel & Maintenance,Closed,,True,15.386944444444444,24.76222222222222,0.0,6.9927777777777775,0.0,47.14194444444445,47.14194444444445,47.14194444444445,72,2026-09-05 19:04:53,1.0,False,True,,False,Wednesday,2026-08-31,,True,False
TKT-100769,2026-09-02 18:47:08,2026-09-03 11:06:08,2026-09-03 11:56:58,2026-09-03 16:10:28,2026-09-03 16:10:28,0,False,,,Hostel & Maintenance,Hostel & Maintenance,2026-09-03 11:56:58,0.0,0,1,STU24300,email,Medium,True,Hostel & Maintenance,Closed,,True,16.316666666666666,0.8472222222222222,0.0,4.225,0.0,21.38888888888889,21.38888888888889,21.38888888888889,72,2026-09-05 18:47:08,1.0,False,False,,False,Wednesday,2026-08-31,,True,False
TKT-100770,2026-09-02 16:06:57,2026-09-02 16:12:23,2026-09-03 12:55:16,2026-09-03 15:46:21,2026-09-03 15:46:21,0,False,,,IT Support,IT Support,2026-09-03 12:55:16,0.0,0,1,STU24388,portal,Medium,False,IT Support,Closed,5.0,False,0.09055555555555556,20.71472222222222,0.0,2.8513888888888888,0.0,23.656666666666666,23.656666666666666,23.656666666666666,72,2026-09-05 16:06:57,1.0,False,False,,False,Wednesday,2026-08-31,,True,False
TKT-100771,2026-09-02 14:54:50,2026-09-02 16:00:16,2026-09-03 10:31:42,2026-09-04 16:53:04,2026-09-04 16:53:04,0,False,,,Academics & Exams,Academics & Exams,2026-09-03 10:31:42,0.0,3,1,STU24999,email,Medium,True,Academics & Exams,Closed,4.0,True,1.0905555555555555,18.523888888888887,0.0,30.35611111111111,0.0,49.970555555555556,49.970555555555556,49.970555555555556,72,2026-09-05 14:54:50,1.0,False,False,,False,Wednesday,2026-08-31,,True,False
TKT-100772,2026-09-02 17:37:40,2026-09-03 10:22:31,2026-09-04 13:14:53,2026-09-09 09:00:00,2026-09-09 09:00:00,0,False,2026-09-07 10:00:00,2026-09-04 10:22:31,Fees & Finance,Fees & Finance,2026-09-04 13:14:53,10.641388888888889,3,1,STU25126,portal,Medium,False,Fees & Finance,Closed,3.0,True,16.7475,26.872777777777777,0.0,105.11055555555556,0.0,159.37222222222223,148.73083333333335,148.73083333333335,72,2026-09-05 17:37:40,0.0,True,True,112.37222222222222,True,Wednesday,2026-08-31,,True,False
TKT-100773,2026-09-02 12:22:18,2026-09-02 12:35:51,2026-09-03 14:15:28,2026-09-07 12:23:42,2026-09-07 12:23:42,0,False,2026-09-07 10:00:00,2026-09-03 12:35:51,Hostel & Maintenance,Hostel & Maintenance,2026-09-03 14:15:28,18.75,1,1,STU25792,portal,Medium,False,Hostel & Maintenance,Closed,,False,0.22583333333333333,25.66027777777778,0.0,75.38722222222222,0.0,120.02333333333333,101.27333333333333,101.27333333333333,72,2026-09-05 12:22:18,0.0,True,True,117.62833333333333,True,Wednesday,2026-08-31,,True,False
TKT-100774,2026-09-02 12:58:21,2026-09-03 10:40:53,2026-09-04 10:54:29,2026-09-09 09:00:00,2026-09-09 09:00:00,0,False,2026-09-07 10:00:00,2026-09-04 10:40:53,Fees & Finance,Fees & Finance,2026-09-04 10:54:29,0.0,2,1,STU25107,email,Medium,True,Fees & Finance,Closed,3.0,True,21.70888888888889,24.226666666666667,0.0,118.09194444444445,0.0,164.0275,164.0275,164.0275,72,2026-09-05 12:58:21,0.0,True,True,117.0275,True,Wednesday,2026-08-31,,True,False
TKT-100775,2026-09-02 20:02:41,2026-09-02 20:14:46,2026-09-04 07:01:17,2026-09-04 16:54:35,2026-09-07 15:53:28,0,True,,2026-09-03 20:14:46,Fees & Finance,Fees & Finance,2026-09-04 07:01:17,0.0,1,1,STU24602,portal,Medium,False,Fees & Finance,Closed,2.0,False,0.2013888888888889,34.77527777777778,0.0,9.888333333333334,70.98138888888889,115.8463888888889,115.8463888888889,44.865,72,2026-09-05 20:02:41,0.0,False,True,,False,Wednesday,2026-08-31,,True,False
TKT-100776,2026-09-03 14:39:07,2026-09-03 15:25:49,2026-09-04 12:23:00,2026-09-16 09:00:00,2026-09-16 09:00:00,0,False,2026-09-07 10:00:00,,Academics & Exams,Academics & Exams,2026-09-04 12:23:00,0.0,13,1,STU24635,email,Low,False,Academics & Exams,Closed,3.0,True,0.7783333333333333,20.953055555555554,0.0,284.6166666666667,0.0,306.34805555555556,306.34805555555556,306.34805555555556,120,2026-09-08 14:39:07,0.0,True,False,91.34805555555556,False,Thursday,2026-08-31,,True,False
TKT-100777,2026-09-03 22:56:06,2026-09-04 09:11:47,2026-09-04 17:02:34,2026-09-07 14:27:51,2026-09-07 14:27:51,0,False,2026-09-07 10:00:00,,Hostel & Maintenance,Hostel & Maintenance,2026-09-04 17:02:34,0.0,4,1,STU25074,portal,Low,False,Unknown,Closed,,True,10.261388888888888,7.846388888888889,0.0,69.42138888888888,0.0,87.52916666666667,87.52916666666667,87.52916666666667,120,2026-09-08 22:56:06,1.0,True,False,83.065,False,Thursday,2026-08-31,,True,False
TKT-100778,2026-09-03 10:09:48,2026-09-03 11:36:24,2026-09-04 10:06:15,2026-09-05 09:05:06,2026-09-05 09:05:06,0,False,,,Hostel & Maintenance,Hostel & Maintenance,2026-09-04 10:06:15,0.0,0,1,STU25243,email,Medium,True,Hostel & Maintenance,Closed,,True,1.4433333333333334,22.4975,0.0,22.980833333333333,0.0,46.92166666666667,46.92166666666667,46.92166666666667,72,2026-09-06 10:09:48,1.0,False,False,,False,Thursday,2026-08-31,,True,False
TKT-100779,2026-09-03 15:46:56,2026-09-03 15:52:08,2026-09-04 10:21:00,2026-09-04 12:41:31,2026-09-04 12:41:31,0,False,,,Hostel & Maintenance,Hostel & Maintenance,2026-09-04 10:21:00,0.0,0,1,STU24781,walk_in,Low,False,Hostel & Maintenance,Closed,,False,0.08666666666666667,18.48111111111111,0.0,2.3419444444444446,0.0,20.90972222222222,20.90972222222222,20.90972222222222,120,2026-09-08 15:46:56,1.0,False,False,,False,Thursday,2026-08-31,,True,False
TKT-100780,2026-09-03 09:15:18,2026-09-03 09:27:28,2026-09-03 15:18:53,2026-09-04 11:29:57,2026-09-07 08:31:09,0,True,,,Hostel & Maintenance,Hostel & Maintenance,2026-09-03 15:18:53,0.0,1,1,STU25657,portal,Medium,False,Hostel & Maintenance,Closed,2.0,False,0.20277777777777778,5.856944444444444,0.0,20.184444444444445,69.02,95.26416666666667,95.26416666666667,26.24416666666667,72,2026-09-06 09:15:18,0.0,False,False,,False,Thursday,2026-08-31,,True,False
TKT-100781,2026-09-03 13:48:52,2026-09-03 13:59:58,2026-09-03 14:53:31,2026-09-04 13:34:32,2026-09-05 17:59:13,0,True,,,IT Support,IT Support,2026-09-03 14:53:31,4.1561111111111115,1,1,STU25717,email,Low,False,IT Support,Closed,,False,0.185,0.8925,0.0,18.5275,28.41138888888889,52.1725,48.01638888888889,19.605,120,2026-09-08 13:48:52,1.0,False,False,,False,Thursday,2026-08-31,,True,False
TKT-100782,2026-09-03 14:26:42,2026-09-03 14:29:58,2026-09-03 17:30:42,2026-09-05 13:35:32,2026-09-07 15:05:39,0,True,,,Hostel & Maintenance,Hostel & Maintenance,2026-09-03 17:30:42,0.0,1,1,STU24928,portal,Medium,False,Hostel & Maintenance,Closed,2.0,False,0.05444444444444444,3.0122222222222224,0.0,44.080555555555556,49.50194444444445,96.64916666666667,96.64916666666667,47.147222222222226,72,2026-09-06 14:26:42,0.0,False,False,,False,Thursday,2026-08-31,,True,False
TKT-100783,2026-09-03 13:48:43,2026-09-04 10:02:23,2026-09-04 15:28:25,2026-09-04 19:56:54,2026-09-04 19:56:54,0,False,,,IT Support,IT Support,2026-09-04 15:28:25,0.0,0,1,STU24903,email,Medium,False,IT Support,Closed,,True,20.227777777777778,5.433888888888889,0.0,4.474722222222222,0.0,30.136388888888888,30.136388888888888,30.136388888888888,72,2026-09-06 13:48:43,1.0,False,False,,False,Thursday,2026-08-31,,True,False
TKT-100784,2026-09-03 15:20:09,2026-09-03 15:22:37,2026-09-04 15:15:25,2026-09-07 11:04:12,2026-09-07 11:04:12,0,False,2026-09-07 10:00:00,,Library,Library,2026-09-04 15:15:25,5.377222222222223,2,1,STU24134,portal,Low,False,Library,Closed,,False,0.04111111111111111,23.88,0.0,62.43583333333333,0.0,91.73416666666667,86.35694444444445,86.35694444444445,120,2026-09-08 15:20:09,1.0,True,False,90.66416666666667,False,Thursday,2026-08-31,,True,False
TKT-100785,2026-09-03 16:38:33,2026-09-03 16:39:43,2026-09-03 17:50:05,2026-09-04 09:48:31,2026-09-04 09:48:31,0,False,,,IT Support,IT Support,2026-09-03 17:50:05,0.0,1,1,STU24540,portal,Medium,False,IT Support,Closed,,False,0.019444444444444445,1.1727777777777777,0.0,15.973888888888888,0.0,17.16611111111111,17.16611111111111,17.16611111111111,72,2026-09-06 16:38:33,1.0,False,False,,False,Thursday,2026-08-31,,True,False
TKT-100786,2026-09-03 07:14:21,2026-09-03 07:22:40,2026-09-03 11:35:28,2026-09-08 08:00:00,2026-09-08 08:00:00,0,False,2026-09-07 10:00:00,,Hostel & Maintenance,Hostel & Maintenance,2026-09-03 11:35:28,20.669444444444444,4,1,STU24235,portal,Medium,False,Hostel & Maintenance,Closed,,False,0.1386111111111111,4.213333333333333,0.0,95.73944444444444,0.0,120.76083333333334,100.0913888888889,100.0913888888889,72,2026-09-06 07:14:21,0.0,True,False,98.76083333333334,True,Thursday,2026-08-31,,True,False
TKT-100787,2026-09-03 20:07:13,2026-09-03 20:11:36,2026-09-04 10:09:21,2026-09-05 14:52:12,2026-09-05 14:52:12,1,False,,,Library,Hostel & Maintenance,2026-09-04 12:33:19,0.0,2,2,STU25085,portal,Medium,False,Library,Closed,4.0,False,0.07305555555555555,13.9625,2.3994444444444443,26.314722222222223,0.0,42.749722222222225,42.749722222222225,42.749722222222225,72,2026-09-06 20:07:13,1.0,False,False,,False,Thursday,2026-08-31,,True,False
TKT-100788,2026-09-03 21:15:08,2026-09-03 21:26:58,2026-09-04 10:33:25,2026-09-07 11:13:41,2026-09-07 11:13:41,0,False,2026-09-07 10:00:00,,Academics & Exams,Academics & Exams,2026-09-04 10:33:25,0.0,5,1,STU24001,portal,Low,False,Academics & Exams,Closed,,False,0.19722222222222222,13.1075,0.0,72.67111111111112,0.0,85.97583333333333,85.97583333333333,85.97583333333333,120,2026-09-08 21:15:08,1.0,True,False,84.74777777777778,False,Thursday,2026-08-31,,True,False
TKT-100789,2026-09-03 16:35:55,2026-09-04 13:31:31,2026-09-04 15:03:20,2026-09-04 18:39:08,2026-09-04 18:39:08,0,False,,,IT Support,IT Support,2026-09-04 15:03:20,0.0,1,1,STU24546,email,Medium,True,IT Support,Closed,4.0,True,20.926666666666666,1.5302777777777778,0.0,3.5966666666666667,0.0,26.05361111111111,26.05361111111111,26.05361111111111,72,2026-09-06 16:35:55,1.0,False,False,,False,Thursday,2026-08-31,,True,False
TKT-100790,2026-09-03 11:24:47,2026-09-03 11:39:12,2026-09-03 13:30:40,2026-09-04 13:13:06,2026-09-04 13:13:06,0,False,,,Academics & Exams,Academics & Exams,2026-09-03 13:30:40,0.0,0,1,STU24544,portal,High,False,Academics & Exams,Closed,3.0,False,0.24027777777777778,1.8577777777777778,0.0,23.70722222222222,0.0,25.80527777777778,25.80527777777778,25.80527777777778,24,2026-09-04 11:24:47,0.0,False,False,,False,Thursday,2026-08-31,,True,False
TKT-100791,2026-09-03 12:16:01,2026-09-03 12:22:52,2026-09-04 14:26:14,2026-09-07 14:59:40,2026-09-07 14:59:40,0,False,2026-09-07 10:00:00,2026-09-04 12:22:52,Hostel & Maintenance,Hostel & Maintenance,2026-09-04 14:26:14,0.0,5,1,STU25266,portal,Medium,False,Hostel & Maintenance,Closed,,False,0.11416666666666667,26.05611111111111,0.0,72.55722222222222,0.0,98.7275,98.7275,98.7275,72,2026-09-06 12:16:01,0.0,True,True,93.73305555555555,True,Thursday,2026-08-31,,True,False
TKT-100792,2026-09-03 09:41:03,2026-09-03 09:43:24,2026-09-03 10:22:43,2026-09-05 10:24:52,2026-09-05 10:24:52,0,False,,,Library,Library,2026-09-03 10:22:43,0.0,1,1,STU25015,portal,Medium,False,Library,Closed,,False,0.03916666666666667,0.6552777777777777,0.0,48.035833333333336,0.0,48.73027777777778,48.73027777777778,48.73027777777778,72,2026-09-06 09:41:03,1.0,False,False,,False,Thursday,2026-08-31,,True,False
TKT-100793,2026-09-03 22:30:53,2026-09-03 22:36:00,2026-09-04 10:08:13,2026-09-04 12:36:34,2026-09-04 12:36:34,0,False,,,IT Support,IT Support,2026-09-04 10:08:13,0.0,1,1,STU25529,portal,Low,False,IT Support,Closed,4.0,False,0.08527777777777777,11.536944444444444,0.0,2.4725,0.0,14.094722222222222,14.094722222222222,14.094722222222222,120,2026-09-08 22:30:53,1.0,False,False,,False,Thursday,2026-08-31,,True,False
TKT-100794,2026-09-03 11:24:32,2026-09-03 11:35:01,2026-09-06 12:17:53,2026-09-08 09:00:00,2026-09-08 09:00:00,0,False,2026-09-07 10:00:00,2026-09-04 11:35:01,Academics & Exams,Academics & Exams,2026-09-06 12:17:53,0.0,2,1,STU24889,portal,High,False,Academics & Exams,Closed,4.0,False,0.17472222222222222,72.71444444444444,0.0,44.70194444444444,0.0,117.5911111111111,117.5911111111111,117.5911111111111,24,2026-09-04 11:24:32,0.0,True,True,94.5911111111111,True,Thursday,2026-08-31,,True,False
TKT-100795,2026-09-03 22:03:21,2026-09-04 09:13:02,2026-09-07 00:05:50,2026-09-10 09:00:00,2026-09-10 09:00:00,0,False,2026-09-07 10:00:00,2026-09-05 09:13:02,Academics & Exams,Academics & Exams,2026-09-07 00:05:50,0.0,7,1,STU25751,email,Medium,True,Academics & Exams,Closed,,True,11.161388888888888,62.88,0.0,80.90277777777777,0.0,154.94416666666666,154.94416666666666,154.94416666666666,72,2026-09-06 22:03:21,0.0,True,True,83.94416666666666,True,Thursday,2026-08-31,,True,False
TKT-100796,2026-09-04 14:33:49,2026-09-04 15:18:11,2026-09-04 16:46:18,2026-09-05 08:11:14,2026-09-05 08:11:14,0,False,,,IT Support,IT Support,2026-09-04 16:46:18,0.0,0,1,STU24171,email,Medium,False,IT Support,Closed,5.0,True,0.7394444444444445,1.468611111111111,0.0,15.415555555555555,0.0,17.62361111111111,17.62361111111111,17.62361111111111,72,2026-09-07 14:33:49,1.0,False,False,,False,Friday,2026-08-31,,True,False
TKT-100797,2026-09-04 16:52:10,2026-09-04 17:15:31,2026-09-04 19:17:58,2026-09-05 15:45:07,2026-09-05 15:45:07,0,False,,,IT Support,IT Support,2026-09-04 19:17:58,0.0,0,1,STU25054,email,Medium,True,IT Support,Closed,,False,0.38916666666666666,2.0408333333333335,0.0,20.4525,0.0,22.8825,22.8825,22.8825,72,2026-09-07 16:52:10,1.0,False,False,,False,Friday,2026-08-31,,True,False
TKT-100798,2026-09-04 12:02:19,2026-09-04 12:05:48,2026-09-05 11:19:43,2026-09-07 12:42:51,2026-09-07 12:42:51,0,False,2026-09-07 10:00:00,,Hostel & Maintenance,Hostel & Maintenance,2026-09-05 11:19:43,0.0,4,1,STU24657,walk_in,Medium,False,Hostel & Maintenance,Closed,,False,0.058055555555555555,23.231944444444444,0.0,49.385555555555555,0.0,72.67555555555556,72.67555555555556,72.67555555555556,72,2026-09-07 12:02:19,0.0,True,False,69.96138888888889,False,Friday,2026-08-31,,True,False
TKT-100799,2026-09-04 20:32:23,2026-09-05 09:45:47,2026-09-05 10:49:47,2026-09-07 10:35:58,2026-09-07 10:35:58,0,False,2026-09-07 10:00:00,,IT Support,IT Support,2026-09-05 10:49:47,0.0,0,1,STU25313,email,Medium,False,IT Support,Closed,,True,13.223333333333333,1.0666666666666667,0.0,47.76972222222222,0.0,62.05972222222222,62.05972222222222,62.05972222222222,72,2026-09-07 20:32:23,1.0,True,False,61.460277777777776,False,Friday,2026-08-31,,True,False
TKT-100800,2026-09-04 15:59:31,2026-09-04 16:06:13,2026-09-07 16:37:36,2026-09-14 08:00:00,2026-09-14 08:00:00,1,False,2026-09-07 10:00:00,2026-09-05 16:06:13,Academics & Exams,Hostel & Maintenance,2026-09-11 19:23:23,0.0,10,2,STU25520,portal,High,False,Academics & Exams,Closed,3.0,False,0.11166666666666666,72.52305555555556,98.76305555555555,60.610277777777775,0.0,232.00805555555556,232.00805555555556,232.00805555555556,24,2026-09-05 15:59:31,0.0,True,True,66.00805555555556,True,Friday,2026-08-31,,True,False
TKT-100801,2026-09-04 07:05:37,2026-09-04 10:35:17,2026-09-04 12:07:12,2026-09-07 11:15:11,2026-09-07 11:15:11,0,False,2026-09-07 10:00:00,,IT Support,IT Support,2026-09-04 12:07:12,58.56638888888889,5,1,STU25243,email,Medium,True,IT Support,Closed,5.0,True,3.4944444444444445,1.5319444444444446,0.0,12.56666666666667,0.0,76.15944444444445,17.59305555555556,17.59305555555556,72,2026-09-07 07:05:37,1.0,True,False,74.90638888888888,True,Friday,2026-08-31,,True,False
TKT-100802,2026-09-04 20:51:00,2026-09-05 10:31:57,2026-09-05 13:44:40,2026-09-07 11:02:15,2026-09-07 11:02:15,0,False,2026-09-07 10:00:00,,Hostel & Maintenance,Hostel & Maintenance,2026-09-05 13:44:40,28.319166666666668,2,1,STU24709,email,Low,False,Hostel & Maintenance,Closed,,True,13.6825,3.2119444444444443,0.0,16.973888888888887,0.0,62.1875,33.86833333333333,33.86833333333333,120,2026-09-09 20:51:00,1.0,True,False,61.15,False,Friday,2026-08-31,,True,False
TKT-100803,2026-09-04 16:26:10,2026-09-04 16:29:31,2026-09-06 21:47:24,2026-09-08 09:00:00,2026-09-08 09:00:00,1,False,2026-09-07 10:00:00,2026-09-05 16:29:31,Academics & Exams,Library,2026-09-07 16:48:50,4.494722222222222,1,2,STU24128,portal,Medium,False,Academics & Exams,Closed,,False,0.05583333333333333,53.29805555555556,19.023888888888887,11.691388888888888,0.0,88.56388888888888,84.06916666666666,84.06916666666666,72,2026-09-07 16:26:10,0.0,True,True,65.56388888888888,False,Friday,2026-08-31,,True,False
TKT-100804,2026-09-04 19:33:52,2026-09-04 19:42:25,2026-09-05 12:14:57,2026-09-05 16:21:26,2026-09-05 16:21:26,0,False,,,Library,Library,2026-09-05 12:14:57,0.0,2,1,STU24556,portal,Low,False,Library,Closed,,False,0.1425,16.54222222222222,0.0,4.108055555555556,0.0,20.79277777777778,20.79277777777778,20.79277777777778,120,2026-09-09 19:33:52,1.0,False,False,,False,Friday,2026-08-31,,True,False
TKT-100805,2026-09-04 14:15:30,2026-09-04 17:06:07,2026-09-06 23:38:21,2026-09-08 09:00:00,2026-09-08 09:00:00,0,False,2026-09-07 10:00:00,2026-09-05 17:06:07,Academics & Exams,Academics & Exams,2026-09-06 23:38:21,0.0,1,1,STU25577,email,Low,False,Academics & Exams,Closed,,True,2.843611111111111,54.53722222222222,0.0,33.36083333333333,0.0,90.74166666666666,90.74166666666666,90.74166666666666,120,2026-09-09 14:15:30,1.0,True,True,67.74166666666666,False,Friday,2026-08-31,,True,False
TKT-100806,2026-09-04 12:41:01,2026-09-04 12:47:31,2026-09-04 17:53:46,2026-09-04 18:52:27,2026-09-04 18:52:27,0,False,,,IT Support,IT Support,2026-09-04 17:53:46,0.0,0,1,STU25656,portal,High,False,IT Support,Closed,4.0,False,0.10833333333333334,5.104166666666667,0.0,0.9780555555555556,0.0,6.190555555555555,6.190555555555555,6.190555555555555,24,2026-09-05 12:41:01,1.0,False,False,,False,Friday,2026-08-31,,True,False
TKT-100807,2026-09-04 10:56:06,2026-09-04 11:16:29,2026-09-06 20:18:01,2026-09-14 09:00:00,2026-09-14 09:00:00,0,False,2026-09-07 10:00:00,2026-09-05 11:16:29,Fees & Finance,Fees & Finance,2026-09-06 20:18:01,0.0,12,1,STU24513,email,Medium,False,Fees & Finance,Closed,3.0,False,0.3397222222222222,57.025555555555556,0.0,180.69972222222222,0.0,238.065,238.065,238.065,72,2026-09-07 10:56:06,0.0,True,True,71.065,False,Friday,2026-08-31,,True,False
TKT-100808,2026-09-04 12:21:39,2026-09-04 12:34:46,2026-09-05 16:32:56,2026-09-08 08:00:00,2026-09-08 08:00:00,0,False,2026-09-07 10:00:00,2026-09-05 12:34:46,Hostel & Maintenance,Hostel & Maintenance,2026-09-05 16:32:56,0.0,3,1,STU25590,portal,Low,False,Hostel & Maintenance,Closed,,False,0.21861111111111112,27.969444444444445,0.0,63.45111111111111,0.0,91.63916666666667,91.63916666666667,91.63916666666667,120,2026-09-09 12:21:39,1.0,True,True,69.63916666666667,False,Friday,2026-08-31,,True,False
TKT-100809,2026-09-04 11:21:43,2026-09-04 13:22:18,2026-09-04 16:46:31,2026-09-05 09:49:20,2026-09-05 09:49:20,0,False,,,Hostel & Maintenance,Hostel & Maintenance,2026-09-04 16:46:31,0.0,0,1,STU24911,email,Medium,False,Hostel & Maintenance,Closed,,True,2.0097222222222224,3.403611111111111,0.0,17.046944444444446,0.0,22.460277777777776,22.460277777777776,22.460277777777776,72,2026-09-07 11:21:43,1.0,False,False,,False,Friday,2026-08-31,,True,False
TKT-100810,2026-09-04 15:31:07,2026-09-04 15:34:23,2026-09-04 15:56:55,2026-09-04 18:33:27,2026-09-04 18:33:27,0,False,,,IT Support,IT Support,2026-09-04 15:56:55,0.0,0,1,STU24932,portal,Low,False,IT Support,Closed,,False,0.05444444444444444,0.37555555555555553,0.0,2.608888888888889,0.0,3.0388888888888888,3.0388888888888888,3.0388888888888888,120,2026-09-09 15:31:07,1.0,False,False,,False,Friday,2026-08-31,,True,False
TKT-100811,2026-09-04 11:36:20,2026-09-04 12:03:27,2026-09-07 01:54:14,2026-09-08 08:00:00,2026-09-08 08:00:00,0,False,2026-09-07 10:00:00,2026-09-05 12:03:27,Hostel & Maintenance,Hostel & Maintenance,2026-09-07 01:54:14,0.0,2,1,STU25334,portal,Medium,False,Hostel & Maintenance,Closed,,False,0.4519444444444444,61.84638888888889,0.0,30.09611111111111,0.0,92.39444444444445,92.39444444444445,92.39444444444445,72,2026-09-07 11:36:20,0.0,True,True,70.39444444444445,False,Friday,2026-08-31,,True,False
TKT-100812,2026-09-04 20:24:27,2026-09-05 09:03:54,2026-09-05 14:24:24,2026-09-05 15:50:42,2026-09-05 15:50:42,0,False,,,Library,Library,2026-09-05 14:24:24,0.0,0,1,STU24689,email,Medium,True,Library,Closed,5.0,True,12.6575,5.341666666666667,0.0,1.4383333333333332,0.0,19.4375,19.4375,19.4375,72,2026-09-07 20:24:27,1.0,False,False,,False,Friday,2026-08-31,,True,False
TKT-100813,2026-09-04 20:10:59,2026-09-04 20:23:30,2026-09-05 09:04:08,2026-09-05 16:20:45,2026-09-05 16:20:45,0,False,,,IT Support,IT Support,2026-09-05 09:04:08,6.0475,1,1,STU24875,portal,Medium,False,IT Support,Closed,,False,0.2086111111111111,12.677222222222222,0.0,1.229444444444444,0.0,20.162777777777777,14.115277777777777,14.115277777777777,72,2026-09-07 20:10:59,1.0,False,False,,False,Friday,2026-08-31,,True,False
TKT-100814,2026-09-04 19:15:51,2026-09-05 10:58:50,2026-09-05 15:36:35,2026-09-08 08:00:00,2026-09-08 08:00:00,0,False,2026-09-07 10:00:00,,Hostel & Maintenance,Hostel & Maintenance,2026-09-05 15:36:35,0.0,1,1,STU25388,email,Medium,False,Hostel & Maintenance,Closed,,True,15.716388888888888,4.629166666666666,0.0,64.39027777777778,0.0,84.73583333333333,84.73583333333333,84.73583333333333,72,2026-09-07 19:15:51,0.0,True,False,62.73583333333333,False,Friday,2026-08-31,,True,False
TKT-100815,2026-09-04 10:13:34,2026-09-04 12:39:34,2026-09-07 13:18:51,2026-09-09 09:00:00,2026-09-09 09:00:00,0,False,2026-09-07 10:00:00,2026-09-05 12:39:34,Academics & Exams,Academics & Exams,2026-09-07 13:18:51,0.0,4,1,STU24937,email,Medium,False,Academics & Exams,Closed,3.0,True,2.433333333333333,72.65472222222222,0.0,43.685833333333335,0.0,118.77388888888889,118.77388888888889,118.77388888888889,72,2026-09-07 10:13:34,0.0,True,True,71.77388888888889,False,Friday,2026-08-31,,True,False
TKT-100816,2026-09-04 21:21:25,2026-09-05 09:32:39,2026-09-07 04:53:39,2026-09-07 13:35:40,2026-09-09 11:04:50,0,True,2026-09-07 10:00:00,2026-09-06 09:32:39,Academics & Exams,Academics & Exams,2026-09-07 04:53:39,0.0,8,1,STU24715,email,High,False,Academics & Exams,Closed,2.0,True,12.187222222222223,43.35,0.0,8.700277777777778,45.486111111111114,109.72361111111111,109.72361111111111,64.2375,24,2026-09-05 21:21:25,0.0,True,True,60.643055555555556,True,Friday,2026-08-31,,True,False
TKT-100817,2026-09-04 13:38:21,2026-09-04 13:45:08,2026-09-04 14:26:14,,,0,False,,,IT Support,IT Support,2026-09-04 14:26:14,0.0,3,1,STU24902,walk_in,Medium,False,IT Support,Closed - No Response,,False,0.11305555555555556,0.685,0.0,,,,,,72,2026-09-07 13:38:21,,False,False,,False,Friday,2026-08-31,closed - student never replied,False,False
TKT-100818,2026-09-04 19:59:53,2026-09-04 20:07:47,2026-09-07 01:10:34,2026-09-08 09:18:55,2026-09-08 09:18:55,1,False,2026-09-07 10:00:00,2026-09-05 20:07:47,Academics & Exams,IT Support,2026-09-07 15:11:47,16.180833333333332,2,2,STU24112,portal,Low,False,Academics & Exams,Closed,,False,0.13166666666666665,53.04638888888889,14.020277777777778,1.9380555555555574,0.0,85.31722222222223,69.13638888888889,69.13638888888889,120,2026-09-09 19:59:53,1.0,True,True,62.00194444444445,False,Friday,2026-08-31,,True,False
TKT-100819,2026-09-04 15:32:39,2026-09-04 15:40:45,2026-09-07 14:24:02,2026-09-10 09:00:00,2026-09-10 09:00:00,0,False,2026-09-07 10:00:00,2026-09-05 15:40:45,Academics & Exams,Academics & Exams,2026-09-07 14:24:02,0.0,3,1,STU25759,portal,Low,False,Academics & Exams,Closed,3.0,False,0.135,70.7213888888889,0.0,66.59944444444444,0.0,137.45583333333335,137.45583333333335,137.45583333333335,120,2026-09-09 15:32:39,0.0,True,True,66.45583333333333,False,Friday,2026-08-31,,True,False
TKT-100820,2026-09-04 14:17:02,2026-09-04 17:44:15,2026-09-05 09:54:22,2026-09-07 10:43:40,2026-09-07 10:43:40,0,False,2026-09-07 10:00:00,,Library,Library,2026-09-05 09:54:22,0.0,5,1,STU24990,email,Medium,False,Library,Closed,5.0,True,3.453611111111111,16.16861111111111,0.0,48.821666666666665,0.0,68.44388888888889,68.44388888888889,68.44388888888889,72,2026-09-07 14:17:02,1.0,True,False,67.7161111111111,False,Friday,2026-08-31,,True,False
TKT-100821,2026-09-04 20:26:19,2026-09-04 20:39:28,2026-09-05 09:45:56,2026-09-05 16:45:04,2026-09-05 16:45:04,0,False,,,IT Support,IT Support,2026-09-05 09:45:56,0.0,1,1,STU25702,portal,Low,False,IT Support,Closed,,False,0.21916666666666668,13.107777777777779,0.0,6.985555555555556,0.0,20.3125,20.3125,20.3125,120,2026-09-09 20:26:19,1.0,False,False,,False,Friday,2026-08-31,,True,False
TKT-100822,2026-09-04 19:06:56,2026-09-05 09:29:54,2026-09-05 11:18:46,2026-09-08 17:53:00,2026-09-08 17:53:00,0,False,2026-09-07 10:00:00,,Hostel & Maintenance,Hostel & Maintenance,2026-09-05 11:18:46,0.0,3,1,STU24237,email,Medium,False,Hostel & Maintenance,Closed,,True,14.382777777777777,1.8144444444444445,0.0,78.57055555555556,0.0,94.76777777777778,94.76777777777778,94.76777777777778,72,2026-09-07 19:06:56,0.0,True,False,62.88444444444445,False,Friday,2026-08-31,,True,False
TKT-100823,2026-09-05 14:54:30,2026-09-07 09:04:51,2026-09-07 10:40:56,2026-09-08 09:14:21,2026-09-08 09:14:21,1,False,,,Academics & Exams,Library,2026-09-07 13:21:34,0.0,2,2,STU24473,email,Medium,False,Academics & Exams,Closed,,True,42.1725,1.601388888888889,2.6772222222222224,19.879722222222224,0.0,66.33083333333333,66.33083333333333,66.33083333333333,72,2026-09-08 14:54:30,1.0,False,False,,False,Saturday,2026-08-31,,True,False
TKT-100824,2026-09-05 21:48:07,2026-09-05 22:02:34,2026-09-07 05:25:16,2026-09-07 12:27:23,2026-09-07 12:27:23,0,False,,2026-09-06 22:02:34,IT Support,IT Support,2026-09-07 05:25:16,0.0,1,1,STU24243,portal,Medium,False,IT Support,Closed,4.0,False,0.24083333333333334,31.378333333333334,0.0,7.035277777777778,0.0,38.654444444444444,38.654444444444444,38.654444444444444,72,2026-09-08 21:48:07,1.0,False,True,,False,Saturday,2026-08-31,,True,False
TKT-100825,2026-09-05 13:23:32,2026-09-05 13:26:38,2026-09-07 03:15:04,2026-09-08 09:06:54,2026-09-08 09:06:54,0,False,,2026-09-06 13:26:38,Academics & Exams,Academics & Exams,2026-09-07 03:15:04,0.0,2,1,STU24181,portal,Medium,False,Academics & Exams,Closed,,False,0.051666666666666666,37.80722222222222,0.0,29.863888888888887,0.0,67.72277777777778,67.72277777777778,67.72277777777778,72,2026-09-08 13:23:32,1.0,False,True,,False,Saturday,2026-08-31,,True,False
TKT-100826,2026-09-05 13:48:09,2026-09-05 13:50:43,2026-09-05 16:52:53,2026-09-07 15:49:52,2026-09-07 15:49:52,0,False,,,IT Support,IT Support,2026-09-05 16:52:53,0.0,1,1,STU24256,portal,Low,False,IT Support,Closed,4.0,False,0.042777777777777776,3.036111111111111,0.0,46.94972222222222,0.0,50.02861111111111,50.02861111111111,50.02861111111111,120,2026-09-10 13:48:09,1.0,False,False,,False,Saturday,2026-08-31,,True,False
TKT-100827,2026-09-05 10:59:37,2026-09-05 11:05:20,2026-09-05 11:54:57,2026-09-05 15:30:23,2026-09-05 15:30:23,0,False,,,IT Support,IT Support,2026-09-05 11:54:57,0.0,0,1,STU25622,portal,Medium,False,IT Support,Closed,4.0,False,0.09527777777777778,0.8269444444444445,0.0,3.5905555555555555,0.0,4.512777777777778,4.512777777777778,4.512777777777778,72,2026-09-08 10:59:37,1.0,False,False,,False,Saturday,2026-08-31,,True,False
TKT-100828,2026-09-05 14:25:45,2026-09-05 15:48:08,2026-09-05 16:59:14,,,0,False,,,Library,Library,2026-09-05 16:59:14,0.0,0,1,STU25478,email,Medium,True,Library,Closed - No Response,,True,1.3730555555555555,1.185,0.0,,,,,,72,2026-09-08 14:25:45,,False,False,,False,Saturday,2026-08-31,closed - student never replied,False,False
TKT-100829,2026-09-05 17:23:01,2026-09-05 17:29:53,2026-09-07 07:02:51,2026-09-07 09:30:38,2026-09-09 12:26:01,0,True,,2026-09-06 17:29:53,Library,Library,2026-09-07 07:02:51,0.0,5,1,STU25152,portal,Medium,False,Library,Closed,2.0,False,0.11444444444444445,37.54944444444445,0.0,2.4630555555555556,50.92305555555556,91.05,91.05,40.12694444444445,72,2026-09-08 17:23:01,0.0,False,True,,False,Saturday,2026-08-31,,True,False
TKT-100830,2026-09-05 07:28:22,2026-09-05 07:34:31,2026-09-07 06:23:24,2026-09-08 15:08:38,2026-09-08 15:08:38,0,False,2026-09-07 10:00:00,2026-09-06 07:34:31,Academics & Exams,Academics & Exams,2026-09-07 06:23:24,0.0,3,1,STU24054,portal,Medium,False,Academics & Exams,Closed,,False,0.1025,46.81472222222222,0.0,32.75388888888889,0.0,79.67111111111112,79.67111111111112,79.67111111111112,72,2026-09-08 07:28:22,0.0,True,True,50.52722222222222,False,Saturday,2026-08-31,,True,False
TKT-100831,2026-09-05 21:52:23,2026-09-05 21:58:03,2026-09-07 07:52:26,2026-09-07 08:34:40,2026-09-07 08:34:40,0,False,,2026-09-06 21:58:03,IT Support,IT Support,2026-09-07 07:52:26,0.0,0,1,STU24385,portal,High,False,IT Support,Closed,,False,0.09444444444444444,33.90638888888889,0.0,0.7038888888888889,0.0,34.70472222222222,34.70472222222222,34.70472222222222,24,2026-09-06 21:52:23,0.0,False,True,,False,Saturday,2026-08-31,,True,False
TKT-100832,2026-09-05 11:50:52,2026-09-05 12:02:42,2026-09-05 13:53:23,2026-09-07 09:19:02,2026-09-07 09:19:02,0,False,,,IT Support,IT Support,2026-09-05 13:53:23,0.0,2,1,STU25763,walk_in,Low,False,IT Support,Closed,5.0,False,0.19722222222222222,1.8447222222222222,0.0,43.4275,0.0,45.46944444444444,45.46944444444444,45.46944444444444,120,2026-09-10 11:50:52,1.0,False,False,,False,Saturday,2026-08-31,,True,False
TKT-100833,2026-09-05 17:20:44,2026-09-05 17:33:08,2026-09-08 18:06:20,2026-09-10 09:00:00,2026-09-10 09:00:00,2,False,2026-09-08 10:00:00,2026-09-06 17:33:08,Academics & Exams,Fees & Finance,2026-09-09 13:08:50,0.0,8,3,STU24730,portal,Low,False,Academics & Exams,Closed,,False,0.20666666666666667,72.55333333333333,19.041666666666668,19.852777777777778,0.0,111.65444444444445,111.65444444444445,111.65444444444445,120,2026-09-10 17:20:44,1.0,True,True,64.65444444444445,False,Saturday,2026-08-31,,True,False
TKT-100834,2026-09-06 18:18:06,2026-09-07 09:32:39,2026-09-07 16:28:39,2026-09-10 08:00:00,2026-09-10 08:00:00,2,False,2026-09-09 10:00:00,,Library,IT Support,2026-09-09 13:55:32,0.0,4,3,STU24220,email,Medium,True,Library,Closed,,True,15.2425,6.933333333333334,45.448055555555555,18.074444444444445,0.0,85.69833333333334,85.69833333333334,85.69833333333334,72,2026-09-09 18:18:06,0.0,True,False,63.69833333333333,False,Sunday,2026-08-31,,True,False
TKT-100835,2026-09-06 12:50:32,2026-09-06 13:02:48,2026-09-07 09:21:03,2026-09-08 16:58:10,2026-09-08 16:58:10,0,False,,,Academics & Exams,Academics & Exams,2026-09-07 09:21:03,0.0,1,1,STU24042,portal,Medium,False,Academics & Exams,Closed,,False,0.20444444444444446,20.304166666666667,0.0,31.61861111111111,0.0,52.12722222222222,52.12722222222222,52.12722222222222,72,2026-09-09 12:50:32,1.0,False,False,,False,Sunday,2026-08-31,,True,False
TKT-100836,2026-09-06 11:54:15,2026-09-06 12:03:26,2026-09-07 09:08:13,2026-09-07 17:47:57,2026-09-07 17:47:57,0,False,,,IT Support,IT Support,2026-09-07 09:08:13,0.0,3,1,STU24012,portal,Medium,False,IT Support,Closed,4.0,False,0.15305555555555556,21.079722222222223,0.0,8.662222222222223,0.0,29.895,29.895,29.895,72,2026-09-09 11:54:15,1.0,False,False,,False,Sunday,2026-08-31,,True,False
TKT-100837,2026-09-06 19:07:08,2026-09-07 10:30:12,2026-09-08 09:51:49,2026-09-09 11:25:20,2026-09-09 11:25:20,0,False,2026-09-09 10:00:00,,IT Support,IT Support,2026-09-08 09:51:49,0.0,1,1,STU25460,email,Low,False,IT Support,Closed,5.0,True,15.384444444444444,23.360277777777778,0.0,25.558611111111112,0.0,64.30333333333333,64.30333333333333,64.30333333333333,120,2026-09-11 19:07:08,1.0,True,False,62.88111111111111,False,Sunday,2026-08-31,,True,False
TKT-100838,2026-09-06 00:34:03,2026-09-07 10:12:25,2026-09-07 12:50:37,2026-09-10 09:00:00,2026-09-10 09:00:00,1,False,2026-09-08 10:00:00,,IT Support,Fees & Finance,2026-09-08 15:51:48,3.8075,2,2,STU24623,portal,High,False,IT Support,Closed,2.0,True,33.63944444444444,2.6366666666666667,27.01972222222222,37.329166666666666,0.0,104.4325,100.625,100.625,24,2026-09-07 00:34:03,0.0,True,False,57.4325,True,Sunday,2026-08-31,,True,False
TKT-100839,2026-09-06 11:09:33,2026-09-06 11:13:01,2026-09-07 13:19:26,2026-09-07 17:13:01,2026-09-07 17:13:01,0,False,,2026-09-07 11:13:01,IT Support,IT Support,2026-09-07 13:19:26,0.0,0,1,STU25188,portal,Medium,False,IT Support,Closed,,False,0.057777777777777775,26.106944444444444,0.0,3.8930555555555557,0.0,30.057777777777776,30.057777777777776,30.057777777777776,72,2026-09-09 11:09:33,1.0,False,True,,False,Sunday,2026-08-31,,True,False
TKT-100840,2026-09-06 16:16:34,2026-09-07 09:37:35,2026-09-07 13:15:25,2026-09-08 10:38:17,2026-09-08 10:38:17,0,False,,,IT Support,IT Support,2026-09-07 13:15:25,8.639722222222222,0,1,STU24483,email,High,False,IT Support,Closed,,True,17.350277777777777,3.6305555555555555,0.0,12.741388888888888,0.0,42.36194444444445,33.72222222222223,33.72222222222223,24,2026-09-07 16:16:34,0.0,False,False,,False,Sunday,2026-08-31,,True,False
TKT-100841,2026-09-06 17:31:28,2026-09-07 16:46:46,2026-09-08 12:46:14,2026-09-10 09:00:00,2026-09-10 09:00:00,1,False,2026-09-09 10:00:00,,Hostel & Maintenance,Academics & Exams,2026-09-09 12:57:13,0.0,4,2,STU25734,email,Medium,True,Hostel & Maintenance,Closed,4.0,True,23.255,19.99111111111111,24.183055555555555,20.046388888888888,0.0,87.47555555555556,87.47555555555556,87.47555555555556,72,2026-09-09 17:31:28,0.0,True,False,64.47555555555556,False,Sunday,2026-08-31,,True,False
TKT-100842,2026-09-06 12:37:39,2026-09-06 12:47:32,2026-09-07 11:40:08,2026-09-08 08:20:09,2026-09-08 08:20:09,1,False,,,Academics & Exams,IT Support,2026-09-07 13:45:48,0.0,1,2,STU25017,portal,Low,False,Academics & Exams,Closed,2.0,False,0.16472222222222221,22.876666666666665,2.0944444444444446,18.5725,0.0,43.708333333333336,43.708333333333336,43.708333333333336,120,2026-09-11 12:37:39,1.0,False,False,,False,Sunday,2026-08-31,,True,False
TKT-100843,2026-09-06 20:31:57,2026-09-07 10:03:59,2026-09-07 19:08:04,2026-09-09 10:38:18,2026-09-09 10:38:18,0,False,2026-09-09 10:00:00,,IT Support,IT Support,2026-09-07 19:08:04,24.618333333333332,4,1,STU25204,email,Medium,True,IT Support,Closed,,True,13.533888888888889,9.068055555555556,0.0,14.885555555555555,0.0,62.10583333333334,37.487500000000004,37.487500000000004,72,2026-09-09 20:31:57,1.0,True,False,61.4675,False,Sunday,2026-08-31,,True,False
TKT-100844,2026-09-06 20:45:16,2026-09-07 14:42:10,2026-09-08 11:08:18,2026-09-10 15:17:46,2026-09-10 15:17:46,0,False,2026-09-09 10:00:00,,Academics & Exams,Academics & Exams,2026-09-08 11:08:18,0.0,3,1,STU25794,portal,Medium,False,Unknown,Closed,3.0,True,17.948333333333334,20.435555555555556,0.0,52.15777777777778,0.0,90.54166666666667,90.54166666666667,90.54166666666667,72,2026-09-09 20:45:16,0.0,True,False,61.245555555555555,False,Sunday,2026-08-31,,True,False
TKT-100845,2026-09-06 20:59:08,2026-09-07 11:10:58,2026-09-07 14:18:37,2026-09-09 13:42:01,2026-09-09 13:42:01,0,False,2026-09-09 10:00:00,,Academics & Exams,Academics & Exams,2026-09-07 14:18:37,0.0,3,1,STU24538,email,Low,False,Academics & Exams,Closed,,True,14.197222222222223,3.1275,0.0,47.39,0.0,64.71472222222222,64.71472222222222,64.71472222222222,120,2026-09-11 20:59:08,1.0,True,False,61.01444444444444,False,Sunday,2026-08-31,,True,False
TKT-100846,2026-09-06 11:48:47,2026-09-06 12:02:12,2026-09-07 10:56:32,2026-09-08 16:23:39,2026-09-08 16:23:39,0,False,,,Fees & Finance,Fees & Finance,2026-09-07 10:56:32,0.0,1,1,STU24434,portal,Medium,False,Fees & Finance,Closed,,False,0.22361111111111112,22.905555555555555,0.0,29.451944444444443,0.0,52.58111111111111,52.58111111111111,52.58111111111111,72,2026-09-09 11:48:47,1.0,False,False,,False,Sunday,2026-08-31,,True,False
TKT-100847,2026-09-06 13:04:40,2026-09-06 13:19:00,2026-09-07 08:11:53,2026-09-08 09:21:50,2026-09-11 08:52:22,0,True,,,Hostel & Maintenance,Hostel & Maintenance,2026-09-07 08:11:53,0.0,4,1,STU24462,portal,Medium,False,Hostel & Maintenance,Closed,2.0,False,0.2388888888888889,18.88138888888889,0.0,25.16583333333333,71.50888888888889,115.795,115.795,44.28611111111111,72,2026-09-09 13:04:40,0.0,False,False,,False,Sunday,2026-08-31,,True,False
TKT-100848,2026-09-06 16:08:24,2026-09-07 10:53:15,2026-09-09 02:35:40,2026-09-14 09:00:00,2026-09-14 09:00:00,0,False,2026-09-09 10:00:00,2026-09-08 10:53:15,Academics & Exams,Academics & Exams,2026-09-09 02:35:40,0.0,4,1,STU24174,email,Medium,False,Academics & Exams,Closed,,True,18.7475,39.706944444444446,0.0,126.40555555555555,0.0,184.86,184.86,184.86,72,2026-09-09 16:08:24,0.0,True,True,65.86,False,Sunday,2026-08-31,,True,False
TKT-100849,2026-09-07 21:16:12,2026-09-07 21:23:14,2026-09-08 10:57:05,2026-09-11 09:00:00,2026-09-11 09:00:00,1,False,2026-09-10 10:00:00,,Hostel & Maintenance,Academics & Exams,2026-09-08 12:44:37,11.163055555555555,2,2,STU24973,portal,Low,False,Hostel & Maintenance,Closed,,False,0.11722222222222223,13.564166666666667,1.7922222222222222,57.093333333333334,0.0,83.73,72.56694444444445,72.56694444444445,120,2026-09-12 21:16:12,1.0,True,False,60.73,False,Monday,2026-09-07,,True,False
TKT-100850,2026-09-07 11:41:14,2026-09-07 12:06:27,2026-09-07 12:12:25,2026-09-07 13:07:28,2026-09-07 13:07:28,0,False,,,IT Support,IT Support,2026-09-07 12:12:25,0.0,0,1,STU24670,portal,High,False,Unknown,Closed,,False,0.42027777777777775,0.09944444444444445,0.0,0.9175,0.0,1.4372222222222222,1.4372222222222222,1.4372222222222222,24,2026-09-08 11:41:14,1.0,False,False,,False,Monday,2026-09-07,,True,False
TKT-100851,2026-09-07 20:52:08,2026-09-08 09:48:51,2026-09-08 11:15:46,2026-09-10 11:47:26,2026-09-10 11:47:26,0,False,2026-09-10 10:00:00,,Academics & Exams,Academics & Exams,2026-09-08 11:15:46,3.2258333333333336,2,1,STU24164,email,High,False,Academics & Exams,Closed,,True,12.945277777777777,1.448611111111111,0.0,45.301944444444445,0.0,62.92166666666667,59.69583333333333,59.69583333333333,24,2026-09-08 20:52:08,0.0,True,False,61.13111111111111,True,Monday,2026-09-07,,True,False
TKT-100852,2026-09-07 20:07:40,2026-09-07 20:19:25,2026-09-08 14:58:37,2026-09-08 19:49:21,2026-09-08 19:49:21,0,False,,,IT Support,IT Support,2026-09-08 14:58:37,0.0,2,1,STU25260,portal,Medium,False,IT Support,Closed,,False,0.19583333333333333,18.653333333333332,0.0,4.845555555555555,0.0,23.69472222222222,23.69472222222222,23.69472222222222,72,2026-09-10 20:07:40,1.0,False,False,,False,Monday,2026-09-07,,True,False
TKT-100853,2026-09-07 15:48:12,2026-09-08 10:06:45,2026-09-09 10:13:42,2026-09-09 15:57:45,2026-09-09 15:57:45,0,False,,2026-09-09 10:06:45,IT Support,IT Support,2026-09-09 10:13:42,0.0,2,1,STU24759,email,Medium,False,IT Support,Closed,,True,18.309166666666666,24.115833333333335,0.0,5.734166666666667,0.0,48.159166666666664,48.159166666666664,48.159166666666664,72,2026-09-10 15:48:12,1.0,False,True,,False,Monday,2026-09-07,,True,False
TKT-100854,2026-09-07 11:45:59,2026-09-07 11:57:41,2026-09-07 15:46:28,2026-09-09 14:45:06,2026-09-09 14:45:06,0,False,,,IT Support,IT Support,2026-09-07 15:46:28,0.0,0,1,STU25611,walk_in,Medium,False,IT Support,Closed,,False,0.195,3.8130555555555556,0.0,46.977222222222224,0.0,50.985277777777775,50.985277777777775,50.985277777777775,72,2026-09-10 11:45:59,1.0,False,False,,False,Monday,2026-09-07,,True,False
TKT-100855,2026-09-07 18:15:45,2026-09-08 10:02:41,2026-09-08 12:44:58,2026-09-08 18:09:20,2026-09-08 18:09:20,0,False,,,IT Support,IT Support,2026-09-08 12:44:58,0.0,0,1,STU24515,email,Medium,False,IT Support,Closed,5.0,True,15.782222222222222,2.7047222222222222,0.0,5.4061111111111115,0.0,23.893055555555556,23.893055555555556,23.893055555555556,72,2026-09-10 18:15:45,1.0,False,False,,False,Monday,2026-09-07,,True,False
TKT-100856,2026-09-07 08:41:51,2026-09-07 09:33:16,2026-09-07 10:07:28,2026-09-10 09:00:00,2026-09-10 09:00:00,0,False,2026-09-09 10:00:00,,Fees & Finance,Fees & Finance,2026-09-07 10:07:28,0.0,4,1,STU24629,email,Medium,True,Fees & Finance,Closed,3.0,True,0.8569444444444444,0.57,0.0,70.87555555555555,0.0,72.3025,72.3025,72.3025,72,2026-09-10 08:41:51,0.0,True,False,49.3025,False,Monday,2026-09-07,,True,False
TKT-100857,2026-09-07 14:55:22,2026-09-07 15:07:51,2026-09-07 15:09:55,2026-09-08 09:32:25,2026-09-08 09:32:25,0,False,,,IT Support,IT Support,2026-09-07 15:09:55,9.732222222222223,0,1,STU24464,portal,Low,False,IT Support,Closed,,False,0.20805555555555555,0.034444444444444444,0.0,8.642777777777777,0.0,18.6175,8.885277777777777,8.885277777777777,120,2026-09-12 14:55:22,1.0,False,False,,False,Monday,2026-09-07,,True,False
TKT-100858,2026-09-07 20:37:58,2026-09-07 20:39:21,2026-09-08 12:53:02,,,0,False,,,Hostel & Maintenance,Hostel & Maintenance,2026-09-08 12:53:02,0.0,5,1,STU24068,portal,High,False,Hostel & Maintenance,Closed - No Response,,False,0.023055555555555555,16.228055555555557,0.0,,,,,,24,2026-09-08 20:37:58,,False,False,,False,Monday,2026-09-07,closed - student never replied,False,False
TKT-100859,2026-09-07 15:38:14,2026-09-07 15:49:04,2026-09-09 08:46:07,2026-09-14 09:00:00,2026-09-15 16:44:18,0,True,2026-09-10 10:00:00,2026-09-08 15:49:04,Fees & Finance,Fees & Finance,2026-09-09 08:46:07,17.140555555555554,1,1,STU24312,portal,Medium,False,Fees & Finance,Closed,,False,0.18055555555555555,40.950833333333335,0.0,103.09083333333334,31.738333333333333,193.10111111111112,175.96055555555557,144.22222222222223,72,2026-09-10 15:38:14,0.0,True,True,66.36277777777778,False,Monday,2026-09-07,,True,False
TKT-100860,2026-09-07 14:22:11,2026-09-07 15:10:39,2026-09-07 18:58:55,2026-09-08 15:26:56,2026-09-08 15:26:56,0,False,,,Hostel & Maintenance,Hostel & Maintenance,2026-09-07 18:58:55,0.0,1,1,STU25597,email,Medium,False,Hostel & Maintenance,Closed,,True,0.8077777777777778,3.8044444444444445,0.0,20.466944444444444,0.0,25.079166666666666,25.079166666666666,25.079166666666666,72,2026-09-10 14:22:11,1.0,False,False,,False,Monday,2026-09-07,,True,False
TKT-100861,2026-09-07 14:18:30,2026-09-07 14:30:47,2026-09-09 04:57:27,2026-09-11 09:00:00,2026-09-11 09:00:00,0,False,2026-09-10 10:00:00,2026-09-08 14:30:47,Academics & Exams,Academics & Exams,2026-09-09 04:57:27,0.0,1,1,STU24168,portal,Medium,False,Academics & Exams,Closed,,False,0.20472222222222222,38.44444444444444,0.0,52.0425,0.0,90.69166666666666,90.69166666666666,90.69166666666666,72,2026-09-10 14:18:30,0.0,True,True,67.69166666666666,False,Monday,2026-09-07,,True,False
TKT-100862,2026-09-07 19:40:42,2026-09-09 13:22:18,2026-09-10 14:35:05,2026-09-14 09:00:00,2026-09-14 09:00:00,0,False,2026-09-10 10:00:00,2026-09-10 13:22:18,Fees & Finance,Fees & Finance,2026-09-10 14:35:05,0.0,4,1,STU25123,email,Medium,False,Fees & Finance,Closed,,True,41.693333333333335,25.213055555555556,0.0,90.41527777777777,0.0,157.32166666666666,157.32166666666666,157.32166666666666,72,2026-09-10 19:40:42,0.0,True,True,62.321666666666665,False,Monday,2026-09-07,,True,False
TKT-100863,2026-09-07 13:03:30,2026-09-07 13:17:37,2026-09-07 13:42:46,2026-09-08 12:08:50,2026-09-08 12:08:50,0,False,,,IT Support,IT Support,2026-09-07 13:42:46,0.0,0,1,STU24519,portal,Low,False,IT Support,Closed,3.0,False,0.23527777777777778,0.4191666666666667,0.0,22.434444444444445,0.0,23.08888888888889,23.08888888888889,23.08888888888889,120,2026-09-12 13:03:30,1.0,False,False,,False,Monday,2026-09-07,,True,False
TKT-100864,2026-09-07 15:58:03,2026-09-07 16:07:54,2026-09-07 17:12:21,2026-09-08 08:22:23,2026-09-08 08:22:23,0,False,,,IT Support,IT Support,2026-09-07 17:12:21,0.0,0,1,STU25468,walk_in,Medium,False,IT Support,Closed,5.0,False,0.16416666666666666,1.0741666666666667,0.0,15.167222222222222,0.0,16.405555555555555,16.405555555555555,16.405555555555555,72,2026-09-10 15:58:03,1.0,False,False,,False,Monday,2026-09-07,,True,False
TKT-100865,2026-09-07 08:23:26,2026-09-07 08:28:10,2026-09-08 09:02:03,2026-09-09 11:17:55,2026-09-09 11:17:55,0,False,2026-09-09 10:00:00,2026-09-08 08:28:10,Academics & Exams,Academics & Exams,2026-09-08 09:02:03,0.0,2,1,STU25565,portal,Medium,False,Academics & Exams,Closed,4.0,False,0.07888888888888888,24.564722222222223,0.0,26.264444444444443,0.0,50.908055555555556,50.908055555555556,50.908055555555556,72,2026-09-10 08:23:26,1.0,True,True,49.60944444444444,False,Monday,2026-09-07,,True,False
TKT-100866,2026-09-07 20:15:10,2026-09-07 20:16:15,2026-09-08 11:49:32,2026-09-09 13:17:32,2026-09-09 13:17:32,0,False,,,Hostel & Maintenance,Hostel & Maintenance,2026-09-08 11:49:32,0.0,2,1,STU25256,portal,Medium,False,Hostel & Maintenance,Closed,,False,0.018055555555555554,15.554722222222223,0.0,25.466666666666665,0.0,41.03944444444444,41.03944444444444,41.03944444444444,72,2026-09-10 20:15:10,1.0,False,False,,False,Monday,2026-09-07,,True,False
TKT-100867,2026-09-07 10:15:28,2026-09-07 10:24:20,2026-09-07 12:52:08,2026-09-08 16:49:52,2026-09-08 16:49:52,0,False,,,Academics & Exams,Academics & Exams,2026-09-07 12:52:08,0.0,3,1,STU24818,portal,Medium,False,Academics & Exams,Closed,,False,0.14777777777777779,2.4633333333333334,0.0,27.962222222222223,0.0,30.573333333333334,30.573333333333334,30.573333333333334,72,2026-09-10 10:15:28,1.0,False,False,,False,Monday,2026-09-07,,True,False
TKT-100868,2026-09-07 14:00:40,2026-09-07 14:06:53,2026-09-07 19:48:47,2026-09-10 13:16:23,2026-09-11 09:24:20,0,True,2026-09-10 10:00:00,,IT Support,IT Support,2026-09-07 19:48:47,4.7316666666666665,3,1,STU25100,portal,Medium,False,IT Support,Closed,,False,0.10361111111111111,5.698333333333333,0.0,60.728333333333325,20.1325,91.39444444444445,86.66277777777778,66.53027777777777,72,2026-09-10 14:00:40,0.0,True,False,67.9888888888889,False,Monday,2026-09-07,,True,False
TKT-100869,2026-09-07 09:00:06,2026-09-07 09:04:07,2026-09-07 11:49:58,2026-09-07 13:24:09,2026-09-07 13:24:09,0,False,,,IT Support,IT Support,2026-09-07 11:49:58,0.0,0,1,STU24880,portal,Low,False,IT Support,Closed,,False,0.06694444444444445,2.7641666666666667,0.0,1.5697222222222222,0.0,4.400833333333333,4.400833333333333,4.400833333333333,120,2026-09-12 09:00:06,1.0,False,False,,False,Monday,2026-09-07,,True,False
TKT-100870,2026-09-07 10:57:20,2026-09-07 15:17:37,2026-09-07 17:41:16,2026-09-08 12:26:11,2026-09-08 12:26:11,0,False,,,Library,Library,2026-09-07 17:41:16,0.0,0,1,STU24647,email,Medium,False,Library,Closed,,True,4.338055555555556,2.3941666666666666,0.0,18.74861111111111,0.0,25.480833333333333,25.480833333333333,25.480833333333333,72,2026-09-10 10:57:20,1.0,False,False,,False,Monday,2026-09-07,,True,False
TKT-100871,2026-09-07 18:28:01,2026-09-08 10:35:43,2026-09-09 15:24:40,2026-09-11 15:52:37,2026-09-14 09:27:59,0,True,2026-09-10 10:00:00,2026-09-09 10:35:43,Hostel & Maintenance,Hostel & Maintenance,2026-09-09 15:24:40,0.0,3,1,STU24550,email,Medium,False,Hostel & Maintenance,Closed,,True,16.128333333333334,28.815833333333334,0.0,48.465833333333336,65.58944444444444,158.99944444444444,158.99944444444444,93.41,72,2026-09-10 18:28:01,0.0,True,True,63.533055555555556,False,Monday,2026-09-07,,True,False
TKT-100872,2026-09-07 11:57:40,2026-09-07 13:51:50,2026-09-07 16:55:47,2026-09-08 16:39:52,2026-09-08 16:39:52,0,False,,,Academics & Exams,Academics & Exams,2026-09-07 16:55:47,0.0,0,1,STU25088,email,Medium,False,Academics & Exams,Closed,,True,1.9027777777777777,3.0658333333333334,0.0,23.73472222222222,0.0,28.703333333333333,28.703333333333333,28.703333333333333,72,2026-09-10 11:57:40,1.0,False,False,,False,Monday,2026-09-07,,True,False
TKT-100873,2026-09-07 12:40:24,2026-09-07 12:54:37,2026-09-07 13:39:47,2026-09-08 11:49:18,2026-09-08 11:49:18,0,False,,,Hostel & Maintenance,Hostel & Maintenance,2026-09-07 13:39:47,0.0,0,1,STU24573,portal,Low,False,Hostel & Maintenance,Closed,,False,0.23694444444444446,0.7527777777777778,0.0,22.15861111111111,0.0,23.148333333333333,23.148333333333333,23.148333333333333,120,2026-09-12 12:40:24,1.0,False,False,,False,Monday,2026-09-07,,True,False
TKT-100874,2026-09-07 19:13:56,2026-09-08 10:23:20,2026-09-09 12:23:12,2026-09-14 09:00:00,2026-09-14 09:00:00,0,False,2026-09-10 10:00:00,2026-09-09 10:23:20,Fees & Finance,Fees & Finance,2026-09-09 12:23:12,0.0,3,1,STU25516,portal,Low,False,Unknown,Closed,3.0,True,15.156666666666666,25.997777777777777,0.0,116.61333333333333,0.0,157.76777777777778,157.76777777777778,157.76777777777778,120,2026-09-12 19:13:56,0.0,True,True,62.76777777777778,False,Monday,2026-09-07,,True,False
TKT-100875,2026-09-07 14:20:30,2026-09-07 14:23:26,2026-09-07 18:23:51,2026-09-10 12:18:15,2026-09-10 12:18:15,0,False,2026-09-10 10:00:00,,Hostel & Maintenance,Hostel & Maintenance,2026-09-07 18:23:51,0.0,2,1,STU24071,portal,High,False,Hostel & Maintenance,Closed,,False,0.04888888888888889,4.006944444444445,0.0,65.90666666666667,0.0,69.9625,69.9625,69.9625,24,2026-09-08 14:20:30,0.0,True,False,67.65833333333333,True,Monday,2026-09-07,,True,False
TKT-100876,2026-09-07 12:19:08,2026-09-07 13:20:49,2026-09-07 16:39:37,2026-09-10 10:49:19,2026-09-10 10:49:19,0,False,2026-09-10 10:00:00,,Academics & Exams,Academics & Exams,2026-09-07 16:39:37,10.42,1,1,STU24437,email,High,False,Academics & Exams,Closed,3.0,True,1.0280555555555555,3.3133333333333335,0.0,55.74166666666666,0.0,70.50305555555556,60.08305555555556,60.08305555555556,24,2026-09-08 12:19:08,0.0,True,False,69.68111111111111,True,Monday,2026-09-07,,True,False
TKT-100877,2026-09-07 19:54:49,2026-09-07 19:56:46,2026-09-09 06:34:33,,,0,False,,2026-09-08 19:56:46,Fees & Finance,Fees & Finance,2026-09-09 06:34:33,0.0,3,1,STU25046,portal,Medium,False,Fees & Finance,Closed - No Response,,False,0.0325,34.62972222222222,0.0,,,,,,72,2026-09-10 19:54:49,,False,True,,False,Monday,2026-09-07,closed - student never replied,False,False
TKT-100878,2026-09-07 20:47:49,2026-09-08 11:05:42,2026-09-08 11:14:27,2026-09-08 15:23:31,2026-09-08 15:23:31,0,False,,,Academics & Exams,Academics & Exams,2026-09-08 11:14:27,0.0,0,1,STU24878,email,Medium,True,Academics & Exams,Closed,,True,14.298055555555555,0.14583333333333334,0.0,4.151111111111111,0.0,18.595,18.595,18.595,72,2026-09-10 20:47:49,1.0,False,False,,False,Monday,2026-09-07,,True,False
TKT-100879,2026-09-07 10:33:43,2026-09-07 10:40:56,2026-09-07 12:23:56,2026-09-08 14:24:42,2026-09-08 14:24:42,0,False,,,Fees & Finance,Fees & Finance,2026-09-07 12:23:56,0.0,1,1,STU24055,portal,Medium,False,Fees & Finance,Closed,,False,0.12027777777777778,1.7166666666666666,0.0,26.012777777777778,0.0,27.849722222222223,27.849722222222223,27.849722222222223,72,2026-09-10 10:33:43,1.0,False,False,,False,Monday,2026-09-07,,True,False
TKT-100880,2026-09-07 09:57:01,2026-09-07 16:51:58,2026-09-08 09:53:21,2026-09-11 09:00:00,2026-09-11 09:00:00,1,False,2026-09-09 10:00:00,,Fees & Finance,Academics & Exams,2026-09-09 14:49:06,7.192777777777778,1,2,STU24789,email,Low,False,Fees & Finance,Closed,,True,6.9158333333333335,17.023055555555555,28.929166666666667,34.98888888888889,0.0,95.04972222222223,87.85694444444445,87.85694444444445,120,2026-09-12 09:57:01,1.0,True,False,48.04972222222222,False,Monday,2026-09-07,,True,False
TKT-100881,2026-09-08 22:36:48,2026-09-09 09:18:27,2026-09-09 14:55:41,2026-09-11 15:10:47,2026-09-11 15:10:47,0,False,2026-09-11 10:00:00,,Hostel & Maintenance,Hostel & Maintenance,2026-09-09 14:55:41,0.0,2,1,STU25787,email,Medium,True,Hostel & Maintenance,Closed,,True,10.694166666666666,5.620555555555556,0.0,48.251666666666665,0.0,64.5663888888889,64.5663888888889,64.5663888888889,72,2026-09-11 22:36:48,1.0,True,False,59.38666666666666,False,Tuesday,2026-09-07,,True,False
TKT-100882,2026-09-08 16:13:47,2026-09-08 16:18:42,2026-09-08 18:52:53,2026-09-10 14:39:43,2026-09-10 14:39:43,0,False,,,IT Support,IT Support,2026-09-08 18:52:53,15.639444444444445,2,1,STU24901,portal,Medium,False,IT Support,Closed,,False,0.08194444444444444,2.569722222222222,0.0,28.141111111111115,0.0,46.43222222222222,30.79277777777778,30.79277777777778,72,2026-09-11 16:13:47,1.0,False,False,,False,Tuesday,2026-09-07,,True,False
TKT-100883,2026-09-08 11:41:49,2026-09-08 11:48:03,2026-09-09 14:59:48,,,0,False,2026-09-11 10:00:00,2026-09-09 11:48:03,Academics & Exams,Academics & Exams,2026-09-09 14:59:48,0.0,12,1,STU25610,walk_in,Medium,False,Academics & Exams,In Progress,,False,0.10388888888888889,27.195833333333333,0.0,,,,,,72,2026-09-11 11:41:49,,True,True,70.30305555555556,False,Tuesday,2026-09-07,still open at export,False,True
TKT-100884,2026-09-08 10:23:50,2026-09-08 10:30:08,2026-09-09 14:41:52,2026-09-14 08:00:00,2026-09-14 08:00:00,0,False,2026-09-11 10:00:00,2026-09-09 10:30:08,Hostel & Maintenance,Hostel & Maintenance,2026-09-09 14:41:52,0.0,3,1,STU25175,portal,High,False,Hostel & Maintenance,Closed,3.0,False,0.105,28.195555555555554,0.0,113.30222222222223,0.0,141.6027777777778,141.6027777777778,141.6027777777778,24,2026-09-09 10:23:50,0.0,True,True,71.60277777777777,True,Tuesday,2026-09-07,,True,False
TKT-100885,2026-09-08 10:16:38,2026-09-08 10:24:25,2026-09-08 10:46:41,2026-09-11 10:15:32,2026-09-11 10:15:32,0,False,2026-09-11 10:00:00,,Academics & Exams,Academics & Exams,2026-09-08 10:46:41,0.0,2,1,STU24973,email,High,False,Academics & Exams,Closed,4.0,False,0.1297222222222222,0.3711111111111111,0.0,71.48083333333334,0.0,71.98166666666667,71.98166666666667,71.98166666666667,24,2026-09-09 10:16:38,0.0,True,False,71.72277777777778,True,Tuesday,2026-09-07,,True,False
TKT-100886,2026-09-08 22:30:11,2026-09-09 11:23:16,2026-09-09 11:26:21,2026-09-10 13:56:19,2026-09-10 13:56:19,0,False,,,IT Support,IT Support,2026-09-09 11:26:21,0.0,1,1,STU25732,email,Medium,False,IT Support,Closed,,True,12.884722222222223,0.05138888888888889,0.0,26.499444444444446,0.0,39.43555555555555,39.43555555555555,39.43555555555555,72,2026-09-11 22:30:11,1.0,False,False,,False,Tuesday,2026-09-07,,True,False
TKT-100887,2026-09-08 09:14:17,2026-09-08 10:24:55,2026-09-08 11:10:46,2026-09-08 11:39:09,2026-09-08 11:39:09,0,False,,,IT Support,IT Support,2026-09-08 11:10:46,0.0,0,1,STU24825,email,Medium,False,IT Support,Closed,,True,1.1772222222222222,0.7641666666666667,0.0,0.47305555555555556,0.0,2.4144444444444444,2.4144444444444444,2.4144444444444444,72,2026-09-11 09:14:17,1.0,False,False,,False,Tuesday,2026-09-07,,True,False
TKT-100888,2026-09-08 14:30:13,2026-09-08 14:31:07,2026-09-08 15:44:57,2026-09-09 10:24:03,2026-09-09 10:24:03,0,False,,,Library,Library,2026-09-08 15:44:57,13.340277777777779,0,1,STU25092,portal,Low,False,Library,Closed,4.0,False,0.015,1.2305555555555556,0.0,5.311388888888889,0.0,19.897222222222222,6.556944444444444,6.556944444444444,120,2026-09-13 14:30:13,1.0,False,False,,False,Tuesday,2026-09-07,,True,False
TKT-100889,2026-09-08 00:46:45,2026-09-08 01:00:37,2026-09-08 08:23:38,2026-09-14 08:00:00,2026-09-14 08:00:00,0,False,2026-09-10 10:00:00,,Hostel & Maintenance,Hostel & Maintenance,2026-09-08 08:23:38,0.0,5,1,STU24880,portal,Low,False,Hostel & Maintenance,Closed,3.0,False,0.2311111111111111,7.383611111111111,0.0,143.60611111111112,0.0,151.22083333333333,151.22083333333333,151.22083333333333,120,2026-09-13 00:46:45,0.0,True,False,57.22083333333333,False,Tuesday,2026-09-07,,True,False
TKT-100890,2026-09-08 12:30:27,2026-09-08 12:37:52,2026-09-09 16:06:00,2026-09-11 08:16:46,2026-09-11 08:16:46,0,False,,2026-09-09 12:37:52,Hostel & Maintenance,Hostel & Maintenance,2026-09-09 16:06:00,0.0,5,1,STU24745,portal,Low,False,Hostel & Maintenance,Closed,,False,0.12361111111111112,27.468888888888888,0.0,40.17944444444444,0.0,67.77194444444444,67.77194444444444,67.77194444444444,120,2026-09-13 12:30:27,1.0,False,True,,False,Tuesday,2026-09-07,,True,False
TKT-100891,2026-09-08 21:17:59,2026-09-08 21:19:31,2026-09-09 13:04:33,2026-09-11 08:11:01,2026-09-11 08:11:01,0,False,,,Hostel & Maintenance,Hostel & Maintenance,2026-09-09 13:04:33,0.0,0,1,STU24690,portal,Low,False,Hostel & Maintenance,Closed,4.0,False,0.025555555555555557,15.750555555555556,0.0,43.10777777777778,0.0,58.88388888888889,58.88388888888889,58.88388888888889,120,2026-09-13 21:17:59,1.0,False,False,,False,Tuesday,2026-09-07,,True,False
TKT-100892,2026-09-08 13:10:46,2026-09-08 15:18:31,2026-09-09 08:30:06,2026-09-09 14:33:50,2026-09-09 14:33:50,0,False,,,IT Support,IT Support,2026-09-09 08:30:06,0.0,0,1,STU25622,email,Medium,False,IT Support,Closed,,True,2.129166666666667,17.193055555555556,0.0,6.062222222222222,0.0,25.384444444444444,25.384444444444444,25.384444444444444,72,2026-09-11 13:10:46,1.0,False,False,,False,Tuesday,2026-09-07,,True,False
TKT-100893,2026-09-08 19:04:51,2026-09-09 09:01:23,2026-09-09 09:40:18,2026-09-14 08:00:00,2026-09-14 08:00:00,0,False,2026-09-11 10:00:00,,Hostel & Maintenance,Hostel & Maintenance,2026-09-09 09:40:18,0.0,6,1,STU24159,email,Medium,False,Hostel & Maintenance,Closed,,True,13.942222222222222,0.6486111111111111,0.0,118.32833333333333,0.0,132.91916666666665,132.91916666666665,132.91916666666665,72,2026-09-11 19:04:51,0.0,True,False,62.91916666666667,False,Tuesday,2026-09-07,,True,False
TKT-100894,2026-09-08 19:57:04,2026-09-08 20:09:43,2026-09-09 10:32:22,2026-09-10 08:48:57,2026-09-10 08:48:57,0,False,,,Hostel & Maintenance,Hostel & Maintenance,2026-09-09 10:32:22,0.0,1,1,STU25007,portal,Low,False,Hostel & Maintenance,Closed,4.0,False,0.21083333333333334,14.3775,0.0,22.27638888888889,0.0,36.86472222222222,36.86472222222222,36.86472222222222,120,2026-09-13 19:57:04,1.0,False,False,,False,Tuesday,2026-09-07,,True,False
TKT-100895,2026-09-08 08:48:21,2026-09-08 10:29:46,2026-09-08 15:49:05,2026-09-14 09:00:00,2026-09-14 09:00:00,0,False,2026-09-10 10:00:00,,Academics & Exams,Academics & Exams,2026-09-08 15:49:05,0.0,3,1,STU24958,email,Medium,False,Academics & Exams,Closed,,True,1.6902777777777778,5.321944444444444,0.0,137.18194444444444,0.0,144.19416666666666,144.19416666666666,144.19416666666666,72,2026-09-11 08:48:21,0.0,True,False,49.19416666666667,False,Tuesday,2026-09-07,,True,False
TKT-100896,2026-09-08 15:05:57,2026-09-08 17:02:48,2026-09-10 07:04:02,2026-09-11 11:43:47,2026-09-11 11:43:47,0,False,2026-09-11 10:00:00,2026-09-09 17:02:48,Academics & Exams,Academics & Exams,2026-09-10 07:04:02,0.0,1,1,STU24933,portal,Medium,False,Unknown,Closed,,True,1.9475,38.02055555555555,0.0,28.6625,0.0,68.63055555555556,68.63055555555556,68.63055555555556,72,2026-09-11 15:05:57,1.0,True,True,66.90083333333334,False,Tuesday,2026-09-07,,True,False
TKT-100897,2026-09-08 13:36:59,2026-09-08 13:47:23,2026-09-08 17:38:23,2026-09-10 08:05:21,2026-09-10 08:05:21,1,False,,,Hostel & Maintenance,IT Support,2026-09-09 11:51:31,0.0,1,2,STU24007,portal,Low,False,Hostel & Maintenance,Closed,,False,0.17333333333333334,3.85,18.218888888888888,20.230555555555554,0.0,42.47277777777778,42.47277777777778,42.47277777777778,120,2026-09-13 13:36:59,1.0,False,False,,False,Tuesday,2026-09-07,,True,False
TKT-100898,2026-09-08 05:40:53,2026-09-08 05:43:48,2026-09-08 09:04:26,2026-09-08 13:01:02,2026-09-09 09:39:11,0,True,,,IT Support,IT Support,2026-09-08 09:04:26,0.0,0,1,STU25557,portal,High,False,IT Support,Closed,3.0,False,0.04861111111111111,3.343888888888889,0.0,3.9433333333333334,20.635833333333334,27.971666666666668,27.971666666666668,7.335833333333333,24,2026-09-09 05:40:53,0.0,False,False,,False,Tuesday,2026-09-07,,True,False
TKT-100899,2026-09-08 19:14:13,2026-09-09 09:11:14,2026-09-09 10:12:40,2026-09-11 10:25:39,2026-09-11 10:25:39,1,False,2026-09-11 10:00:00,,IT Support,Academics & Exams,2026-09-09 11:52:28,0.0,1,2,STU24074,email,Medium,True,IT Support,Closed,,True,13.950277777777778,1.0238888888888888,1.6633333333333333,46.55305555555555,0.0,63.190555555555555,63.190555555555555,63.190555555555555,72,2026-09-11 19:14:13,1.0,True,False,62.76305555555555,False,Tuesday,2026-09-07,,True,False
TKT-100900,2026-09-09 01:02:29,2026-09-09 14:21:05,2026-09-09 16:41:00,2026-09-10 10:23:03,2026-09-11 14:20:39,0,True,,,IT Support,IT Support,2026-09-09 16:41:00,0.0,2,1,STU25523,email,Medium,False,IT Support,Closed,,True,13.31,2.3319444444444444,0.0,17.700833333333332,27.96,61.30277777777778,61.30277777777778,33.342777777777776,72,2026-09-12 01:02:29,1.0,False,False,,False,Wednesday,2026-09-07,,True,False
TKT-100901,2026-09-09 06:40:56,2026-09-09 06:54:35,2026-09-09 19:20:22,2026-09-11 10:25:40,2026-09-11 10:25:40,0,False,2026-09-11 10:00:00,,Hostel & Maintenance,Hostel & Maintenance,2026-09-09 19:20:22,0.0,1,1,STU24561,portal,Medium,False,Hostel & Maintenance,Closed,,False,0.2275,12.429722222222223,0.0,39.08833333333333,0.0,51.745555555555555,51.745555555555555,51.745555555555555,72,2026-09-12 06:40:56,1.0,True,False,51.31777777777778,False,Wednesday,2026-09-07,,True,False
TKT-100902,2026-09-09 10:23:20,2026-09-09 10:37:39,2026-09-09 11:38:21,2026-09-09 19:14:02,2026-09-09 19:14:02,0,False,,,IT Support,IT Support,2026-09-09 11:38:21,0.0,0,1,STU25411,portal,Medium,False,IT Support,Closed,,False,0.2386111111111111,1.0116666666666667,0.0,7.594722222222222,0.0,8.845,8.845,8.845,72,2026-09-12 10:23:20,1.0,False,False,,False,Wednesday,2026-09-07,,True,False
TKT-100903,2026-09-09 08:31:55,2026-09-09 12:25:29,2026-09-11 06:02:48,2026-09-14 14:43:01,2026-09-14 14:43:01,0,False,2026-09-11 10:00:00,2026-09-10 12:25:29,Fees & Finance,Fees & Finance,2026-09-11 06:02:48,4.836944444444445,4,1,STU25783,email,High,False,Fees & Finance,Closed,3.0,True,3.892777777777778,41.621944444444445,0.0,75.83333333333334,0.0,126.185,121.34805555555556,121.34805555555556,24,2026-09-10 08:31:55,0.0,True,True,49.46805555555556,True,Wednesday,2026-09-07,,True,False
TKT-100904,2026-09-09 18:05:16,2026-09-09 18:11:32,2026-09-14 17:23:09,,,0,False,2026-09-14 10:00:00,2026-09-10 18:11:32,Academics & Exams,Academics & Exams,2026-09-14 17:23:09,0.0,7,1,STU25372,portal,Low,False,Academics & Exams,In Progress,,False,0.10444444444444445,119.19361111111111,0.0,,,,,,120,2026-09-14 18:05:16,,True,True,111.91222222222223,False,Wednesday,2026-09-07,still open at export,False,True
TKT-100905,2026-09-09 14:17:33,2026-09-09 14:31:10,2026-09-09 14:54:34,2026-09-10 18:14:09,2026-09-10 18:14:09,1,False,,,Academics & Exams,IT Support,2026-09-10 10:42:43,0.0,1,2,STU25380,email,Medium,False,Academics & Exams,Closed,4.0,False,0.22694444444444445,0.39,19.8025,7.523888888888889,0.0,27.94333333333333,27.94333333333333,27.94333333333333,72,2026-09-12 14:17:33,1.0,False,False,,False,Wednesday,2026-09-07,,True,False
TKT-100906,2026-09-09 19:18:12,2026-09-09 19:25:35,2026-09-10 09:20:00,2026-09-11 14:12:11,2026-09-11 14:12:11,0,False,,,Hostel & Maintenance,Hostel & Maintenance,2026-09-10 09:20:00,9.159444444444444,1,1,STU25583,portal,Low,False,Hostel & Maintenance,Closed,4.0,False,0.12305555555555556,13.906944444444445,0.0,19.710277777777776,0.0,42.89972222222222,33.74027777777778,33.74027777777778,120,2026-09-14 19:18:12,1.0,False,False,,False,Wednesday,2026-09-07,,True,False
TKT-100907,2026-09-09 14:52:28,2026-09-09 17:59:12,2026-09-11 06:42:58,,,0,False,,2026-09-10 17:59:12,Hostel & Maintenance,Hostel & Maintenance,2026-09-11 06:42:58,0.0,8,1,STU25256,email,Medium,False,Hostel & Maintenance,Closed - No Response,,True,3.112222222222222,36.72944444444445,0.0,,,,,,72,2026-09-12 14:52:28,,False,True,,False,Wednesday,2026-09-07,closed - student never replied,False,False
TKT-100908,2026-09-09 22:59:40,2026-09-10 12:09:21,2026-09-11 12:58:46,2026-09-14 09:50:17,2026-09-14 09:50:17,0,False,,2026-09-11 12:09:21,Hostel & Maintenance,Hostel & Maintenance,2026-09-11 12:58:46,17.489444444444445,4,1,STU25755,portal,Medium,False,Unknown,Closed,,True,13.161388888888888,24.823611111111113,0.0,51.36916666666667,0.0,106.84361111111112,89.35416666666667,89.35416666666667,72,2026-09-12 22:59:40,0.0,False,True,,False,Wednesday,2026-09-07,,True,False
TKT-100909,2026-09-09 05:17:37,2026-09-09 05:21:23,2026-09-10 07:21:28,2026-09-10 13:11:19,2026-09-10 13:11:19,0,False,,2026-09-10 05:21:23,Hostel & Maintenance,Hostel & Maintenance,2026-09-10 07:21:28,0.0,1,1,STU25506,portal,High,False,Hostel & Maintenance,Closed,,False,0.06277777777777778,26.00138888888889,0.0,5.8308333333333335,0.0,31.895,31.895,31.895,24,2026-09-10 05:17:37,0.0,False,True,,False,Wednesday,2026-09-07,,True,False
TKT-100910,2026-09-09 10:57:31,2026-09-09 11:38:10,2026-09-09 13:38:57,2026-09-10 17:24:29,2026-09-10 17:24:29,0,False,,,Hostel & Maintenance,Hostel & Maintenance,2026-09-09 13:38:57,0.0,1,1,STU24887,email,Medium,False,Hostel & Maintenance,Closed,4.0,True,0.6775,2.0130555555555554,0.0,27.75888888888889,0.0,30.449444444444445,30.449444444444445,30.449444444444445,72,2026-09-12 10:57:31,1.0,False,False,,False,Wednesday,2026-09-07,,True,False
TKT-100911,2026-09-09 20:56:46,2026-09-10 14:38:55,2026-09-10 15:26:58,2026-09-10 18:37:01,2026-09-10 18:37:01,0,False,,,IT Support,IT Support,2026-09-10 15:26:58,0.0,1,1,STU25498,email,Medium,True,IT Support,Closed,,True,17.7025,0.8008333333333333,0.0,3.1675,0.0,21.670833333333334,21.670833333333334,21.670833333333334,72,2026-09-12 20:56:46,1.0,False,False,,False,Wednesday,2026-09-07,,True,False
TKT-100912,2026-09-09 10:09:24,2026-09-09 10:14:12,2026-09-09 15:26:33,2026-09-14 13:36:17,2026-09-18 14:34:53,0,True,2026-09-14 10:00:00,,Academics & Exams,Academics & Exams,2026-09-09 15:26:33,0.0,5,1,STU24719,walk_in,Medium,False,Academics & Exams,Resolved,,False,0.08,5.2058333333333335,0.0,118.16222222222223,96.97666666666667,220.42472222222221,220.42472222222221,123.44805555555556,72,2026-09-12 10:09:24,0.0,True,False,119.84333333333333,True,Wednesday,2026-09-07,,True,False
TKT-100913,2026-09-09 08:15:01,2026-09-09 08:25:35,2026-09-09 10:07:25,2026-09-11 14:01:47,2026-09-11 14:01:47,1,False,2026-09-11 10:00:00,,Academics & Exams,Hostel & Maintenance,2026-09-10 17:09:12,0.0,0,2,STU24407,portal,Medium,False,Academics & Exams,Closed,3.0,False,0.1761111111111111,1.6972222222222222,31.029722222222222,20.87638888888889,0.0,53.779444444444444,53.779444444444444,53.779444444444444,72,2026-09-12 08:15:01,1.0,True,False,49.749722222222225,False,Wednesday,2026-09-07,,True,False
TKT-100914,2026-09-09 15:44:59,2026-09-09 15:59:02,2026-09-09 16:16:38,2026-09-10 15:42:59,2026-09-10 15:42:59,0,False,,,Academics & Exams,Academics & Exams,2026-09-09 16:16:38,0.0,0,1,STU24247,portal,Medium,False,Academics & Exams,Closed,,False,0.23416666666666666,0.29333333333333333,0.0,23.439166666666665,0.0,23.966666666666665,23.966666666666665,23.966666666666665,72,2026-09-12 15:44:59,1.0,False,False,,False,Wednesday,2026-09-07,,True,False
TKT-100915,2026-09-09 12:32:55,2026-09-09 12:43:46,2026-09-09 16:37:03,2026-09-15 15:21:51,2026-09-15 15:21:51,0,False,2026-09-14 10:00:00,,Fees & Finance,Fees & Finance,2026-09-09 16:37:03,0.0,4,1,STU24115,portal,Medium,False,Fees & Finance,Closed,,False,0.18083333333333335,3.8880555555555554,0.0,142.74666666666667,0.0,146.81555555555556,146.81555555555556,146.81555555555556,72,2026-09-12 12:32:55,0.0,True,False,117.45138888888889,True,Wednesday,2026-09-07,,True,False
TKT-100916,2026-09-09 17:33:19,2026-09-10 10:39:18,2026-09-10 14:15:20,2026-09-12 10:34:45,2026-09-12 10:34:45,0,False,,,Hostel & Maintenance,Hostel & Maintenance,2026-09-10 14:15:20,0.0,2,1,STU24490,email,Low,False,Hostel & Maintenance,Closed,5.0,True,17.099722222222223,3.6005555555555557,0.0,44.32361111111111,0.0,65.02388888888889,65.02388888888889,65.02388888888889,120,2026-09-14 17:33:19,1.0,False,False,,False,Wednesday,2026-09-07,,True,False
TKT-100917,2026-09-09 11:54:04,2026-09-09 12:04:45,2026-09-10 11:30:13,2026-09-12 11:18:06,2026-09-12 11:18:06,0,False,,,Hostel & Maintenance,Hostel & Maintenance,2026-09-10 11:30:13,27.15388888888889,1,1,STU24130,portal,Low,False,Hostel & Maintenance,Closed,,False,0.17805555555555555,23.424444444444443,0.0,20.644166666666667,0.0,71.40055555555556,44.24666666666667,44.24666666666667,120,2026-09-14 11:54:04,1.0,False,False,,False,Wednesday,2026-09-07,,True,False
TKT-100918,2026-09-09 12:27:06,2026-09-09 13:13:39,2026-09-09 15:56:09,2026-09-11 15:09:36,2026-09-11 15:09:36,1,False,,,Academics & Exams,Hostel & Maintenance,2026-09-10 13:21:46,0.0,1,2,STU25097,email,Low,False,Academics & Exams,Closed,5.0,True,0.7758333333333334,2.7083333333333335,21.426944444444445,25.79722222222222,0.0,50.708333333333336,50.708333333333336,50.708333333333336,120,2026-09-14 12:27:06,1.0,False,False,,False,Wednesday,2026-09-07,,True,False
TKT-100919,2026-09-09 11:27:01,2026-09-09 11:29:03,2026-09-09 11:40:16,2026-09-10 14:46:57,2026-09-10 14:46:57,0,False,,,Academics & Exams,Academics & Exams,2026-09-09 11:40:16,0.0,0,1,STU24558,portal,Medium,False,Academics & Exams,Closed,,False,0.03388888888888889,0.18694444444444444,0.0,27.11138888888889,0.0,27.33222222222222,27.33222222222222,27.33222222222222,72,2026-09-12 11:27:01,1.0,False,False,,False,Wednesday,2026-09-07,,True,False
TKT-100920,2026-09-09 07:21:20,2026-09-09 12:23:14,2026-09-09 12:57:48,2026-09-11 10:23:32,2026-09-11 10:23:32,1,False,2026-09-11 10:00:00,,Hostel & Maintenance,Library,2026-09-10 16:37:05,0.0,2,2,STU24025,email,Medium,True,Hostel & Maintenance,Closed,5.0,True,5.031666666666666,0.5761111111111111,27.654722222222222,17.774166666666666,0.0,51.03666666666667,51.03666666666667,51.03666666666667,72,2026-09-12 07:21:20,1.0,True,False,50.644444444444446,False,Wednesday,2026-09-07,,True,False
TKT-100921,2026-09-09 12:08:22,2026-09-09 12:20:31,2026-09-09 12:29:17,2026-09-11 11:15:49,2026-09-11 11:15:49,1,False,,,IT Support,Academics & Exams,2026-09-09 16:52:48,15.868611111111111,1,2,STU24252,portal,High,False,IT Support,Closed,,False,0.2025,0.1461111111111111,4.391944444444444,26.514999999999997,0.0,47.12416666666667,31.255555555555556,31.255555555555556,24,2026-09-10 12:08:22,0.0,False,False,,False,Wednesday,2026-09-07,,True,False
TKT-100922,2026-09-09 16:07:09,2026-09-09 16:14:06,2026-09-10 11:27:18,2026-09-12 17:53:08,2026-09-12 17:53:08,0,False,,,Hostel & Maintenance,Hostel & Maintenance,2026-09-10 11:27:18,0.0,3,1,STU25019,portal,High,False,Hostel & Maintenance,Closed,,False,0.11583333333333333,19.22,0.0,54.43055555555556,0.0,73.76638888888888,73.76638888888888,73.76638888888888,24,2026-09-10 16:07:09,0.0,False,False,,False,Wednesday,2026-09-07,,True,False
TKT-100923,2026-09-09 09:25:35,2026-09-09 09:33:29,2026-09-09 12:12:56,2026-09-10 17:10:48,2026-09-10 17:10:48,0,False,,,IT Support,IT Support,2026-09-09 12:12:56,26.55361111111111,2,1,STU24528,portal,Medium,False,IT Support,Closed,,False,0.13166666666666665,2.6575,0.0,2.4108333333333363,0.0,31.753611111111113,5.200000000000003,5.200000000000003,72,2026-09-12 09:25:35,1.0,False,False,,False,Wednesday,2026-09-07,,True,False
TKT-100924,2026-09-09 23:17:41,2026-09-09 23:25:59,2026-09-10 12:23:20,2026-09-11 11:30:22,2026-09-11 11:30:22,0,False,,,Academics & Exams,Academics & Exams,2026-09-10 12:23:20,0.0,3,1,STU24204,portal,Medium,False,Academics & Exams,Closed,,False,0.13833333333333334,12.955833333333333,0.0,23.11722222222222,0.0,36.21138888888889,36.21138888888889,36.21138888888889,72,2026-09-12 23:17:41,1.0,False,False,,False,Wednesday,2026-09-07,,True,False
TKT-100925,2026-09-09 14:03:36,2026-09-09 15:01:23,2026-09-09 15:50:50,2026-09-14 10:36:32,2026-09-14 10:36:32,0,False,2026-09-14 10:00:00,,Hostel & Maintenance,Hostel & Maintenance,2026-09-09 15:50:50,0.0,3,1,STU25507,email,Medium,False,Hostel & Maintenance,Closed,,True,0.9630555555555556,0.8241666666666667,0.0,114.76166666666667,0.0,116.54888888888888,116.54888888888888,116.54888888888888,72,2026-09-12 14:03:36,0.0,True,False,115.94,True,Wednesday,2026-09-07,,True,False
TKT-100926,2026-09-09 11:31:45,2026-09-09 11:43:08,2026-09-10 09:55:26,2026-09-16 09:00:00,2026-09-16 09:00:00,2,False,2026-09-14 10:00:00,,Hostel & Maintenance,Academics & Exams,2026-09-11 14:49:44,0.0,10,3,STU25232,portal,Low,False,Hostel & Maintenance,Closed,,False,0.1897222222222222,22.205,28.905,114.17111111111112,0.0,165.47083333333333,165.47083333333333,165.47083333333333,120,2026-09-14 11:31:45,0.0,True,False,118.47083333333333,False,Wednesday,2026-09-07,,True,False
TKT-100927,2026-09-09 09:12:12,2026-09-09 09:18:39,2026-09-10 12:39:43,2026-09-11 12:11:12,2026-09-11 12:11:12,0,False,2026-09-11 10:00:00,2026-09-10 09:18:39,Academics & Exams,Academics & Exams,2026-09-10 12:39:43,0.0,2,1,STU24033,portal,Medium,False,Academics & Exams,Closed,,False,0.1075,27.351111111111113,0.0,23.524722222222223,0.0,50.983333333333334,50.983333333333334,50.983333333333334,72,2026-09-12 09:12:12,1.0,True,True,48.79666666666667,False,Wednesday,2026-09-07,,True,False
TKT-100928,2026-09-09 20:02:33,2026-09-09 20:06:51,2026-09-14 02:46:21,2026-09-14 11:11:59,2026-09-14 11:11:59,0,False,2026-09-14 10:00:00,2026-09-10 20:06:51,Academics & Exams,Academics & Exams,2026-09-14 02:46:21,0.0,3,1,STU25359,portal,Medium,False,Academics & Exams,Closed,,False,0.07166666666666667,102.65833333333333,0.0,8.427222222222222,0.0,111.15722222222222,111.15722222222222,111.15722222222222,72,2026-09-12 20:02:33,0.0,True,True,109.9575,True,Wednesday,2026-09-07,,True,False
TKT-100929,2026-09-09 14:25:56,2026-09-09 14:37:27,2026-09-10 10:10:37,2026-09-11 10:35:08,2026-09-11 10:35:08,0,False,,,Academics & Exams,Academics & Exams,2026-09-10 10:10:37,0.0,1,1,STU24878,portal,Low,False,Academics & Exams,Closed,,False,0.19194444444444445,19.552777777777777,0.0,24.40861111111111,0.0,44.153333333333336,44.153333333333336,44.153333333333336,120,2026-09-14 14:25:56,1.0,False,False,,False,Wednesday,2026-09-07,,True,False
TKT-100930,2026-09-09 12:13:33,2026-09-09 12:18:46,2026-09-09 16:09:23,2026-09-11 10:47:25,2026-09-11 10:47:25,0,False,,,Academics & Exams,Academics & Exams,2026-09-09 16:09:23,0.0,2,1,STU24021,portal,Medium,False,Academics & Exams,Closed,,False,0.08694444444444445,3.843611111111111,0.0,42.63388888888889,0.0,46.56444444444445,46.56444444444445,46.56444444444445,72,2026-09-12 12:13:33,1.0,False,False,,False,Wednesday,2026-09-07,,True,False
TKT-100931,2026-09-09 23:56:48,2026-09-10 00:04:56,2026-09-10 10:31:55,2026-09-14 10:08:54,2026-09-14 10:08:54,0,False,2026-09-14 10:00:00,,IT Support,IT Support,2026-09-10 10:31:55,0.0,4,1,STU24642,portal,Medium,False,IT Support,Closed,3.0,False,0.13555555555555557,10.449722222222222,0.0,95.61638888888889,0.0,106.20166666666667,106.20166666666667,106.20166666666667,72,2026-09-12 23:56:48,0.0,True,False,106.05333333333333,True,Wednesday,2026-09-07,,True,False
TKT-100932,2026-09-15 12:56:20,2026-09-10 13:11:12,2026-09-10 13:58:25,2026-09-10 18:46:26,2026-09-10 18:46:26,0,False,,,IT Support,IT Support,2026-09-10 13:58:25,0.0,0,1,STU25684,walk_in,High,False,IT Support,Closed,4.0,False,-119.75222222222222,0.7869444444444444,0.0,4.800277777777778,0.0,-114.165,-114.165,-114.165,24,2026-09-16 12:56:20,1.0,False,False,,False,Tuesday,2026-09-14,chronology violation (clock skew),False,False
TKT-100933,2026-09-10 08:08:01,2026-09-10 08:12:05,2026-09-12 07:10:31,2026-09-12 14:49:53,2026-09-12 14:49:53,0,False,,2026-09-11 08:12:05,Hostel & Maintenance,Hostel & Maintenance,2026-09-12 07:10:31,0.0,0,1,STU24426,portal,High,False,Hostel & Maintenance,Closed,,False,0.06777777777777778,46.97388888888889,0.0,7.6561111111111115,0.0,54.69777777777778,54.69777777777778,54.69777777777778,24,2026-09-11 08:08:01,0.0,False,True,,False,Thursday,2026-09-07,,True,False
TKT-100934,2026-09-10 16:43:40,2026-09-11 09:17:18,2026-09-11 10:52:05,2026-09-11 11:41:10,2026-09-11 11:41:10,0,False,,,IT Support,IT Support,2026-09-11 10:52:05,0.0,1,1,STU25421,email,High,False,IT Support,Closed,,True,16.560555555555556,1.5797222222222222,0.0,0.8180555555555555,0.0,18.958333333333332,18.958333333333332,18.958333333333332,24,2026-09-11 16:43:40,1.0,False,False,,False,Thursday,2026-09-07,,True,False
TKT-100935,2026-09-10 16:13:19,2026-09-11 13:17:50,2026-09-13 19:56:40,2026-09-14 13:46:03,2026-09-14 13:46:03,0,False,2026-09-14 10:00:00,2026-09-12 13:17:50,Academics & Exams,Academics & Exams,2026-09-13 19:56:40,0.0,4,1,STU24823,portal,High,False,Academics & Exams,Closed,3.0,True,21.075277777777778,54.647222222222226,0.0,17.823055555555555,0.0,93.54555555555555,93.54555555555555,93.54555555555555,24,2026-09-11 16:13:19,0.0,True,True,89.77805555555555,True,Thursday,2026-09-07,,True,False
TKT-100936,2026-09-10 12:13:53,2026-09-10 12:20:32,2026-09-10 14:13:55,,,0,False,,,Academics & Exams,Academics & Exams,2026-09-10 14:13:55,0.0,3,1,STU24868,portal,High,False,Academics & Exams,Closed - No Response,,False,0.11083333333333334,1.8897222222222223,0.0,,,,,,24,2026-09-11 12:13:53,,False,False,,False,Thursday,2026-09-07,closed - student never replied,False,False
TKT-100937,2026-09-10 10:52:53,2026-09-10 11:01:39,2026-09-10 14:27:27,2026-09-10 19:06:52,2026-09-10 19:06:52,0,False,,,IT Support,IT Support,2026-09-10 14:27:27,0.0,0,1,STU24685,email,High,False,IT Support,Closed,,False,0.1461111111111111,3.43,0.0,4.656944444444444,0.0,8.233055555555556,8.233055555555556,8.233055555555556,24,2026-09-11 10:52:53,1.0,False,False,,False,Thursday,2026-09-07,,True,False
TKT-100938,2026-09-10 20:49:24,2026-09-11 11:00:08,2026-09-11 16:28:43,2026-09-12 10:06:48,2026-09-12 10:06:48,0,False,,,Hostel & Maintenance,Hostel & Maintenance,2026-09-11 16:28:43,3.3983333333333334,0,1,STU24109,email,Medium,True,Hostel & Maintenance,Closed,,True,14.178888888888888,5.476388888888889,0.0,14.23638888888889,0.0,37.29,33.891666666666666,33.891666666666666,72,2026-09-13 20:49:24,1.0,False,False,,False,Thursday,2026-09-07,,True,False
TKT-100939,2026-09-10 10:54:36,2026-09-10 11:03:57,2026-09-10 16:34:41,2026-09-15 09:00:00,2026-09-15 09:00:00,0,False,2026-09-14 10:00:00,,Academics & Exams,Academics & Exams,2026-09-10 16:34:41,0.0,4,1,STU25378,portal,Medium,False,Academics & Exams,Closed,,False,0.15583333333333332,5.512222222222222,0.0,112.42194444444445,0.0,118.09,118.09,118.09,72,2026-09-13 10:54:36,0.0,True,False,95.09,True,Thursday,2026-09-07,,True,False
TKT-100940,2026-09-10 17:03:50,2026-09-10 17:06:16,2026-09-14 08:19:57,2026-09-15 09:00:00,2026-09-15 09:00:00,0,False,2026-09-14 10:00:00,2026-09-11 17:06:16,Fees & Finance,Fees & Finance,2026-09-14 08:19:57,0.0,4,1,STU25591,portal,Low,False,Fees & Finance,Closed,5.0,False,0.04055555555555555,87.22805555555556,0.0,24.6675,0.0,111.93611111111112,111.93611111111112,111.93611111111112,120,2026-09-15 17:03:50,1.0,True,True,88.93611111111112,False,Thursday,2026-09-07,,True,False
TKT-100941,2026-09-15 14:04:03,2026-09-10 14:08:22,2026-09-11 12:27:58,2026-09-11 17:25:23,2026-09-11 17:25:23,0,False,,,IT Support,IT Support,2026-09-11 12:27:58,0.0,0,1,STU25285,walk_in,Medium,False,IT Support,Closed,4.0,False,-119.92805555555556,22.326666666666668,0.0,4.956944444444445,0.0,-92.64444444444445,-92.64444444444445,-92.64444444444445,72,2026-09-18 14:04:03,1.0,False,False,,False,Tuesday,2026-09-14,chronology violation (clock skew),False,False
TKT-100942,2026-09-10 00:47:57,2026-09-10 12:05:52,2026-09-10 13:04:49,2026-09-10 15:17:04,2026-09-10 15:17:04,0,False,,,IT Support,IT Support,2026-09-10 13:04:49,0.0,0,1,STU25357,email,Low,False,IT Support,Closed,5.0,True,11.29861111111111,0.9825,0.0,2.2041666666666666,0.0,14.485277777777778,14.485277777777778,14.485277777777778,120,2026-09-15 00:47:57,1.0,False,False,,False,Thursday,2026-09-07,,True,False
TKT-100943,2026-09-10 17:36:20,2026-09-11 10:01:47,2026-09-11 10:37:22,2026-09-14 09:39:45,2026-09-14 09:39:45,0,False,,,Hostel & Maintenance,Hostel & Maintenance,2026-09-11 10:37:22,5.845277777777778,3,1,STU25143,email,Low,False,Hostel & Maintenance,Closed,,True,16.424166666666668,0.5930555555555556,0.0,65.19444444444444,0.0,88.05694444444444,82.21166666666666,82.21166666666666,120,2026-09-15 17:36:20,1.0,False,False,,False,Thursday,2026-09-07,,True,False
TKT-100944,2026-09-10 15:34:18,2026-09-11 09:03:33,2026-09-14 16:46:31,,,0,False,2026-09-14 10:00:00,2026-09-12 09:03:33,Academics & Exams,Academics & Exams,2026-09-14 16:46:31,0.0,11,1,STU25560,portal,High,False,Academics & Exams,In Progress,,True,17.4875,79.7161111111111,0.0,,,,,,24,2026-09-11 15:34:18,,True,True,90.42833333333333,True,Thursday,2026-09-07,still open at export,False,True
TKT-100945,2026-09-10 09:44:29,2026-09-10 09:56:56,2026-09-10 12:48:22,2026-09-11 09:46:43,2026-09-15 09:58:17,0,True,,,Hostel & Maintenance,Hostel & Maintenance,2026-09-10 12:48:22,0.0,1,1,STU24869,portal,Medium,False,Hostel & Maintenance,Closed,,False,0.2075,2.857222222222222,0.0,20.9725,96.19277777777778,120.23,120.23,24.037222222222223,72,2026-09-13 09:44:29,0.0,False,False,,False,Thursday,2026-09-07,,True,False
TKT-100946,2026-09-10 21:24:34,2026-09-10 21:38:27,2026-09-11 10:37:15,2026-09-14 09:49:15,2026-09-14 09:49:15,0,False,,,Academics & Exams,Academics & Exams,2026-09-11 10:37:15,0.0,3,1,STU25548,portal,Medium,False,Academics & Exams,Closed,,False,0.2313888888888889,12.98,0.0,71.2,0.0,84.4113888888889,84.4113888888889,84.4113888888889,72,2026-09-13 21:24:34,0.0,False,False,,False,Thursday,2026-09-07,,True,False
TKT-100947,2026-09-10 14:25:35,2026-09-10 14:37:41,2026-09-10 14:59:14,2026-09-11 10:21:25,2026-09-11 10:21:25,0,False,,,IT Support,IT Support,2026-09-10 14:59:14,0.0,1,1,STU24596,walk_in,Low,False,IT Support,Closed,,False,0.20166666666666666,0.3591666666666667,0.0,19.369722222222222,0.0,19.930555555555557,19.930555555555557,19.930555555555557,120,2026-09-15 14:25:35,1.0,False,False,,False,Thursday,2026-09-07,,True,False
TKT-100948,2026-09-10 10:11:38,2026-09-10 11:43:05,2026-09-10 12:31:50,,,0,False,2026-09-14 10:00:00,,Fees & Finance,Fees & Finance,2026-09-10 12:31:50,0.0,8,1,STU24059,email,Medium,True,Fees & Finance,In Progress,,True,1.5241666666666667,0.8125,0.0,,,,,,72,2026-09-13 10:11:38,,True,False,95.80611111111111,True,Thursday,2026-09-07,still open at export,False,True
TKT-100949,2026-09-10 13:36:07,2026-09-10 13:42:51,2026-09-10 14:45:45,2026-09-15 09:00:00,2026-09-15 09:00:00,0,False,2026-09-14 10:00:00,,Academics & Exams,Academics & Exams,2026-09-10 14:45:45,0.0,4,1,STU24908,portal,High,False,Academics & Exams,Closed,,False,0.11222222222222222,1.0483333333333333,0.0,114.2375,0.0,115.39805555555556,115.39805555555556,115.39805555555556,24,2026-09-11 13:36:07,0.0,True,False,92.39805555555556,True,Thursday,2026-09-07,,True,False
TKT-100950,2026-09-10 14:43:18,2026-09-10 14:44:35,2026-09-11 09:16:53,2026-09-12 10:06:26,2026-09-12 10:06:26,1,False,,,Academics & Exams,IT Support,2026-09-11 12:58:31,8.174166666666666,1,2,STU25551,portal,Low,False,Academics & Exams,Closed,,False,0.021388888888888888,18.538333333333334,3.693888888888889,12.957777777777777,0.0,43.385555555555555,35.21138888888889,35.21138888888889,120,2026-09-15 14:43:18,1.0,False,False,,False,Thursday,2026-09-07,,True,False
TKT-100951,2026-09-10 15:04:57,2026-09-10 17:28:57,2026-09-11 09:45:17,2026-09-11 17:29:19,2026-09-11 17:29:19,0,False,,,IT Support,IT Support,2026-09-11 09:45:17,0.0,0,1,STU24173,email,Low,False,IT Support,Closed,,True,2.4,16.272222222222222,0.0,7.733888888888889,0.0,26.406111111111112,26.406111111111112,26.406111111111112,120,2026-09-15 15:04:57,1.0,False,False,,False,Thursday,2026-09-07,,True,False
TKT-100952,2026-09-10 19:53:38,2026-09-10 20:07:19,2026-09-11 08:57:50,2026-09-11 11:20:24,2026-09-11 11:20:24,0,False,,,IT Support,IT Support,2026-09-11 08:57:50,0.0,0,1,STU24276,portal,High,False,IT Support,Closed,5.0,False,0.22805555555555557,12.841944444444444,0.0,2.3761111111111113,0.0,15.446111111111112,15.446111111111112,15.446111111111112,24,2026-09-11 19:53:38,1.0,False,False,,False,Thursday,2026-09-07,,True,False
TKT-100953,2026-09-10 18:49:29,2026-09-10 19:02:08,2026-09-11 11:29:24,2026-09-14 11:52:29,2026-09-14 11:52:29,1,False,2026-09-14 10:00:00,,Library,Academics & Exams,2026-09-11 15:49:33,0.0,2,2,STU24217,portal,Low,False,Library,Closed,4.0,False,0.21083333333333334,16.454444444444444,4.335833333333333,68.04888888888888,0.0,89.05,89.05,89.05,120,2026-09-15 18:49:29,1.0,True,False,87.17527777777778,False,Thursday,2026-09-07,,True,False
TKT-100954,2026-09-11 17:11:08,2026-09-11 17:20:01,2026-09-14 01:02:00,2026-09-15 16:17:21,2026-09-15 16:17:21,0,False,2026-09-14 10:00:00,2026-09-12 17:20:01,Academics & Exams,Academics & Exams,2026-09-14 01:02:00,0.0,2,1,STU24744,portal,Medium,False,Academics & Exams,Closed,,False,0.14805555555555555,55.69972222222222,0.0,39.255833333333335,0.0,95.1036111111111,95.1036111111111,95.1036111111111,72,2026-09-14 17:11:08,0.0,True,True,64.81444444444445,False,Friday,2026-09-07,,True,False
TKT-100955,2026-09-11 15:38:32,2026-09-12 13:41:25,2026-09-12 16:00:07,2026-09-15 08:00:00,2026-09-15 08:00:00,0,False,2026-09-14 10:00:00,,IT Support,IT Support,2026-09-12 16:00:07,7.183888888888889,6,1,STU24669,email,High,False,IT Support,Closed,,True,22.048055555555557,2.3116666666666665,0.0,56.814166666666665,0.0,88.35777777777778,81.1738888888889,81.1738888888889,24,2026-09-12 15:38:32,0.0,True,False,66.35777777777778,True,Friday,2026-09-07,,True,False
TKT-100956,2026-09-11 20:29:19,2026-09-12 09:12:21,2026-09-12 15:23:59,2026-09-14 10:08:47,2026-09-14 10:08:47,0,False,2026-09-14 10:00:00,,Library,Library,2026-09-12 15:23:59,0.0,1,1,STU24896,email,Low,False,Library,Closed,,True,12.717222222222222,6.193888888888889,0.0,42.74666666666667,0.0,61.65777777777778,61.65777777777778,61.65777777777778,120,2026-09-16 20:29:19,1.0,True,False,61.51138888888889,False,Friday,2026-09-07,,True,False
TKT-100957,2026-09-11 15:51:04,2026-09-11 15:59:04,2026-09-12 16:13:34,2026-09-14 11:35:35,2026-09-14 11:35:35,0,False,2026-09-14 10:00:00,2026-09-12 15:59:04,Hostel & Maintenance,Hostel & Maintenance,2026-09-12 16:13:34,0.0,2,1,STU24847,walk_in,Medium,False,Hostel & Maintenance,Closed,5.0,False,0.13333333333333333,24.241666666666667,0.0,43.36694444444444,0.0,67.74194444444444,67.74194444444444,67.74194444444444,72,2026-09-14 15:51:04,1.0,True,True,66.14888888888889,False,Friday,2026-09-07,,True,False
TKT-100958,2026-09-11 21:34:02,2026-09-12 09:17:23,2026-09-12 15:48:25,2026-09-14 08:35:57,2026-09-14 08:35:57,0,False,,,IT Support,IT Support,2026-09-12 15:48:25,0.0,3,1,STU25164,portal,High,False,IT Support,Closed,,True,11.7225,6.517222222222222,0.0,40.79222222222222,0.0,59.03194444444444,59.03194444444444,59.03194444444444,24,2026-09-12 21:34:02,0.0,False,False,,False,Friday,2026-09-07,,True,False
TKT-100959,2026-09-11 16:58:07,2026-09-11 17:03:25,2026-09-12 09:03:40,2026-09-12 10:59:12,2026-09-12 10:59:12,0,False,,,Library,Library,2026-09-12 09:03:40,0.0,0,1,STU25656,portal,Medium,False,Library,Closed,,False,0.08833333333333333,16.004166666666666,0.0,1.9255555555555555,0.0,18.018055555555556,18.018055555555556,18.018055555555556,72,2026-09-14 16:58:07,1.0,False,False,,False,Friday,2026-09-07,,True,False
TKT-100960,2026-09-11 15:05:22,2026-09-11 15:13:20,2026-09-11 15:19:11,2026-09-12 15:06:00,2026-09-12 15:06:00,0,False,,,IT Support,IT Support,2026-09-11 15:19:11,0.0,1,1,STU24201,portal,High,False,IT Support,Closed,,False,0.13277777777777777,0.0975,0.0,23.780277777777776,0.0,24.010555555555555,24.010555555555555,24.010555555555555,24,2026-09-12 15:05:22,0.0,False,False,,False,Friday,2026-09-07,,True,False
TKT-100961,2026-09-11 13:00:18,2026-09-11 13:12:19,2026-09-11 14:02:25,2026-09-12 13:05:28,2026-09-12 13:05:28,0,False,,,IT Support,IT Support,2026-09-11 14:02:25,7.3661111111111115,0,1,STU24906,portal,Medium,False,IT Support,Closed,,False,0.20027777777777778,0.835,0.0,15.684722222222222,0.0,24.086111111111112,16.72,16.72,72,2026-09-14 13:00:18,1.0,False,False,,False,Friday,2026-09-07,,True,False
TKT-100962,2026-09-11 14:07:26,2026-09-11 14:11:39,2026-09-14 18:07:38,2026-09-15 15:15:36,2026-09-15 15:15:36,0,False,2026-09-14 10:00:00,2026-09-12 14:11:39,Fees & Finance,Fees & Finance,2026-09-14 18:07:38,3.257222222222222,1,1,STU24422,portal,Medium,False,Fees & Finance,Closed,,False,0.07027777777777777,75.93305555555555,0.0,17.875555555555557,0.0,97.1361111111111,93.87888888888888,93.87888888888888,72,2026-09-14 14:07:26,0.0,True,True,67.87611111111111,False,Friday,2026-09-07,,True,False
TKT-100963,2026-09-11 15:48:50,2026-09-11 17:40:26,2026-09-14 01:09:47,2026-09-15 08:00:00,2026-09-15 08:00:00,0,False,2026-09-14 10:00:00,2026-09-12 17:40:26,Hostel & Maintenance,Hostel & Maintenance,2026-09-14 01:09:47,0.0,3,1,STU25402,portal,Medium,False,Unknown,Closed,3.0,True,1.86,55.48916666666667,0.0,30.836944444444445,0.0,88.18611111111112,88.18611111111112,88.18611111111112,72,2026-09-14 15:48:50,0.0,True,True,66.18611111111112,False,Friday,2026-09-07,,True,False
TKT-100964,2026-09-11 16:26:11,2026-09-11 16:36:55,2026-09-13 23:03:21,2026-09-14 14:04:46,2026-09-16 14:37:18,0,True,2026-09-14 10:00:00,2026-09-12 16:36:55,Academics & Exams,Academics & Exams,2026-09-13 23:03:21,0.0,6,1,STU25054,portal,Medium,False,Academics & Exams,Closed,,False,0.17888888888888888,54.440555555555555,0.0,15.02361111111111,48.54222222222222,118.18527777777778,118.18527777777778,69.64305555555555,72,2026-09-14 16:26:11,0.0,True,True,65.56361111111111,False,Friday,2026-09-07,,True,False
TKT-100965,2026-09-11 14:55:44,2026-09-11 15:06:45,2026-09-12 08:38:23,2026-09-14 15:03:51,2026-09-19 19:40:33,1,True,2026-09-14 10:00:00,,IT Support,Hostel & Maintenance,2026-09-12 10:59:08,10.96888888888889,5,2,STU24505,portal,Low,False,IT Support,Resolved,1.0,False,0.1836111111111111,17.52722222222222,2.345833333333333,41.10972222222222,124.61166666666666,196.74694444444444,185.77805555555554,61.16638888888888,120,2026-09-16 14:55:44,0.0,True,False,67.07111111111111,False,Friday,2026-09-07,,True,False
TKT-100966,2026-09-11 16:46:49,2026-09-11 16:51:13,2026-09-11 19:22:23,2026-09-15 08:00:00,2026-09-15 08:00:00,0,False,2026-09-14 10:00:00,,Hostel & Maintenance,Hostel & Maintenance,2026-09-11 19:22:23,24.75,3,1,STU24581,portal,Medium,False,Hostel & Maintenance,Closed,,False,0.07333333333333333,2.5194444444444444,0.0,59.87694444444445,0.0,87.21972222222222,62.46972222222222,62.46972222222222,72,2026-09-14 16:46:49,1.0,True,False,65.21972222222222,False,Friday,2026-09-07,,True,False
TKT-100967,2026-09-11 02:42:12,2026-09-11 10:53:53,2026-09-11 17:03:28,2026-09-12 08:42:10,2026-09-12 08:42:10,0,False,,,IT Support,IT Support,2026-09-11 17:03:28,0.0,0,1,STU25056,portal,High,False,Unknown,Closed,4.0,True,8.194722222222222,6.159722222222222,0.0,15.645,0.0,29.999444444444446,29.999444444444446,29.999444444444446,24,2026-09-12 02:42:12,0.0,False,False,,False,Friday,2026-09-07,,True,False
TKT-100968,2026-09-11 18:21:05,2026-09-12 11:18:42,2026-09-12 14:37:18,2026-09-12 19:12:33,2026-09-12 19:12:33,0,False,,,IT Support,IT Support,2026-09-12 14:37:18,0.0,0,1,STU24844,email,Medium,False,IT Support,Closed,,True,16.960277777777776,3.31,0.0,4.5875,0.0,24.857777777777777,24.857777777777777,24.857777777777777,72,2026-09-14 18:21:05,1.0,False,False,,False,Friday,2026-09-07,,True,False
TKT-100969,2026-09-11 22:18:04,2026-09-11 22:19:42,2026-09-12 10:37:10,2026-09-14 10:02:23,2026-09-14 10:02:23,0,False,2026-09-14 10:00:00,,IT Support,IT Support,2026-09-12 10:37:10,5.312777777777778,1,1,STU24408,portal,High,False,IT Support,Closed,1.0,False,0.02722222222222222,12.29111111111111,0.0,42.1075,0.0,59.73861111111111,54.42583333333334,54.42583333333334,24,2026-09-12 22:18:04,0.0,True,False,59.69888888888889,True,Friday,2026-09-07,,True,False
TKT-100970,2026-09-11 12:10:08,2026-09-11 14:10:07,2026-09-14 03:37:49,2026-09-15 09:38:37,2026-09-17 16:52:59,0,True,2026-09-14 10:00:00,2026-09-12 14:10:07,Hostel & Maintenance,Hostel & Maintenance,2026-09-14 03:37:49,5.137777777777778,2,1,STU24347,email,Medium,True,Hostel & Maintenance,Closed,2.0,True,1.9997222222222222,61.461666666666666,0.0,24.875555555555554,55.239444444444445,148.71416666666667,143.57638888888889,88.33694444444444,72,2026-09-14 12:10:08,0.0,True,True,69.83111111111111,False,Friday,2026-09-07,,True,False
TKT-100971,2026-09-11 21:47:54,2026-09-11 21:55:39,2026-09-12 13:37:47,2026-09-12 15:21:54,2026-09-12 15:21:54,0,False,,,Library,Library,2026-09-12 13:37:47,0.0,0,1,STU24025,portal,Low,False,Library,Closed,,False,0.12916666666666668,15.702222222222222,0.0,1.7352777777777777,0.0,17.566666666666666,17.566666666666666,17.566666666666666,120,2026-09-16 21:47:54,1.0,False,False,,False,Friday,2026-09-07,,True,False
TKT-100972,2026-09-11 09:58:55,2026-09-11 10:01:54,2026-09-12 11:00:04,2026-09-15 19:26:26,2026-09-15 19:26:26,1,False,2026-09-14 10:00:00,2026-09-12 10:01:54,Library,Hostel & Maintenance,2026-09-12 12:50:21,0.0,3,2,STU24576,portal,Medium,False,Library,Closed,2.0,False,0.04972222222222222,24.969444444444445,1.8380555555555556,78.60138888888889,0.0,105.45861111111111,105.45861111111111,105.45861111111111,72,2026-09-14 09:58:55,0.0,True,True,72.01805555555555,True,Friday,2026-09-07,,True,False
TKT-100973,2026-09-11 20:18:39,2026-09-12 11:17:58,2026-09-12 16:50:13,2026-09-15 18:04:50,2026-09-15 18:04:50,0,False,2026-09-14 10:00:00,,IT Support,IT Support,2026-09-12 16:50:13,0.0,4,1,STU25267,portal,Low,False,IT Support,Closed,,True,14.988611111111112,5.5375,0.0,73.24361111111111,0.0,93.76972222222223,93.76972222222223,93.76972222222223,120,2026-09-16 20:18:39,1.0,True,False,61.689166666666665,False,Friday,2026-09-07,,True,False
TKT-100974,2026-09-11 18:30:27,2026-09-12 09:50:39,2026-09-12 11:53:22,2026-09-12 13:19:06,2026-09-12 13:19:06,0,False,,,Library,Library,2026-09-12 11:53:22,0.0,1,1,STU24510,email,Medium,True,Library,Closed,,True,15.336666666666666,2.0452777777777778,0.0,1.4288888888888889,0.0,18.810833333333335,18.810833333333335,18.810833333333335,72,2026-09-14 18:30:27,1.0,False,False,,False,Friday,2026-09-07,,True,False
TKT-100975,2026-09-11 11:27:46,2026-09-12 09:51:43,2026-09-12 11:17:27,2026-09-12 17:56:14,2026-09-12 17:56:14,0,False,,,IT Support,IT Support,2026-09-12 11:17:27,0.0,1,1,STU24141,email,Medium,True,IT Support,Closed,4.0,True,22.399166666666666,1.4288888888888889,0.0,6.646388888888889,0.0,30.474444444444444,30.474444444444444,30.474444444444444,72,2026-09-14 11:27:46,1.0,False,False,,False,Friday,2026-09-07,,True,False
TKT-100976,2026-09-11 20:04:15,2026-09-11 20:13:40,2026-09-15 09:06:07,2026-09-15 13:44:23,2026-09-15 13:44:23,0,False,2026-09-14 10:00:00,2026-09-12 20:13:40,Fees & Finance,Fees & Finance,2026-09-15 09:06:07,0.0,1,1,STU24957,portal,High,False,Fees & Finance,Closed,4.0,False,0.15694444444444444,84.87416666666667,0.0,4.637777777777778,0.0,89.66888888888889,89.66888888888889,89.66888888888889,24,2026-09-12 20:04:15,0.0,True,True,61.92916666666667,True,Friday,2026-09-07,,True,False
TKT-100977,2026-09-11 20:22:23,2026-09-11 20:37:13,2026-09-12 09:48:24,2026-09-12 16:40:28,2026-09-12 16:40:28,0,False,,,IT Support,IT Support,2026-09-12 09:48:24,0.0,0,1,STU24981,portal,High,False,IT Support,Closed,,False,0.24722222222222223,13.186388888888889,0.0,6.8677777777777775,0.0,20.301388888888887,20.301388888888887,20.301388888888887,24,2026-09-12 20:22:23,1.0,False,False,,False,Friday,2026-09-07,,True,False
TKT-100978,2026-09-11 19:01:44,2026-09-12 09:01:07,2026-09-12 10:14:30,2026-09-12 18:18:51,2026-09-12 18:18:51,0,False,,,Hostel & Maintenance,Hostel & Maintenance,2026-09-12 10:14:30,0.0,0,1,STU24871,email,Medium,True,Hostel & Maintenance,Closed,4.0,True,13.989722222222222,1.2230555555555556,0.0,8.0725,0.0,23.28527777777778,23.28527777777778,23.28527777777778,72,2026-09-14 19:01:44,1.0,False,False,,False,Friday,2026-09-07,,True,False
TKT-100979,2026-09-11 18:15:04,2026-09-11 18:16:26,2026-09-13 22:33:33,2026-09-15 09:00:00,2026-09-15 09:00:00,0,False,2026-09-14 10:00:00,2026-09-12 18:16:26,Fees & Finance,Fees & Finance,2026-09-13 22:33:33,0.0,2,1,STU24510,portal,Medium,False,Fees & Finance,Closed,2.0,False,0.02277777777777778,52.28527777777778,0.0,34.44083333333333,0.0,86.74888888888889,86.74888888888889,86.74888888888889,72,2026-09-14 18:15:04,0.0,True,True,63.74888888888889,False,Friday,2026-09-07,,True,False
TKT-100980,2026-09-11 21:57:22,2026-09-11 22:05:44,2026-09-12 14:37:45,2026-09-14 15:39:08,2026-09-14 15:39:08,0,False,2026-09-14 10:00:00,,Hostel & Maintenance,Hostel & Maintenance,2026-09-12 14:37:45,0.0,2,1,STU24166,portal,Medium,False,Hostel & Maintenance,Closed,,False,0.13944444444444445,16.53361111111111,0.0,49.02305555555556,0.0,65.69611111111111,65.69611111111111,65.69611111111111,72,2026-09-14 21:57:22,1.0,True,False,60.04388888888889,False,Friday,2026-09-07,,True,False
TKT-100981,2026-09-11 13:47:52,2026-09-11 13:51:06,2026-09-11 14:43:44,2026-09-11 16:56:16,2026-09-11 16:56:16,0,False,,,IT Support,IT Support,2026-09-11 14:43:44,0.0,0,1,STU24555,portal,Medium,False,IT Support,Closed,,False,0.05388888888888889,0.8772222222222222,0.0,2.2088888888888887,0.0,3.14,3.14,3.14,72,2026-09-14 13:47:52,1.0,False,False,,False,Friday,2026-09-07,,True,False
TKT-100982,2026-09-11 15:13:30,2026-09-11 16:21:47,2026-09-12 08:06:39,2026-09-14 09:37:25,2026-09-14 09:37:25,0,False,,,IT Support,IT Support,2026-09-12 08:06:39,4.708888888888889,2,1,STU24483,email,Medium,False,IT Support,Closed,,True,1.1380555555555556,15.747777777777777,0.0,44.80388888888889,0.0,66.39861111111111,61.68972222222222,61.68972222222222,72,2026-09-14 15:13:30,1.0,False,False,,False,Friday,2026-09-07,,True,False
TKT-100983,2026-09-11 18:52:33,2026-09-12 14:59:58,2026-09-15 00:21:13,,,0,False,2026-09-14 10:00:00,2026-09-13 14:59:58,Academics & Exams,Academics & Exams,2026-09-15 00:21:13,53.34027777777778,1,1,STU25390,email,Medium,False,Academics & Exams,In Progress,,True,20.12361111111111,57.354166666666664,0.0,,,,,,72,2026-09-14 18:52:33,,True,True,63.12416666666667,False,Friday,2026-09-07,still open at export,False,True
TKT-100984,2026-09-11 11:08:20,2026-09-11 11:14:18,2026-09-12 14:35:11,2026-09-14 14:45:43,2026-09-14 14:45:43,0,False,2026-09-14 10:00:00,2026-09-12 11:14:18,Hostel & Maintenance,Hostel & Maintenance,2026-09-12 14:35:11,0.0,1,1,STU24214,portal,Low,False,Hostel & Maintenance,Closed,,False,0.09944444444444445,27.348055555555554,0.0,48.175555555555555,0.0,75.62305555555555,75.62305555555555,75.62305555555555,120,2026-09-16 11:08:20,1.0,True,True,70.86111111111111,False,Friday,2026-09-07,,True,False
TKT-100985,2026-09-11 11:21:48,2026-09-11 11:25:08,2026-09-11 14:09:25,2026-09-12 08:58:11,2026-09-12 08:58:11,0,False,,,IT Support,IT Support,2026-09-11 14:09:25,0.0,1,1,STU25632,portal,Low,False,IT Support,Closed,,False,0.05555555555555555,2.7380555555555555,0.0,18.81277777777778,0.0,21.60638888888889,21.60638888888889,21.60638888888889,120,2026-09-16 11:21:48,1.0,False,False,,False,Friday,2026-09-07,,True,False
TKT-100986,2026-09-11 09:59:33,2026-09-11 11:52:41,2026-09-13 21:02:04,2026-09-16 17:24:15,2026-09-19 12:04:30,1,True,2026-09-14 10:00:00,2026-09-12 11:52:41,Fees & Finance,Hostel & Maintenance,2026-09-15 12:00:46,0.0,2,2,STU25323,email,Medium,True,Fees & Finance,Resolved,,True,1.8855555555555557,57.15638888888889,38.97833333333333,29.39138888888889,66.67083333333333,194.0825,194.0825,127.41166666666666,72,2026-09-14 09:59:33,0.0,True,True,72.0075,True,Friday,2026-09-07,,True,False
TKT-100987,2026-09-11 18:30:44,2026-09-11 18:38:41,2026-09-12 08:58:55,2026-09-12 13:14:33,2026-09-12 13:14:33,0,False,,,Hostel & Maintenance,Hostel & Maintenance,2026-09-12 08:58:55,0.0,2,1,STU25757,portal,Low,False,Hostel & Maintenance,Closed,,False,0.1325,14.337222222222222,0.0,4.260555555555555,0.0,18.73027777777778,18.73027777777778,18.73027777777778,120,2026-09-16 18:30:44,1.0,False,False,,False,Friday,2026-09-07,,True,False
TKT-100988,2026-09-12 11:54:16,2026-09-12 12:06:35,2026-09-12 19:25:42,2026-09-16 08:00:00,2026-09-18 18:22:10,0,True,2026-09-15 10:00:00,,Hostel & Maintenance,Hostel & Maintenance,2026-09-12 19:25:42,0.0,7,1,STU24842,portal,Medium,False,Hostel & Maintenance,Resolved,2.0,False,0.20527777777777778,7.318611111111111,0.0,84.57166666666667,58.36944444444445,150.465,150.465,92.09555555555555,72,2026-09-15 11:54:16,0.0,True,False,70.09555555555555,False,Saturday,2026-09-07,,True,False
TKT-100989,2026-09-12 22:51:17,2026-09-12 22:54:10,2026-09-14 07:53:45,2026-09-15 09:17:42,2026-09-15 09:17:42,0,False,,2026-09-13 22:54:10,IT Support,IT Support,2026-09-14 07:53:45,12.858055555555556,1,1,STU25609,portal,Medium,False,IT Support,Closed,,False,0.04805555555555555,32.99305555555556,0.0,12.54111111111111,0.0,58.44027777777778,45.58222222222223,45.58222222222223,72,2026-09-15 22:51:17,1.0,False,True,,False,Saturday,2026-09-07,,True,False
TKT-100990,2026-09-12 19:17:01,2026-09-12 19:24:56,2026-09-15 02:11:14,2026-09-17 08:00:00,2026-09-17 08:00:00,0,False,2026-09-15 10:00:00,2026-09-13 19:24:56,Hostel & Maintenance,Hostel & Maintenance,2026-09-15 02:11:14,0.0,0,1,STU25482,portal,High,False,Hostel & Maintenance,Closed,3.0,False,0.13194444444444445,54.77166666666667,0.0,53.812777777777775,0.0,108.71638888888889,108.71638888888889,108.71638888888889,24,2026-09-13 19:17:01,0.0,True,True,62.716388888888886,True,Saturday,2026-09-07,,True,False
TKT-100991,2026-09-12 11:14:02,2026-09-12 15:11:28,2026-09-12 15:26:49,2026-09-14 13:12:15,2026-09-14 13:12:15,1,False,,,Hostel & Maintenance,IT Support,2026-09-12 15:41:58,0.0,1,2,STU24420,email,Low,False,Hostel & Maintenance,Closed,4.0,True,3.957222222222222,0.25583333333333336,0.2525,45.50472222222222,0.0,49.97027777777778,49.97027777777778,49.97027777777778,120,2026-09-17 11:14:02,1.0,False,False,,False,Saturday,2026-09-07,,True,False
TKT-100992,2026-09-12 18:34:37,2026-09-12 18:42:48,2026-09-14 05:20:16,,,1,False,2026-09-15 10:00:00,2026-09-13 18:42:48,Library,Academics & Exams,2026-09-15 16:28:47,1.218611111111111,7,2,STU25087,portal,Medium,False,Library,In Progress,,False,0.1363888888888889,34.62444444444444,35.14194444444445,,,,,,72,2026-09-15 18:34:37,,True,True,63.42305555555556,False,Saturday,2026-09-07,still open at export,False,True
TKT-100993,2026-09-12 11:37:46,2026-09-12 14:20:32,2026-09-14 08:00:52,2026-09-15 10:42:08,2026-09-15 10:42:08,0,False,2026-09-15 10:00:00,2026-09-13 14:20:32,Academics & Exams,Academics & Exams,2026-09-14 08:00:52,0.0,1,1,STU25105,portal,Medium,False,Academics & Exams,Closed,,True,2.7127777777777777,41.672222222222224,0.0,26.68777777777778,0.0,71.07277777777777,71.07277777777777,71.07277777777777,72,2026-09-15 11:37:46,1.0,True,True,70.37055555555555,False,Saturday,2026-09-07,,True,False
TKT-100994,2026-09-12 17:57:30,2026-09-12 17:59:05,2026-09-15 04:34:42,2026-09-17 08:00:00,2026-09-17 08:00:00,0,False,2026-09-15 10:00:00,2026-09-13 17:59:05,Hostel & Maintenance,Hostel & Maintenance,2026-09-15 04:34:42,14.681666666666667,7,1,STU24104,portal,Medium,False,Hostel & Maintenance,Closed,,False,0.02638888888888889,58.59361111111111,0.0,36.74,0.0,110.04166666666667,95.36,95.36,72,2026-09-15 17:57:30,0.0,True,True,64.04166666666667,False,Saturday,2026-09-07,,True,False
TKT-100995,2026-09-12 15:17:56,2026-09-12 15:30:20,2026-09-12 15:30:51,2026-09-12 19:19:35,2026-09-12 19:19:35,0,False,,,IT Support,IT Support,2026-09-12 15:30:51,0.0,0,1,STU24751,portal,Medium,False,IT Support,Closed,,False,0.20666666666666667,0.008611111111111111,0.0,3.812222222222222,0.0,4.0275,4.0275,4.0275,72,2026-09-15 15:17:56,1.0,False,False,,False,Saturday,2026-09-07,,True,False
TKT-100996,2026-09-12 16:34:47,2026-09-12 16:42:42,2026-09-15 00:12:59,2026-09-15 13:52:24,2026-09-17 12:28:01,0,True,2026-09-15 10:00:00,2026-09-13 16:42:42,Hostel & Maintenance,Hostel & Maintenance,2026-09-15 00:12:59,0.0,7,1,STU25675,portal,High,False,Hostel & Maintenance,Closed,,False,0.13194444444444445,55.50472222222222,0.0,13.656944444444445,46.59361111111111,115.88722222222222,115.88722222222222,69.2936111111111,24,2026-09-13 16:34:47,0.0,True,True,65.42027777777778,True,Saturday,2026-09-07,,True,False
TKT-100997,2026-09-12 17:20:03,2026-09-12 17:34:36,2026-09-15 00:04:26,2026-09-16 14:45:07,2026-09-16 14:45:07,0,False,2026-09-15 10:00:00,2026-09-13 17:34:36,Academics & Exams,Academics & Exams,2026-09-15 00:04:26,0.0,2,1,STU24240,email,Medium,False,Academics & Exams,Closed,3.0,False,0.2425,54.49722222222222,0.0,38.67805555555555,0.0,93.41777777777777,93.41777777777777,93.41777777777777,72,2026-09-15 17:20:03,0.0,True,True,64.66583333333334,False,Saturday,2026-09-07,,True,False
TKT-100998,2026-09-12 07:37:46,2026-09-12 07:50:17,2026-09-12 11:10:12,2026-09-14 13:13:40,2026-09-14 13:13:40,1,False,2026-09-14 10:00:00,,Library,Hostel & Maintenance,2026-09-12 18:11:28,0.0,2,2,STU24817,portal,Medium,False,Library,Closed,3.0,False,0.2086111111111111,3.3319444444444444,7.021111111111111,43.03666666666667,0.0,53.598333333333336,53.598333333333336,53.598333333333336,72,2026-09-15 07:37:46,1.0,True,False,50.370555555555555,False,Saturday,2026-09-07,,True,False
TKT-100999,2026-09-12 16:29:21,2026-09-12 16:33:09,2026-09-14 05:24:51,2026-09-14 16:10:33,2026-09-14 16:10:33,0,False,,2026-09-13 16:33:09,Academics & Exams,Academics & Exams,2026-09-14 05:24:51,0.0,2,1,STU25607,portal,Low,False,Academics & Exams,Closed,5.0,False,0.06333333333333334,36.861666666666665,0.0,10.761666666666667,0.0,47.68666666666667,47.68666666666667,47.68666666666667,120,2026-09-17 16:29:21,1.0,False,True,,False,Saturday,2026-09-07,,True,False
TKT-101000,2026-09-12 14:12:37,2026-09-12 16:50:26,2026-09-14 06:54:23,2026-09-14 15:23:19,2026-09-14 15:23:19,0,False,,2026-09-13 16:50:26,Academics & Exams,Academics & Exams,2026-09-14 06:54:23,0.0,1,1,STU24874,email,Low,False,Academics & Exams,Closed,,True,2.6302777777777777,38.06583333333333,0.0,8.482222222222223,0.0,49.178333333333335,49.178333333333335,49.178333333333335,120,2026-09-17 14:12:37,1.0,False,True,,False,Saturday,2026-09-07,,True,False
TKT-101001,2026-09-12 21:44:25,2026-09-14 09:53:42,2026-09-16 04:14:00,,,3,False,2026-09-15 10:00:00,2026-09-15 09:53:42,Library,Academics & Exams,2026-09-18 17:15:59,0.0,5,3,STU25044,email,Medium,True,Library,In Progress,,True,36.15472222222222,42.33833333333333,61.033055555555556,,,,,,72,2026-09-15 21:44:25,,True,True,60.25972222222222,False,Saturday,2026-09-07,still open at export,False,True
TKT-101002,2026-09-12 18:43:06,2026-09-12 18:44:19,2026-09-12 18:55:42,2026-09-14 08:52:55,2026-09-14 08:52:55,0,False,,,IT Support,IT Support,2026-09-12 18:55:42,0.0,2,1,STU24864,portal,High,False,IT Support,Closed,3.0,False,0.020277777777777777,0.1897222222222222,0.0,37.95361111111111,0.0,38.16361111111111,38.16361111111111,38.16361111111111,24,2026-09-13 18:43:06,0.0,False,False,,False,Saturday,2026-09-07,,True,False
TKT-101003,2026-09-12 10:31:00,2026-09-14 15:00:15,2026-09-14 16:15:51,2026-09-17 09:00:00,2026-09-17 09:00:00,0,False,2026-09-15 10:00:00,,Academics & Exams,Academics & Exams,2026-09-14 16:15:51,3.269722222222222,4,1,STU24965,email,Medium,True,Academics & Exams,Closed,2.0,True,52.4875,1.26,0.0,61.46611111111111,0.0,118.48333333333333,115.2136111111111,115.2136111111111,72,2026-09-15 10:31:00,0.0,True,False,71.48333333333333,False,Saturday,2026-09-07,,True,False
TKT-101004,2026-09-12 13:33:16,2026-09-12 13:44:40,2026-09-12 13:50:30,2026-09-12 16:35:46,2026-09-12 16:35:46,0,False,,,IT Support,IT Support,2026-09-12 13:50:30,0.0,0,1,STU24707,portal,High,False,IT Support,Closed,,False,0.19,0.09722222222222222,0.0,2.7544444444444443,0.0,3.0416666666666665,3.0416666666666665,3.0416666666666665,24,2026-09-13 13:33:16,1.0,False,False,,False,Saturday,2026-09-07,,True,False
TKT-101005,2026-09-12 23:59:16,2026-09-13 00:11:27,2026-09-14 08:56:04,2026-09-14 18:39:52,2026-09-14 18:39:52,0,False,,2026-09-14 00:11:27,IT Support,IT Support,2026-09-14 08:56:04,0.0,1,1,STU25060,portal,High,False,IT Support,Closed,,False,0.20305555555555554,32.743611111111115,0.0,9.73,0.0,42.67666666666667,42.67666666666667,42.67666666666667,24,2026-09-13 23:59:16,0.0,False,True,,False,Saturday,2026-09-07,,True,False
TKT-101006,2026-09-12 19:58:25,2026-09-12 20:02:08,2026-09-14 05:33:25,2026-09-15 11:49:09,2026-09-15 11:49:09,0,False,2026-09-15 10:00:00,2026-09-13 20:02:08,Academics & Exams,Academics & Exams,2026-09-14 05:33:25,0.0,0,1,STU25646,portal,Medium,False,Academics & Exams,Closed,5.0,False,0.06194444444444445,33.521388888888886,0.0,30.26222222222222,0.0,63.845555555555556,63.845555555555556,63.845555555555556,72,2026-09-15 19:58:25,1.0,True,True,62.02638888888889,False,Saturday,2026-09-07,,True,False
TKT-101007,2026-09-12 15:20:02,2026-09-12 15:24:24,2026-09-12 15:42:35,2026-09-12 18:52:33,2026-09-12 18:52:33,0,False,,,IT Support,IT Support,2026-09-12 15:42:35,0.0,0,1,STU25636,walk_in,Medium,False,IT Support,Closed,,False,0.07277777777777777,0.3030555555555556,0.0,3.1661111111111113,0.0,3.5419444444444443,3.5419444444444443,3.5419444444444443,72,2026-09-15 15:20:02,1.0,False,False,,False,Saturday,2026-09-07,,True,False
TKT-101008,2026-09-13 14:13:27,2026-09-14 09:33:33,2026-09-14 12:21:22,2026-09-14 16:18:03,2026-09-14 16:18:03,0,False,,,IT Support,IT Support,2026-09-14 12:21:22,0.0,0,1,STU25645,email,Medium,False,IT Support,Closed,5.0,True,19.335,2.7969444444444442,0.0,3.944722222222222,0.0,26.076666666666668,26.076666666666668,26.076666666666668,72,2026-09-16 14:13:27,1.0,False,False,,False,Sunday,2026-09-07,,True,False
TKT-101009,2026-09-13 08:45:22,2026-09-14 09:29:36,2026-09-15 12:57:21,2026-09-17 09:00:00,2026-09-17 09:00:00,0,False,2026-09-15 10:00:00,2026-09-15 09:29:36,Fees & Finance,Fees & Finance,2026-09-15 12:57:21,0.0,1,1,STU24843,email,Medium,False,Fees & Finance,Closed,4.0,True,24.737222222222222,27.4625,0.0,44.04416666666667,0.0,96.24388888888889,96.24388888888889,96.24388888888889,72,2026-09-16 08:45:22,0.0,True,True,49.24388888888889,False,Sunday,2026-09-07,,True,False
TKT-101010,2026-09-13 11:08:11,2026-09-13 11:22:25,2026-09-16 17:35:55,2026-09-18 11:21:02,2026-09-18 11:21:02,0,False,2026-09-16 10:00:00,2026-09-14 11:22:25,Academics & Exams,Academics & Exams,2026-09-16 17:35:55,23.4925,1,1,STU24081,portal,Medium,False,Academics & Exams,Resolved,,False,0.23722222222222222,78.225,0.0,18.259444444444448,0.0,120.21416666666667,96.72166666666666,96.72166666666666,72,2026-09-16 11:08:11,0.0,True,True,70.86361111111111,False,Sunday,2026-09-07,,True,False
TKT-101011,2026-09-13 10:45:16,2026-09-13 10:47:50,2026-09-14 12:17:51,2026-09-16 10:55:31,2026-09-16 10:55:31,0,False,2026-09-16 10:00:00,2026-09-14 10:47:50,Fees & Finance,Fees & Finance,2026-09-14 12:17:51,0.0,1,1,STU24515,portal,Medium,False,Fees & Finance,Closed,,False,0.042777777777777776,25.50027777777778,0.0,46.62777777777778,0.0,72.17083333333333,72.17083333333333,72.17083333333333,72,2026-09-16 10:45:16,0.0,True,True,71.24555555555555,False,Sunday,2026-09-07,,True,False
TKT-101012,2026-09-13 12:16:24,2026-09-14 10:06:24,2026-09-14 19:26:29,,,2,False,2026-09-16 10:00:00,,Hostel & Maintenance,Academics & Exams,2026-09-17 10:47:05,3.8405555555555555,2,3,STU25500,portal,Low,False,Hostel & Maintenance,In Progress,,True,21.833333333333332,9.334722222222222,63.343333333333334,,,,,,120,2026-09-18 12:16:24,,True,False,69.72666666666667,False,Sunday,2026-09-07,still open at export,False,True
TKT-101013,2026-09-13 19:19:08,2026-09-13 19:27:36,2026-09-16 17:25:29,2026-09-17 13:47:12,2026-09-17 13:47:12,0,False,2026-09-16 10:00:00,2026-09-14 19:27:36,Academics & Exams,Academics & Exams,2026-09-16 17:25:29,1.4283333333333332,3,1,STU25398,portal,Medium,False,Academics & Exams,Closed,2.0,False,0.1411111111111111,69.96472222222222,0.0,18.93361111111111,0.0,90.46777777777778,89.03944444444446,89.03944444444446,72,2026-09-16 19:19:08,0.0,True,True,62.681111111111115,False,Sunday,2026-09-07,,True,False
TKT-101014,2026-09-13 04:33:25,2026-09-14 10:29:59,2026-09-16 03:24:37,2026-09-16 12:12:46,2026-09-16 12:12:46,0,False,2026-09-15 10:00:00,2026-09-15 10:29:59,Hostel & Maintenance,Hostel & Maintenance,2026-09-16 03:24:37,0.0,2,1,STU24786,email,High,False,Hostel & Maintenance,Closed,,True,29.942777777777778,40.910555555555554,0.0,8.8025,0.0,79.65583333333333,79.65583333333333,79.65583333333333,24,2026-09-14 04:33:25,0.0,True,True,53.44305555555555,True,Sunday,2026-09-07,,True,False
TKT-101015,2026-09-13 11:46:33,2026-09-14 09:36:54,2026-09-14 09:41:35,2026-09-14 10:38:12,2026-09-14 10:38:12,0,False,,,Library,Library,2026-09-14 09:41:35,0.0,0,1,STU25699,email,Medium,True,Library,Closed,,True,21.839166666666667,0.07805555555555556,0.0,0.9436111111111111,0.0,22.860833333333332,22.860833333333332,22.860833333333332,72,2026-09-16 11:46:33,1.0,False,False,,False,Sunday,2026-09-07,,True,False
TKT-101016,2026-09-13 20:23:25,2026-09-14 11:01:26,2026-09-14 14:33:02,2026-09-14 16:05:59,2026-09-14 16:05:59,0,False,,,Library,Library,2026-09-14 14:33:02,0.0,0,1,STU25378,portal,Medium,False,Library,Closed,5.0,True,14.633611111111112,3.526666666666667,0.0,1.5491666666666666,0.0,19.709444444444443,19.709444444444443,19.709444444444443,72,2026-09-16 20:23:25,1.0,False,False,,False,Sunday,2026-09-07,,True,False
TKT-101017,2026-09-13 09:23:43,2026-09-14 11:35:01,2026-09-14 14:40:26,2026-09-14 16:34:05,2026-09-14 16:34:05,0,False,,,IT Support,IT Support,2026-09-14 14:40:26,0.0,0,1,STU24227,portal,Medium,False,Unknown,Closed,,True,26.188333333333333,3.0902777777777777,0.0,1.8941666666666668,0.0,31.172777777777778,31.172777777777778,31.172777777777778,72,2026-09-16 09:23:43,1.0,False,False,,False,Sunday,2026-09-07,,True,False
TKT-101018,2026-09-13 07:37:45,2026-09-14 14:04:37,2026-09-14 14:34:40,2026-09-14 18:32:20,2026-09-14 18:32:20,0,False,,,IT Support,IT Support,2026-09-14 14:34:40,0.0,0,1,STU24204,email,Medium,False,IT Support,Closed,,True,30.447777777777777,0.5008333333333334,0.0,3.9611111111111112,0.0,34.90972222222222,34.90972222222222,34.90972222222222,72,2026-09-16 07:37:45,1.0,False,False,,False,Sunday,2026-09-07,,True,False
TKT-101019,2026-09-13 10:38:28,2026-09-13 10:39:36,2026-09-14 08:32:57,2026-09-15 15:31:56,2026-09-15 15:31:56,0,False,,,IT Support,IT Support,2026-09-14 08:32:57,5.905277777777778,2,1,STU25772,portal,Medium,False,IT Support,Closed,4.0,False,0.01888888888888889,21.889166666666668,0.0,25.077777777777776,0.0,52.89111111111111,46.98583333333333,46.98583333333333,72,2026-09-16 10:38:28,1.0,False,False,,False,Sunday,2026-09-07,,True,False
TKT-101020,2026-09-13 17:28:23,2026-09-13 17:29:59,2026-09-14 13:18:59,2026-09-14 19:16:38,2026-09-14 19:16:38,1,False,,,Hostel & Maintenance,IT Support,2026-09-14 16:53:50,0.0,0,2,STU24097,portal,High,False,Hostel & Maintenance,Closed,,False,0.02666666666666667,19.816666666666666,3.5808333333333335,2.38,0.0,25.804166666666667,25.804166666666667,25.804166666666667,24,2026-09-14 17:28:23,0.0,False,False,,False,Sunday,2026-09-07,,True,False
TKT-101021,2026-09-13 19:38:57,2026-09-14 09:40:36,2026-09-15 14:40:53,2026-09-16 17:56:26,2026-09-16 17:56:26,1,False,2026-09-16 10:00:00,2026-09-15 09:40:36,Library,IT Support,2026-09-16 08:29:48,4.6402777777777775,2,2,STU24740,portal,Medium,False,Unknown,Closed,,True,14.0275,29.004722222222224,17.815277777777776,4.8036111111111115,0.0,70.29138888888889,65.6511111111111,65.6511111111111,72,2026-09-16 19:38:57,1.0,True,True,62.350833333333334,False,Sunday,2026-09-07,,True,False
TKT-101022,2026-09-13 23:54:17,2026-09-14 14:26:08,2026-09-14 16:55:24,2026-09-15 18:24:13,2026-09-15 18:24:13,0,False,,,Hostel & Maintenance,Hostel & Maintenance,2026-09-14 16:55:24,0.0,1,1,STU24177,portal,Medium,False,Unknown,Closed,,True,14.530833333333334,2.4877777777777776,0.0,25.48027777777778,0.0,42.49888888888889,42.49888888888889,42.49888888888889,72,2026-09-16 23:54:17,1.0,False,False,,False,Sunday,2026-09-07,,True,False
TKT-101023,2026-09-14 10:01:24,2026-09-14 10:10:49,2026-09-14 10:49:43,2026-09-16 10:19:27,2026-09-16 10:19:27,0,False,,,Academics & Exams,Academics & Exams,2026-09-14 10:49:43,5.697777777777778,2,1,STU25191,portal,Medium,False,Academics & Exams,Closed,,False,0.15694444444444444,0.6483333333333333,0.0,41.797777777777775,0.0,48.30083333333334,42.60305555555556,42.60305555555556,72,2026-09-17 10:01:24,1.0,False,False,,False,Monday,2026-09-14,,True,False
TKT-101024,2026-09-14 15:42:59,2026-09-14 15:55:22,2026-09-14 17:32:20,2026-09-15 16:01:57,2026-09-15 16:01:57,0,False,,,Hostel & Maintenance,Hostel & Maintenance,2026-09-14 17:32:20,0.0,3,1,STU24250,portal,Medium,False,Hostel & Maintenance,Closed,,False,0.2063888888888889,1.616111111111111,0.0,22.49361111111111,0.0,24.316111111111113,24.316111111111113,24.316111111111113,72,2026-09-17 15:42:59,1.0,False,False,,False,Monday,2026-09-14,,True,False
TKT-101025,2026-09-14 06:58:30,2026-09-14 07:08:11,2026-09-14 13:25:06,2026-09-14 15:04:23,2026-09-14 15:04:23,0,False,,,IT Support,IT Support,2026-09-14 13:25:06,0.0,0,1,STU24518,portal,Medium,False,IT Support,Closed,,False,0.1613888888888889,6.281944444444444,0.0,1.6547222222222222,0.0,8.098055555555556,8.098055555555556,8.098055555555556,72,2026-09-17 06:58:30,1.0,False,False,,False,Monday,2026-09-14,,True,False
TKT-101026,2026-09-14 13:08:34,2026-09-14 13:13:22,2026-09-14 17:13:57,2026-09-17 13:17:11,2026-09-17 13:17:11,1,False,2026-09-17 10:00:00,,IT Support,Library,2026-09-16 12:36:41,15.841666666666667,2,2,STU24789,portal,Medium,False,IT Support,Closed,,False,0.08,4.009722222222222,43.37888888888889,8.833333333333334,0.0,72.14361111111111,56.301944444444445,56.301944444444445,72,2026-09-17 13:08:34,1.0,True,False,68.85722222222222,False,Monday,2026-09-14,,True,False
TKT-101027,2026-09-14 21:25:09,2026-09-14 21:32:50,2026-09-15 13:37:57,2026-09-16 12:29:33,2026-09-16 12:29:33,1,False,,,Fees & Finance,Academics & Exams,2026-09-15 16:47:48,0.0,0,2,STU24879,portal,Medium,False,Fees & Finance,Closed,4.0,False,0.12805555555555556,16.085277777777776,3.1641666666666666,19.695833333333333,0.0,39.07333333333333,39.07333333333333,39.07333333333333,72,2026-09-17 21:25:09,1.0,False,False,,False,Monday,2026-09-14,,True,False
TKT-101028,2026-09-14 15:05:25,2026-09-14 15:10:05,2026-09-14 16:00:28,,,0,False,2026-09-17 10:00:00,,Academics & Exams,Academics & Exams,2026-09-14 16:00:28,0.0,4,1,STU24613,portal,High,False,Academics & Exams,In Progress,,False,0.07777777777777778,0.8397222222222223,0.0,,,,,,24,2026-09-15 15:05:25,,True,False,66.90972222222223,True,Monday,2026-09-14,still open at export,False,True
TKT-101029,2026-09-14 14:30:27,2026-09-14 14:59:05,2026-09-15 15:20:49,,,0,False,2026-09-17 10:00:00,2026-09-15 14:59:05,Academics & Exams,Academics & Exams,2026-09-15 15:20:49,9.046666666666667,5,1,STU24978,portal,Medium,False,Academics & Exams,In Progress,,False,0.4772222222222222,24.362222222222222,0.0,,,,,,72,2026-09-17 14:30:27,,True,True,67.4925,False,Monday,2026-09-14,still open at export,False,True
TKT-101030,2026-09-14 08:42:21,2026-09-14 10:43:23,2026-09-14 16:49:01,2026-09-15 10:09:13,2026-09-15 10:09:13,0,False,,,IT Support,IT Support,2026-09-14 16:49:01,0.0,1,1,STU24892,email,Medium,True,IT Support,Closed,4.0,True,2.0172222222222222,6.0938888888888885,0.0,17.336666666666666,0.0,25.447777777777777,25.447777777777777,25.447777777777777,72,2026-09-17 08:42:21,1.0,False,False,,False,Monday,2026-09-14,,True,False
TKT-101031,2026-09-14 15:55:56,2026-09-14 16:09:15,2026-09-14 18:30:11,2026-09-18 08:00:00,2026-09-18 08:00:00,0,False,2026-09-17 10:00:00,,Hostel & Maintenance,Hostel & Maintenance,2026-09-14 18:30:11,0.0,4,1,STU24358,walk_in,Low,False,Hostel & Maintenance,Resolved,,False,0.22194444444444444,2.348888888888889,0.0,85.49694444444444,0.0,88.06777777777778,88.06777777777778,88.06777777777778,120,2026-09-19 15:55:56,1.0,True,False,66.06777777777778,False,Monday,2026-09-14,,True,False
TKT-101032,2026-09-14 08:47:40,2026-09-14 08:59:16,2026-09-14 14:23:16,2026-09-15 11:25:33,2026-09-15 11:25:33,0,False,,,IT Support,IT Support,2026-09-14 14:23:16,0.0,0,1,STU24383,portal,Low,False,IT Support,Closed,,False,0.19333333333333333,5.4,0.0,21.038055555555555,0.0,26.63138888888889,26.63138888888889,26.63138888888889,120,2026-09-19 08:47:40,1.0,False,False,,False,Monday,2026-09-14,,True,False
TKT-101033,2026-09-14 19:41:19,2026-09-14 19:47:16,2026-09-15 15:33:03,2026-09-16 14:54:47,2026-09-16 14:54:47,0,False,,,Academics & Exams,Academics & Exams,2026-09-15 15:33:03,0.0,0,1,STU24073,portal,Medium,False,Academics & Exams,Closed,,False,0.09916666666666667,19.763055555555557,0.0,23.362222222222222,0.0,43.224444444444444,43.224444444444444,43.224444444444444,72,2026-09-17 19:41:19,1.0,False,False,,False,Monday,2026-09-14,,True,False
TKT-101034,2026-09-14 08:39:31,2026-09-14 08:48:49,2026-09-14 10:07:20,2026-09-17 08:00:00,2026-09-17 08:00:00,0,False,2026-09-16 10:00:00,,Hostel & Maintenance,Hostel & Maintenance,2026-09-14 10:07:20,0.0,0,1,STU24246,portal,Medium,False,Hostel & Maintenance,Closed,,False,0.155,1.3086111111111112,0.0,69.87777777777778,0.0,71.34138888888889,71.34138888888889,71.34138888888889,72,2026-09-17 08:39:31,1.0,True,False,49.341388888888886,False,Monday,2026-09-14,,True,False
TKT-101035,2026-09-14 12:42:19,2026-09-14 12:49:52,2026-09-15 10:43:43,2026-09-18 13:03:36,2026-09-19 11:33:40,2,True,2026-09-17 10:00:00,,Academics & Exams,Library,2026-09-18 09:27:36,0.0,5,3,STU25342,portal,Medium,False,Academics & Exams,Resolved,,False,0.12583333333333332,21.8975,70.73138888888889,3.6,22.50111111111111,118.85583333333334,118.85583333333334,96.35472222222222,72,2026-09-17 12:42:19,0.0,True,False,69.29472222222222,False,Monday,2026-09-14,,True,False
TKT-101036,2026-09-14 20:35:37,2026-09-14 20:41:06,2026-09-15 12:51:19,2026-09-16 15:50:49,2026-09-16 15:50:49,0,False,,,IT Support,IT Support,2026-09-15 12:51:19,24.18611111111111,1,1,STU24215,portal,Low,False,IT Support,Closed,4.0,False,0.0913888888888889,16.170277777777777,0.0,2.805555555555557,0.0,43.25333333333333,19.06722222222222,19.06722222222222,120,2026-09-19 20:35:37,1.0,False,False,,False,Monday,2026-09-14,,True,False
TKT-101037,2026-09-14 08:21:15,2026-09-14 08:34:05,2026-09-14 12:55:09,,,0,False,,,Academics & Exams,Academics & Exams,2026-09-14 12:55:09,0.0,3,1,STU24916,portal,Low,False,Academics & Exams,Closed - No Response,,False,0.21388888888888888,4.351111111111111,0.0,,,,,,120,2026-09-19 08:21:15,,False,False,,False,Monday,2026-09-14,closed - student never replied,False,False
TKT-101038,2026-09-14 16:03:12,2026-09-14 17:31:22,2026-09-15 12:56:39,2026-09-15 19:46:22,2026-09-15 19:46:22,0,False,,,IT Support,IT Support,2026-09-15 12:56:39,0.0,1,1,STU24595,email,Medium,True,IT Support,Closed,,True,1.4694444444444446,19.421388888888888,0.0,6.828611111111111,0.0,27.719444444444445,27.719444444444445,27.719444444444445,72,2026-09-17 16:03:12,1.0,False,False,,False,Monday,2026-09-14,,True,False
TKT-101039,2026-09-14 18:45:28,2026-09-14 18:48:52,2026-09-16 23:57:05,2026-09-18 10:10:06,2026-09-18 10:10:06,0,False,2026-09-17 10:00:00,2026-09-15 18:48:52,Fees & Finance,Fees & Finance,2026-09-16 23:57:05,20.404722222222222,2,1,STU24946,portal,High,False,Fees & Finance,Resolved,3.0,False,0.056666666666666664,53.136944444444445,0.0,13.812222222222221,0.0,87.41055555555556,67.00583333333334,67.00583333333334,24,2026-09-15 18:45:28,0.0,True,True,63.242222222222225,True,Monday,2026-09-14,,True,False
TKT-101040,2026-09-14 09:12:42,2026-09-14 12:15:45,2026-09-14 15:54:50,2026-09-15 12:26:02,2026-09-15 12:26:02,0,False,,,Library,Library,2026-09-14 15:54:50,8.589166666666667,0,1,STU25016,portal,Medium,False,Unknown,Closed,,True,3.0508333333333333,3.651388888888889,0.0,11.930833333333332,0.0,27.22222222222222,18.633055555555554,18.633055555555554,72,2026-09-17 09:12:42,1.0,False,False,,False,Monday,2026-09-14,,True,False
TKT-101041,2026-09-14 17:17:55,2026-09-14 17:23:57,2026-09-15 13:33:45,2026-09-16 11:00:10,2026-09-16 11:00:10,0,False,,,Library,Library,2026-09-15 13:33:45,0.0,0,1,STU24437,portal,Low,False,Library,Closed,,False,0.10055555555555555,20.163333333333334,0.0,21.440277777777776,0.0,41.704166666666666,41.704166666666666,41.704166666666666,120,2026-09-19 17:17:55,1.0,False,False,,False,Monday,2026-09-14,,True,False
TKT-101042,2026-09-14 13:21:37,2026-09-14 13:26:19,2026-09-14 13:54:07,2026-09-15 11:07:23,2026-09-15 11:07:23,0,False,,,Academics & Exams,Academics & Exams,2026-09-14 13:54:07,7.038055555555555,1,1,STU24960,portal,Medium,False,Academics & Exams,Closed,,False,0.07833333333333334,0.4633333333333333,0.0,14.183055555555555,0.0,21.762777777777778,14.724722222222223,14.724722222222223,72,2026-09-17 13:21:37,1.0,False,False,,False,Monday,2026-09-14,,True,False
TKT-101043,2026-09-14 12:41:56,2026-09-14 15:34:03,2026-09-15 10:00:16,2026-09-16 13:21:35,2026-09-16 13:21:35,0,False,,,IT Support,IT Support,2026-09-15 10:00:16,0.0,1,1,STU24431,email,Medium,False,IT Support,Closed,,True,2.868611111111111,18.436944444444446,0.0,27.35527777777778,0.0,48.660833333333336,48.660833333333336,48.660833333333336,72,2026-09-17 12:41:56,1.0,False,False,,False,Monday,2026-09-14,,True,False
TKT-101044,2026-09-14 17:14:07,2026-09-14 17:26:33,2026-09-15 16:03:36,2026-09-16 15:12:05,2026-09-16 15:12:05,0,False,,,Academics & Exams,Academics & Exams,2026-09-15 16:03:36,0.0,1,1,STU24324,portal,Medium,False,Academics & Exams,Closed,5.0,False,0.20722222222222222,22.6175,0.0,23.14138888888889,0.0,45.96611111111111,45.96611111111111,45.96611111111111,72,2026-09-17 17:14:07,1.0,False,False,,False,Monday,2026-09-14,,True,False
TKT-101045,2026-09-14 08:12:00,2026-09-14 08:18:43,2026-09-14 10:34:03,2026-09-14 19:37:16,2026-09-14 19:37:16,1,False,,,Hostel & Maintenance,IT Support,2026-09-14 17:01:36,0.0,0,2,STU24839,portal,Medium,False,Hostel & Maintenance,Closed,,False,0.11194444444444444,2.2555555555555555,6.4591666666666665,2.5944444444444446,0.0,11.421111111111111,11.421111111111111,11.421111111111111,72,2026-09-17 08:12:00,1.0,False,False,,False,Monday,2026-09-14,,True,False
TKT-101046,2026-09-14 14:16:16,2026-09-14 14:22:28,2026-09-14 16:06:33,2026-09-18 08:00:00,2026-09-18 08:00:00,0,False,2026-09-17 10:00:00,,Hostel & Maintenance,Hostel & Maintenance,2026-09-14 16:06:33,0.0,2,1,STU24830,portal,Medium,False,Hostel & Maintenance,Resolved,,False,0.10333333333333333,1.7347222222222223,0.0,87.89083333333333,0.0,89.72888888888889,89.72888888888889,89.72888888888889,72,2026-09-17 14:16:16,0.0,True,False,67.72888888888889,False,Monday,2026-09-14,,True,False
TKT-101047,2026-09-14 17:28:28,2026-09-14 17:41:10,2026-09-15 08:27:31,2026-09-16 11:20:07,2026-09-16 11:20:07,0,False,,,Hostel & Maintenance,Hostel & Maintenance,2026-09-15 08:27:31,0.0,4,1,STU25692,portal,Low,False,Hostel & Maintenance,Closed,,False,0.21166666666666667,14.7725,0.0,26.876666666666665,0.0,41.86083333333333,41.86083333333333,41.86083333333333,120,2026-09-19 17:28:28,1.0,False,False,,False,Monday,2026-09-14,,True,False
TKT-101048,2026-09-14 18:53:05,2026-09-14 18:57:43,2026-09-14 19:35:23,2026-09-15 12:51:48,2026-09-15 12:51:48,0,False,,,IT Support,IT Support,2026-09-14 19:35:23,0.0,1,1,STU25157,portal,Medium,False,IT Support,Closed,4.0,False,0.07722222222222222,0.6277777777777778,0.0,17.273611111111112,0.0,17.97861111111111,17.97861111111111,17.97861111111111,72,2026-09-17 18:53:05,1.0,False,False,,False,Monday,2026-09-14,,True,False
TKT-101049,2026-09-14 00:11:13,2026-09-14 00:17:34,2026-09-14 09:15:33,2026-09-16 13:09:23,2026-09-16 13:09:23,0,False,2026-09-16 10:00:00,,IT Support,IT Support,2026-09-14 09:15:33,7.25,2,1,STU24225,portal,Medium,False,IT Support,Closed,,False,0.10583333333333333,8.966388888888888,0.0,44.647222222222226,0.0,60.96944444444444,53.71944444444444,53.71944444444444,72,2026-09-17 00:11:13,1.0,True,False,57.81305555555556,False,Monday,2026-09-14,,True,False
TKT-101050,2026-09-14 12:20:25,2026-09-14 13:51:32,2026-09-14 19:54:52,2026-09-15 16:09:33,2026-09-15 16:09:33,0,False,,,IT Support,IT Support,2026-09-14 19:54:52,0.0,2,1,STU24003,email,Medium,False,IT Support,Closed,,True,1.5186111111111111,6.055555555555555,0.0,20.244722222222222,0.0,27.81888888888889,27.81888888888889,27.81888888888889,72,2026-09-17 12:20:25,1.0,False,False,,False,Monday,2026-09-14,,True,False
TKT-101051,2026-09-14 15:05:30,2026-09-14 15:18:55,2026-09-15 14:25:46,,,0,False,,,Academics & Exams,Academics & Exams,2026-09-15 14:25:46,0.0,2,1,STU25716,portal,Medium,False,Academics & Exams,Closed - No Response,,False,0.22361111111111112,23.114166666666666,0.0,,,,,,72,2026-09-17 15:05:30,,False,False,,False,Monday,2026-09-14,closed - student never replied,False,False
TKT-101052,2026-09-14 13:36:45,2026-09-14 16:14:53,2026-09-15 11:50:10,2026-09-19 08:00:00,2026-09-19 08:00:00,0,False,2026-09-17 10:00:00,,Hostel & Maintenance,Hostel & Maintenance,2026-09-15 11:50:10,0.0,1,1,STU25773,email,Medium,True,Hostel & Maintenance,Resolved,,True,2.6355555555555554,19.588055555555556,0.0,92.16388888888889,0.0,114.3875,114.3875,114.3875,72,2026-09-17 13:36:45,0.0,True,False,68.3875,False,Monday,2026-09-14,,True,False
TKT-101053,2026-09-14 00:21:34,2026-09-14 09:37:43,2026-09-14 13:35:24,2026-09-15 10:25:07,2026-09-15 10:25:07,0,False,,,Academics & Exams,Academics & Exams,2026-09-14 13:35:24,0.0,0,1,STU24043,email,Medium,True,Academics & Exams,Closed,,True,9.269166666666667,3.961388888888889,0.0,20.828611111111112,0.0,34.05916666666667,34.05916666666667,34.05916666666667,72,2026-09-17 00:21:34,1.0,False,False,,False,Monday,2026-09-14,,True,False
TKT-101054,2026-09-15 18:54:57,2026-09-15 19:03:18,2026-09-16 13:53:20,,,1,False,2026-09-18 10:00:00,,Library,Hostel & Maintenance,2026-09-19 15:56:49,0.0,9,2,STU25399,portal,Low,False,Library,In Progress,,False,0.13916666666666666,18.83388888888889,74.05805555555555,,,,,,120,2026-09-20 18:54:57,,True,False,63.08416666666667,False,Tuesday,2026-09-14,still open at export,False,True
TKT-101055,2026-09-15 09:34:56,2026-09-15 09:40:48,2026-09-15 14:59:41,2026-09-16 12:44:08,2026-09-16 12:44:08,0,False,,,Hostel & Maintenance,Hostel & Maintenance,2026-09-15 14:59:41,0.0,0,1,STU24439,portal,Medium,False,Hostel & Maintenance,Closed,,False,0.09777777777777778,5.314722222222223,0.0,21.740833333333335,0.0,27.153333333333332,27.153333333333332,27.153333333333332,72,2026-09-18 09:34:56,1.0,False,False,,False,Tuesday,2026-09-14,,True,False
TKT-101056,2026-09-15 23:34:25,2026-09-16 09:16:11,2026-09-16 16:45:26,2026-09-18 17:05:19,2026-09-18 17:05:19,0,False,2026-09-18 10:00:00,,IT Support,IT Support,2026-09-16 16:45:26,41.39694444444444,3,1,STU25711,email,Medium,True,IT Support,Resolved,,True,9.696111111111112,7.4875,0.0,6.934444444444445,0.0,65.515,24.118055555555557,24.118055555555557,72,2026-09-18 23:34:25,1.0,True,False,58.42638888888889,False,Tuesday,2026-09-14,,True,False
TKT-101057,2026-09-15 10:31:50,2026-09-15 10:35:21,2026-09-15 16:34:23,2026-09-17 16:46:54,2026-09-17 16:46:54,0,True,,,Fees & Finance,Fees & Finance,2026-09-15 16:34:23,0.0,6,1,STU24918,portal,Low,False,Fees & Finance,In Progress,,False,0.058611111111111114,5.983888888888889,0.0,48.20861111111111,0.0,54.25111111111111,54.25111111111111,54.25111111111111,120,2026-09-20 10:31:50,1.0,False,False,,False,Tuesday,2026-09-14,still open at export,False,True
TKT-101058,2026-09-15 11:31:11,2026-09-15 12:51:54,2026-09-17 06:32:51,2026-09-17 15:03:00,2026-09-17 15:03:00,0,False,,2026-09-16 12:51:54,Academics & Exams,Academics & Exams,2026-09-17 06:32:51,0.0,5,1,STU24119,email,Medium,False,Academics & Exams,Closed,,True,1.3452777777777778,41.6825,0.0,8.5025,0.0,51.530277777777776,51.530277777777776,51.530277777777776,72,2026-09-18 11:31:11,1.0,False,True,,False,Tuesday,2026-09-14,,True,False
TKT-101059,2026-09-15 13:21:37,2026-09-15 14:11:46,2026-09-16 14:40:29,,,2,False,2026-09-18 10:00:00,2026-09-16 14:11:46,Hostel & Maintenance,Academics & Exams,2026-09-18 12:51:32,2.605277777777778,5,3,STU24721,email,Medium,False,Hostel & Maintenance,In Progress,,True,0.8358333333333333,24.47861111111111,46.18416666666667,,,,,,72,2026-09-18 13:21:37,,True,True,68.63972222222222,False,Tuesday,2026-09-14,still open at export,False,True
TKT-101060,2026-09-15 11:22:47,2026-09-15 11:28:03,2026-09-16 09:03:24,2026-09-16 11:58:37,2026-09-16 11:58:37,0,False,,,Academics & Exams,Academics & Exams,2026-09-16 09:03:24,0.0,0,1,STU24592,portal,Medium,False,Academics & Exams,Closed,,False,0.08777777777777777,21.589166666666667,0.0,2.9202777777777778,0.0,24.59722222222222,24.59722222222222,24.59722222222222,72,2026-09-18 11:22:47,1.0,False,False,,False,Tuesday,2026-09-14,,True,False
TKT-101061,2026-09-15 14:22:44,2026-09-16 17:44:40,2026-09-16 18:51:51,,,1,False,2026-09-18 10:00:00,,IT Support,Fees & Finance,2026-09-18 12:40:34,0.0,2,2,STU25351,portal,Low,False,Unknown,In Progress,,True,27.365555555555556,1.1197222222222223,41.81194444444444,,,,,,120,2026-09-20 14:22:44,,True,False,67.6211111111111,False,Tuesday,2026-09-14,still open at export,False,True
TKT-101062,2026-09-15 12:16:28,2026-09-15 15:18:16,2026-09-15 15:41:16,2026-09-19 08:00:00,2026-09-19 08:00:00,1,False,2026-09-18 10:00:00,,IT Support,Hostel & Maintenance,2026-09-16 18:04:29,7.244722222222222,3,2,STU24714,email,Medium,False,IT Support,Resolved,,True,3.03,0.38333333333333336,26.386944444444445,54.68055555555556,0.0,91.72555555555556,84.48083333333334,84.48083333333334,72,2026-09-18 12:16:28,0.0,True,False,69.72555555555556,False,Tuesday,2026-09-14,,True,False
TKT-101063,2026-09-15 19:29:31,2026-09-15 19:41:30,2026-09-16 11:19:19,2026-09-17 09:57:57,2026-09-17 09:57:57,0,False,,,Academics & Exams,Academics & Exams,2026-09-16 11:19:19,0.0,0,1,STU24565,portal,High,False,Academics & Exams,Closed,,False,0.19972222222222222,15.630277777777778,0.0,22.64388888888889,0.0,38.47388888888889,38.47388888888889,38.47388888888889,24,2026-09-16 19:29:31,0.0,False,False,,False,Tuesday,2026-09-14,,True,False
TKT-101064,2026-09-15 10:33:09,2026-09-15 10:42:35,2026-09-15 15:40:13,2026-09-15 18:46:59,2026-09-15 18:46:59,0,False,,,Hostel & Maintenance,Hostel & Maintenance,2026-09-15 15:40:13,0.0,0,1,STU24001,portal,Medium,False,Hostel & Maintenance,Closed,3.0,False,0.15722222222222224,4.960555555555556,0.0,3.1127777777777776,0.0,8.230555555555556,8.230555555555556,8.230555555555556,72,2026-09-18 10:33:09,1.0,False,False,,False,Tuesday,2026-09-14,,True,False
TKT-101065,2026-09-15 11:59:32,2026-09-15 12:03:38,2026-09-15 13:11:27,,,2,False,2026-09-18 10:00:00,,Library,Academics & Exams,2026-09-18 11:08:49,0.0,4,3,STU25123,portal,Medium,False,Library,In Progress,,False,0.06833333333333333,1.1302777777777777,69.95611111111111,,,,,,72,2026-09-18 11:59:32,,True,False,70.00777777777778,False,Tuesday,2026-09-14,still open at export,False,True
TKT-101066,2026-09-15 20:35:31,2026-09-15 20:40:18,2026-09-16 09:14:04,2026-09-17 15:52:21,2026-09-17 15:52:21,0,False,,,Academics & Exams,Academics & Exams,2026-09-16 09:14:04,0.0,0,1,STU24214,portal,Low,False,Academics & Exams,Closed,,False,0.07972222222222222,12.562777777777777,0.0,30.638055555555557,0.0,43.28055555555556,43.28055555555556,43.28055555555556,120,2026-09-20 20:35:31,1.0,False,False,,False,Tuesday,2026-09-14,,True,False
TKT-101067,2026-09-15 09:51:11,2026-09-15 10:03:13,2026-09-15 13:26:05,2026-09-17 10:29:26,2026-09-17 10:29:26,0,False,2026-09-17 10:00:00,,Fees & Finance,Fees & Finance,2026-09-15 13:26:05,0.0,2,1,STU24286,portal,Low,False,Fees & Finance,Closed,5.0,False,0.20055555555555554,3.381111111111111,0.0,45.05583333333333,0.0,48.6375,48.6375,48.6375,120,2026-09-20 09:51:11,1.0,True,False,48.14694444444444,False,Tuesday,2026-09-14,,True,False
TKT-101068,2026-09-15 23:30:18,2026-09-15 23:41:20,2026-09-17 06:54:01,2026-09-17 13:38:43,2026-09-17 13:38:43,0,False,,2026-09-16 23:41:20,Academics & Exams,Academics & Exams,2026-09-17 06:54:01,0.0,1,1,STU24047,portal,Medium,False,Academics & Exams,Closed,,False,0.18388888888888888,31.211388888888887,0.0,6.745,0.0,38.140277777777776,38.140277777777776,38.140277777777776,72,2026-09-18 23:30:18,1.0,False,True,,False,Tuesday,2026-09-14,,True,False
TKT-101069,2026-09-15 12:37:55,2026-09-15 12:41:40,2026-09-16 15:24:04,2026-09-18 13:34:32,2026-09-19 14:26:30,1,True,2026-09-18 10:00:00,2026-09-16 12:41:40,Fees & Finance,Library,2026-09-17 16:34:28,0.0,1,2,STU24440,portal,Medium,False,Fees & Finance,Resolved,1.0,False,0.0625,26.706666666666667,25.173333333333332,21.00111111111111,24.86611111111111,97.80972222222222,97.80972222222222,72.94361111111111,72,2026-09-18 12:37:55,0.0,True,True,69.36805555555556,False,Tuesday,2026-09-14,,True,False
TKT-101070,2026-09-15 16:44:34,2026-09-15 16:49:26,2026-09-17 10:09:12,2026-09-17 17:44:25,2026-09-17 17:44:25,0,False,,2026-09-16 16:49:26,Library,Library,2026-09-17 10:09:12,0.0,2,1,STU25030,portal,Medium,False,Library,Closed,5.0,False,0.0811111111111111,41.32944444444445,0.0,7.586944444444445,0.0,48.9975,48.9975,48.9975,72,2026-09-18 16:44:34,1.0,False,True,,False,Tuesday,2026-09-14,,True,False
TKT-101071,2026-09-15 10:18:24,2026-09-15 11:43:28,2026-09-15 12:59:50,2026-09-18 12:56:13,2026-09-18 12:56:13,0,False,2026-09-18 10:00:00,,Academics & Exams,Academics & Exams,2026-09-15 12:59:50,6.598611111111111,4,1,STU24567,portal,High,False,Academics & Exams,Resolved,,True,1.4177777777777778,1.2727777777777778,0.0,65.3411111111111,0.0,74.63027777777778,68.03166666666667,68.03166666666667,24,2026-09-16 10:18:24,0.0,True,False,71.69333333333333,True,Tuesday,2026-09-14,,True,False
TKT-101072,2026-09-15 14:49:54,2026-09-15 14:58:08,2026-09-15 16:03:06,2026-09-16 12:48:58,2026-09-16 12:48:58,0,False,,,IT Support,IT Support,2026-09-15 16:03:06,8.621944444444445,1,1,STU25696,portal,Medium,False,IT Support,Closed,4.0,False,0.13722222222222222,1.0827777777777778,0.0,12.142499999999998,0.0,21.984444444444446,13.3625,13.3625,72,2026-09-18 14:49:54,1.0,False,False,,False,Tuesday,2026-09-14,,True,False
TKT-101073,2026-09-15 14:26:36,2026-09-15 14:30:22,2026-09-15 14:38:53,2026-09-18 11:54:21,2026-09-18 11:54:21,2,False,2026-09-18 10:00:00,,Hostel & Maintenance,Academics & Exams,2026-09-16 15:35:42,0.0,3,3,STU25765,portal,Medium,False,Hostel & Maintenance,Resolved,4.0,False,0.06277777777777778,0.14194444444444446,24.946944444444444,44.310833333333335,0.0,69.4625,69.4625,69.4625,72,2026-09-18 14:26:36,1.0,True,False,67.55666666666667,False,Tuesday,2026-09-14,,True,False
TKT-101074,2026-09-15 11:54:18,2026-09-15 12:19:27,2026-09-15 12:29:10,2026-09-16 11:22:36,2026-09-16 11:22:36,0,False,,,IT Support,IT Support,2026-09-15 12:29:10,0.0,0,1,STU24926,email,Medium,True,IT Support,Closed,,False,0.4191666666666667,0.16194444444444445,0.0,22.890555555555554,0.0,23.471666666666668,23.471666666666668,23.471666666666668,72,2026-09-18 11:54:18,1.0,False,False,,False,Tuesday,2026-09-14,,True,False
TKT-101075,2026-09-15 17:29:01,2026-09-16 09:29:45,2026-09-16 10:26:21,2026-09-16 14:04:09,2026-09-16 14:04:09,0,False,,,IT Support,IT Support,2026-09-16 10:26:21,0.0,0,1,STU25193,portal,High,False,IT Support,Closed,,True,16.01222222222222,0.9433333333333334,0.0,3.63,0.0,20.585555555555555,20.585555555555555,20.585555555555555,24,2026-09-16 17:29:01,1.0,False,False,,False,Tuesday,2026-09-14,,True,False
TKT-101076,2026-09-15 10:21:08,2026-09-15 10:26:43,2026-09-15 16:40:38,2026-09-16 13:40:31,2026-09-16 13:40:31,0,False,,,Hostel & Maintenance,Hostel & Maintenance,2026-09-15 16:40:38,15.863055555555556,2,1,STU25207,portal,Medium,False,Hostel & Maintenance,Closed,,False,0.09305555555555556,6.231944444444444,0.0,5.135,0.0,27.323055555555555,11.459999999999999,11.459999999999999,72,2026-09-18 10:21:08,1.0,False,False,,False,Tuesday,2026-09-14,,True,False
TKT-101077,2026-09-15 17:51:42,2026-09-15 17:59:58,2026-09-17 22:59:45,,,0,False,2026-09-18 10:00:00,2026-09-16 17:59:58,Fees & Finance,Fees & Finance,2026-09-17 22:59:45,0.0,2,1,STU25616,portal,Medium,False,Fees & Finance,In Progress,,False,0.13777777777777778,52.99638888888889,0.0,,,,,,72,2026-09-18 17:51:42,,True,True,64.13833333333334,False,Tuesday,2026-09-14,still open at export,False,True
TKT-101078,2026-09-15 19:09:40,2026-09-16 10:23:43,2026-09-16 17:47:03,2026-09-17 08:59:48,2026-09-17 08:59:48,0,False,,,IT Support,IT Support,2026-09-16 17:47:03,4.511666666666667,2,1,STU25672,email,Medium,False,IT Support,Closed,,True,15.234166666666667,7.388888888888889,0.0,10.700833333333334,0.0,37.83555555555556,33.32388888888889,33.32388888888889,72,2026-09-18 19:09:40,1.0,False,False,,False,Tuesday,2026-09-14,,True,False
TKT-101079,2026-09-15 14:59:03,2026-09-15 15:12:57,2026-09-15 18:23:43,2026-09-17 11:26:11,2026-09-17 11:26:11,0,False,,,IT Support,IT Support,2026-09-15 18:23:43,0.0,0,1,STU24347,portal,Medium,False,IT Support,Closed,,False,0.23166666666666666,3.1794444444444445,0.0,41.041111111111114,0.0,44.452222222222225,44.452222222222225,44.452222222222225,72,2026-09-18 14:59:03,1.0,False,False,,False,Tuesday,2026-09-14,,True,False
TKT-101080,2026-09-15 14:47:01,2026-09-15 15:22:42,2026-09-15 16:07:39,2026-09-17 15:20:06,2026-09-18 16:21:09,0,True,,,IT Support,IT Support,2026-09-15 16:07:39,33.04333333333334,3,1,STU24961,email,Low,False,IT Support,Resolved,,True,0.5947222222222223,0.7491666666666666,0.0,14.164166666666667,25.0175,73.56888888888889,40.525555555555556,15.50805555555555,120,2026-09-20 14:47:01,1.0,False,False,,False,Tuesday,2026-09-14,,True,False
TKT-101081,2026-09-15 15:47:43,2026-09-15 16:00:21,2026-09-15 17:12:03,2026-09-16 14:31:18,2026-09-16 14:31:18,0,False,,,IT Support,IT Support,2026-09-15 17:12:03,0.0,1,1,STU24509,portal,Medium,False,IT Support,Closed,5.0,False,0.21055555555555555,1.195,0.0,21.320833333333333,0.0,22.726388888888888,22.726388888888888,22.726388888888888,72,2026-09-18 15:47:43,1.0,False,False,,False,Tuesday,2026-09-14,,True,False
TKT-101082,2026-09-16 20:24:11,2026-09-16 20:34:22,2026-09-18 08:30:49,,,0,False,,2026-09-17 20:34:22,Fees & Finance,Fees & Finance,2026-09-18 08:30:49,0.0,6,1,STU25204,portal,Medium,False,Fees & Finance,In Progress,,False,0.16972222222222222,35.94083333333333,0.0,,,,,,72,2026-09-19 20:24:11,,False,True,,False,Wednesday,2026-09-14,still open at export,False,True
TKT-101083,2026-09-16 10:59:24,2026-09-16 11:51:30,2026-09-16 16:40:10,2026-09-18 10:20:00,2026-09-18 10:20:00,0,False,,,Academics & Exams,Academics & Exams,2026-09-16 16:40:10,0.0,3,1,STU24733,portal,High,False,Academics & Exams,Resolved,3.0,True,0.8683333333333333,4.811111111111111,0.0,41.66388888888889,0.0,47.343333333333334,47.343333333333334,47.343333333333334,24,2026-09-17 10:59:24,0.0,False,False,,False,Wednesday,2026-09-14,,True,False
TKT-101084,2026-09-16 07:46:44,2026-09-16 13:50:48,2026-09-16 15:30:54,2026-09-18 15:12:06,2026-09-18 15:12:06,0,False,2026-09-18 10:00:00,,Hostel & Maintenance,Hostel & Maintenance,2026-09-16 15:30:54,0.0,4,1,STU24616,email,Medium,True,Hostel & Maintenance,Resolved,,True,6.067777777777778,1.6683333333333332,0.0,47.68666666666667,0.0,55.422777777777775,55.422777777777775,55.422777777777775,72,2026-09-19 07:46:44,1.0,True,False,50.221111111111114,False,Wednesday,2026-09-14,,True,False
TKT-101085,2026-09-16 18:35:12,2026-09-17 13:47:17,2026-09-18 11:10:31,,,1,False,,,Hostel & Maintenance,Fees & Finance,2026-09-18 11:10:31,0.0,4,1,STU24023,email,Low,False,Hostel & Maintenance,In Progress,,True,19.20138888888889,21.38722222222222,0.0,,,,,,120,2026-09-21 18:35:12,,False,False,,False,Wednesday,2026-09-14,still open at export,False,False
TKT-101086,2026-09-16 10:24:49,2026-09-16 14:23:36,2026-09-16 18:35:15,2026-09-18 15:07:32,2026-09-18 15:07:32,0,False,,,Hostel & Maintenance,Hostel & Maintenance,2026-09-16 18:35:15,0.0,2,1,STU24898,portal,High,False,Hostel & Maintenance,Resolved,4.0,True,3.979722222222222,4.194166666666667,0.0,44.53805555555556,0.0,52.71194444444444,52.71194444444444,52.71194444444444,24,2026-09-17 10:24:49,0.0,False,False,,False,Wednesday,2026-09-14,,True,False
TKT-101087,2026-09-16 19:01:31,2026-09-16 19:06:58,2026-09-16 19:15:06,2026-09-17 17:28:20,2026-09-17 17:28:20,0,False,,,IT Support,IT Support,2026-09-16 19:15:06,0.0,0,1,STU24052,portal,Medium,False,IT Support,Closed,,False,0.09083333333333334,0.13555555555555557,0.0,22.220555555555556,0.0,22.446944444444444,22.446944444444444,22.446944444444444,72,2026-09-19 19:01:31,1.0,False,False,,False,Wednesday,2026-09-14,,True,False
TKT-101088,2026-09-16 21:47:02,2026-09-17 10:35:25,2026-09-17 13:47:58,2026-09-17 19:40:33,2026-09-17 19:40:33,0,False,,,IT Support,IT Support,2026-09-17 13:47:58,0.0,1,1,STU24559,email,Medium,False,IT Support,Closed,5.0,True,12.80638888888889,3.2091666666666665,0.0,5.876388888888889,0.0,21.891944444444444,21.891944444444444,21.891944444444444,72,2026-09-19 21:47:02,1.0,False,False,,False,Wednesday,2026-09-14,,True,False
TKT-101089,2026-09-16 11:36:12,2026-09-16 11:49:17,2026-09-17 15:12:40,2026-09-18 15:02:55,2026-09-18 15:02:55,0,False,,2026-09-17 11:49:17,Fees & Finance,Fees & Finance,2026-09-17 15:12:40,0.0,1,1,STU25454,portal,Low,False,Fees & Finance,Resolved,,False,0.21805555555555556,27.389722222222222,0.0,23.8375,0.0,51.445277777777775,51.445277777777775,51.445277777777775,120,2026-09-21 11:36:12,1.0,False,True,,False,Wednesday,2026-09-14,,True,False
TKT-101090,2026-09-16 18:19:18,2026-09-17 11:47:15,2026-09-17 12:34:41,,,0,False,,,Academics & Exams,Academics & Exams,2026-09-17 12:34:41,7.626944444444445,2,1,STU24209,email,Medium,False,Academics & Exams,In Progress,,True,17.465833333333332,0.7905555555555556,0.0,,,,,,72,2026-09-19 18:19:18,,False,False,,False,Wednesday,2026-09-14,still open at export,False,True
TKT-101091,2026-09-16 15:16:53,2026-09-16 16:37:33,2026-09-17 14:56:34,2026-09-18 15:15:57,2026-09-18 15:15:57,0,False,,,IT Support,IT Support,2026-09-17 14:56:34,0.0,1,1,STU25302,email,Medium,False,IT Support,Resolved,,True,1.3444444444444446,22.316944444444445,0.0,24.323055555555555,0.0,47.98444444444444,47.98444444444444,47.98444444444444,72,2026-09-19 15:16:53,1.0,False,False,,False,Wednesday,2026-09-14,,True,False
TKT-101092,2026-09-16 14:41:52,2026-09-16 14:44:55,2026-09-16 14:55:40,2026-09-17 12:13:50,2026-09-17 12:13:50,0,False,,,Academics & Exams,Academics & Exams,2026-09-16 14:55:40,7.655833333333334,1,1,STU25164,portal,Low,False,Academics & Exams,Closed,5.0,False,0.050833333333333335,0.17916666666666667,0.0,13.646944444444443,0.0,21.532777777777778,13.876944444444444,13.876944444444444,120,2026-09-21 14:41:52,1.0,False,False,,False,Wednesday,2026-09-14,,True,False
TKT-101093,2026-09-16 08:25:10,2026-09-16 08:36:03,2026-09-18 02:57:36,,,0,False,2026-09-18 10:00:00,2026-09-17 08:36:03,Academics & Exams,Academics & Exams,2026-09-18 02:57:36,0.0,3,1,STU25743,portal,High,False,Academics & Exams,In Progress,,False,0.18138888888888888,42.35916666666667,0.0,,,,,,24,2026-09-17 08:25:10,,True,True,49.580555555555556,True,Wednesday,2026-09-14,still open at export,False,True
TKT-101094,2026-09-16 11:38:54,2026-09-16 11:50:44,2026-09-16 16:34:34,2026-09-17 10:32:25,2026-09-19 13:29:48,0,True,,,Hostel & Maintenance,Hostel & Maintenance,2026-09-16 16:34:34,0.0,2,1,STU24131,portal,Low,False,Hostel & Maintenance,Resolved,,False,0.19722222222222222,4.730555555555555,0.0,17.964166666666667,50.95638888888889,73.84833333333333,73.84833333333333,22.891944444444444,120,2026-09-21 11:38:54,1.0,False,False,,False,Wednesday,2026-09-14,,True,False
TKT-101095,2026-09-16 20:12:52,2026-09-17 13:18:38,2026-09-18 12:45:06,2026-09-18 16:13:35,2026-09-18 16:13:35,0,False,,,Academics & Exams,Academics & Exams,2026-09-18 12:45:06,0.0,0,1,STU24841,email,Low,False,Academics & Exams,Resolved,5.0,True,17.09611111111111,23.441111111111113,0.0,3.4747222222222223,0.0,44.011944444444445,44.011944444444445,44.011944444444445,120,2026-09-21 20:12:52,1.0,False,False,,False,Wednesday,2026-09-14,,True,False
TKT-101096,2026-09-16 11:19:04,2026-09-16 11:26:38,2026-09-16 11:33:56,2026-09-16 14:00:18,2026-09-16 14:00:18,0,False,,,IT Support,IT Support,2026-09-16 11:33:56,0.0,0,1,STU25748,walk_in,Medium,False,IT Support,Closed,4.0,False,0.12611111111111112,0.12166666666666667,0.0,2.4394444444444443,0.0,2.687222222222222,2.687222222222222,2.687222222222222,72,2026-09-19 11:19:04,1.0,False,False,,False,Wednesday,2026-09-14,,True,False
TKT-101097,2026-09-16 12:20:27,2026-09-16 12:28:59,2026-09-17 12:02:37,2026-09-17 18:08:21,2026-09-17 18:08:21,0,False,,,IT Support,IT Support,2026-09-17 12:02:37,0.0,1,1,STU24528,portal,High,False,IT Support,Closed,,False,0.14222222222222222,23.560555555555556,0.0,6.095555555555555,0.0,29.798333333333332,29.798333333333332,29.798333333333332,24,2026-09-17 12:20:27,0.0,False,False,,False,Wednesday,2026-09-14,,True,False
TKT-101098,2026-09-16 22:42:45,2026-09-16 22:46:56,2026-09-17 08:05:12,2026-09-19 13:45:40,2026-09-19 13:45:40,0,False,,,Hostel & Maintenance,Hostel & Maintenance,2026-09-17 08:05:12,6.599444444444444,1,1,STU24422,portal,Medium,False,Hostel & Maintenance,Resolved,5.0,False,0.06972222222222223,9.304444444444444,0.0,47.075,0.0,63.048611111111114,56.44916666666667,56.44916666666667,72,2026-09-19 22:42:45,1.0,False,False,,False,Wednesday,2026-09-14,,True,False
TKT-101099,2026-09-16 17:37:02,2026-09-16 17:45:24,2026-09-17 16:44:26,,,0,False,,,Academics & Exams,Academics & Exams,2026-09-17 16:44:26,0.0,3,1,STU25734,portal,Medium,False,Academics & Exams,In Progress,,False,0.13944444444444445,22.983888888888888,0.0,,,,,,72,2026-09-19 17:37:02,,False,False,,False,Wednesday,2026-09-14,still open at export,False,True
TKT-101100,2026-09-16 18:13:27,2026-09-17 10:02:06,2026-09-17 10:08:02,,,0,False,,,Academics & Exams,Academics & Exams,2026-09-17 10:08:02,6.731388888888889,6,1,STU24069,email,Medium,False,Academics & Exams,In Progress,,True,15.810833333333333,0.09888888888888889,0.0,,,,,,72,2026-09-19 18:13:27,,False,False,,False,Wednesday,2026-09-14,still open at export,False,True
TKT-101101,2026-09-16 10:04:40,2026-09-16 10:13:08,2026-09-17 09:45:39,2026-09-17 14:54:36,2026-09-17 14:54:36,0,False,,,Fees & Finance,Fees & Finance,2026-09-17 09:45:39,0.0,0,1,STU24917,portal,Medium,False,Fees & Finance,Closed,,False,0.1411111111111111,23.541944444444443,0.0,5.149166666666667,0.0,28.83222222222222,28.83222222222222,28.83222222222222,72,2026-09-19 10:04:40,1.0,False,False,,False,Wednesday,2026-09-14,,True,False
TKT-101102,2026-09-16 08:21:42,2026-09-16 11:24:06,,,,0,False,2026-09-18 10:00:00,2026-09-17 11:24:06,Academics & Exams,Academics & Exams,,0.0,3,0,STU24332,portal,Low,False,Unknown,Assigned,,True,3.04,,,,,,,,120,2026-09-21 08:21:42,,True,True,49.638333333333335,False,Wednesday,2026-09-14,still open at export,False,False
TKT-101103,2026-09-16 09:59:51,2026-09-16 10:08:58,2026-09-16 17:03:54,,,0,False,2026-09-18 10:00:00,,Hostel & Maintenance,Hostel & Maintenance,2026-09-16 17:03:54,0.0,1,1,STU24434,walk_in,Low,False,Hostel & Maintenance,In Progress,,False,0.15194444444444444,6.915555555555556,0.0,,,,,,120,2026-09-21 09:59:51,,True,False,48.0025,False,Wednesday,2026-09-14,still open at export,False,False
TKT-101104,2026-09-16 19:49:59,2026-09-16 19:54:13,2026-09-17 10:21:09,2026-09-17 12:13:30,2026-09-17 12:13:30,0,False,,,IT Support,IT Support,2026-09-17 10:21:09,0.0,0,1,STU24924,portal,Medium,False,IT Support,Closed,,False,0.07055555555555555,14.448888888888888,0.0,1.8725,0.0,16.391944444444444,16.391944444444444,16.391944444444444,72,2026-09-19 19:49:59,1.0,False,False,,False,Wednesday,2026-09-14,,True,False
TKT-101105,2026-09-16 14:52:15,2026-09-16 15:13:42,2026-09-17 10:45:16,2026-09-18 11:15:20,2026-09-18 11:15:20,1,True,,,Fees & Finance,IT Support,2026-09-17 19:45:38,0.0,3,2,STU24402,email,Medium,False,Fees & Finance,In Progress,,False,0.3575,19.52611111111111,9.00611111111111,15.495,0.0,44.38472222222222,44.38472222222222,44.38472222222222,72,2026-09-19 14:52:15,1.0,False,False,,False,Wednesday,2026-09-14,still open at export,False,True
TKT-101106,2026-09-16 11:18:20,2026-09-16 11:24:43,2026-09-16 12:33:46,2026-09-17 10:36:49,2026-09-17 10:36:49,0,False,,,Hostel & Maintenance,Hostel & Maintenance,2026-09-16 12:33:46,0.4697222222222222,0,1,STU24435,walk_in,Low,False,Hostel & Maintenance,Closed,5.0,False,0.1063888888888889,1.1508333333333334,0.0,21.58111111111111,0.0,23.308055555555555,22.83833333333333,22.83833333333333,120,2026-09-21 11:18:20,1.0,False,False,,False,Wednesday,2026-09-14,,True,False
TKT-101107,2026-09-16 18:00:24,2026-09-16 18:04:27,2026-09-18 05:11:51,,,0,False,,2026-09-17 18:04:27,Fees & Finance,Fees & Finance,2026-09-18 05:11:51,1.7538888888888888,3,1,STU24516,portal,Low,False,Fees & Finance,In Progress,,False,0.0675,35.123333333333335,0.0,,,,,,120,2026-09-21 18:00:24,,False,True,,False,Wednesday,2026-09-14,still open at export,False,False
TKT-101108,2026-09-16 18:23:39,2026-09-17 15:47:59,2026-09-18 15:47:33,2026-09-19 19:38:27,2026-09-19 19:38:27,0,True,,,Hostel & Maintenance,Hostel & Maintenance,2026-09-18 15:47:33,0.0,2,1,STU25530,portal,Low,False,Unknown,In Progress,,True,21.405555555555555,23.99277777777778,0.0,27.848333333333333,0.0,73.24666666666667,73.24666666666667,73.24666666666667,120,2026-09-21 18:23:39,1.0,False,False,,False,Wednesday,2026-09-14,still open at export,False,False
TKT-101109,2026-09-16 17:19:09,2026-09-17 09:23:23,2026-09-17 13:04:44,2026-09-17 14:56:13,2026-09-17 14:56:13,0,False,,,IT Support,IT Support,2026-09-17 13:04:44,0.0,0,1,STU24204,email,High,False,IT Support,Closed,5.0,True,16.070555555555554,3.6891666666666665,0.0,1.8580555555555556,0.0,21.61777777777778,21.61777777777778,21.61777777777778,24,2026-09-17 17:19:09,1.0,False,False,,False,Wednesday,2026-09-14,,True,False
TKT-101110,2026-09-16 21:26:14,2026-09-17 09:20:30,2026-09-17 15:49:53,,,0,False,,,Fees & Finance,Fees & Finance,2026-09-17 15:49:53,0.0,4,1,STU24394,portal,Low,False,Unknown,In Progress,,True,11.904444444444444,6.489722222222222,0.0,,,,,,120,2026-09-21 21:26:14,,False,False,,False,Wednesday,2026-09-14,still open at export,False,False
TKT-101111,2026-09-16 18:35:46,2026-09-16 18:45:24,2026-09-17 09:20:00,2026-09-19 11:26:55,2026-09-19 11:26:55,1,False,,,Academics & Exams,Hostel & Maintenance,2026-09-18 09:05:01,0.0,1,2,STU24359,portal,Low,False,Academics & Exams,Resolved,,False,0.16055555555555556,14.576666666666666,23.75027777777778,26.365,0.0,64.8525,64.8525,64.8525,120,2026-09-21 18:35:46,1.0,False,False,,False,Wednesday,2026-09-14,,True,False
TKT-101112,2026-09-17 20:02:01,2026-09-18 09:20:49,2026-09-18 10:48:02,2026-09-18 15:06:09,2026-09-18 15:06:09,0,False,,,Library,Library,2026-09-18 10:48:02,0.0,0,1,STU24737,email,Medium,True,Library,Resolved,,True,13.313333333333333,1.4536111111111112,0.0,4.301944444444445,0.0,19.06888888888889,19.06888888888889,19.06888888888889,72,2026-09-20 20:02:01,1.0,False,False,,False,Thursday,2026-09-14,,True,False
TKT-101113,2026-09-17 11:42:19,2026-09-17 11:46:11,2026-09-17 16:04:18,,,0,False,,,Fees & Finance,Fees & Finance,2026-09-17 16:04:18,9.899166666666666,2,1,STU24679,portal,Low,False,Fees & Finance,In Progress,,False,0.06444444444444444,4.301944444444445,0.0,,,,,,120,2026-09-22 11:42:19,,False,False,,False,Thursday,2026-09-14,still open at export,False,False
TKT-101114,2026-09-17 12:57:16,2026-09-17 15:27:31,2026-09-17 15:37:29,2026-09-18 14:22:06,2026-09-18 14:22:06,0,False,,,Hostel & Maintenance,Hostel & Maintenance,2026-09-17 15:37:29,9.570555555555556,0,1,STU25099,email,Medium,True,Hostel & Maintenance,Resolved,,True,2.504166666666667,0.1661111111111111,0.0,13.173055555555555,0.0,25.413888888888888,15.843333333333332,15.843333333333332,72,2026-09-20 12:57:16,1.0,False,False,,False,Thursday,2026-09-14,,True,False
TKT-101115,2026-09-17 19:24:25,2026-09-18 11:43:43,2026-09-18 11:59:22,2026-09-18 13:37:49,2026-09-18 13:37:49,0,False,,,IT Support,IT Support,2026-09-18 11:59:22,0.0,0,1,STU24745,email,Medium,False,IT Support,Resolved,,True,16.321666666666665,0.2608333333333333,0.0,1.6408333333333334,0.0,18.223333333333333,18.223333333333333,18.223333333333333,72,2026-09-20 19:24:25,1.0,False,False,,False,Thursday,2026-09-14,,True,False
TKT-101116,2026-09-17 10:37:43,2026-09-17 10:44:54,2026-09-18 11:13:19,,,0,False,,2026-09-18 10:44:54,Academics & Exams,Academics & Exams,2026-09-18 11:13:19,0.0,4,1,STU24610,portal,Low,False,Academics & Exams,In Progress,,False,0.11972222222222222,24.47361111111111,0.0,,,,,,120,2026-09-22 10:37:43,,False,True,,False,Thursday,2026-09-14,still open at export,False,False
TKT-101117,2026-09-17 12:56:11,2026-09-17 13:07:19,2026-09-17 13:55:17,2026-09-18 09:33:50,2026-09-18 09:33:50,0,False,,,IT Support,IT Support,2026-09-17 13:55:17,0.0,0,1,STU25214,portal,Low,False,IT Support,Resolved,,False,0.18555555555555556,0.7994444444444444,0.0,19.6425,0.0,20.6275,20.6275,20.6275,120,2026-09-22 12:56:11,1.0,False,False,,False,Thursday,2026-09-14,,True,False
TKT-101118,2026-09-17 12:28:11,2026-09-17 12:33:34,2026-09-17 15:43:16,,,0,False,,,Academics & Exams,Academics & Exams,2026-09-17 15:43:16,0.0,2,1,STU24772,portal,Low,False,Academics & Exams,In Progress,,False,0.08972222222222222,3.1616666666666666,0.0,,,,,,120,2026-09-22 12:28:11,,False,False,,False,Thursday,2026-09-14,still open at export,False,False
TKT-101119,2026-09-17 14:35:05,2026-09-18 13:52:31,2026-09-19 09:19:10,,,0,False,,,Hostel & Maintenance,Hostel & Maintenance,2026-09-19 09:19:10,0.0,4,1,STU24067,email,Low,False,Hostel & Maintenance,In Progress,,True,23.290555555555557,19.444166666666668,0.0,,,,,,120,2026-09-22 14:35:05,,False,False,,False,Thursday,2026-09-14,still open at export,False,False
TKT-101120,2026-09-17 20:51:19,2026-09-17 21:05:23,2026-09-18 16:48:50,,,0,False,,,Library,Library,2026-09-18 16:48:50,0.0,2,1,STU24305,portal,Medium,False,Library,In Progress,,False,0.23444444444444446,19.724166666666665,0.0,,,,,,72,2026-09-20 20:51:19,,False,False,,False,Thursday,2026-09-14,still open at export,False,True
TKT-101121,2026-09-17 22:57:04,2026-09-18 09:37:22,2026-09-18 14:01:44,2026-09-19 09:49:25,2026-09-19 09:49:25,0,False,,,IT Support,IT Support,2026-09-18 14:01:44,0.0,0,1,STU25666,portal,High,False,IT Support,Resolved,3.0,True,10.671666666666667,4.4061111111111115,0.0,19.794722222222223,0.0,34.8725,34.8725,34.8725,24,2026-09-18 22:57:04,0.0,False,False,,False,Thursday,2026-09-14,,True,False
TKT-101122,2026-09-17 23:51:36,2026-09-18 09:50:33,2026-09-20 21:05:18,,,0,False,,2026-09-19 09:50:33,Academics & Exams,Academics & Exams,2026-09-20 21:05:18,0.0,2,1,STU25221,portal,Medium,False,Academics & Exams,In Progress,,True,9.9825,59.24583333333333,0.0,,,,,,72,2026-09-20 23:51:36,,False,True,,False,Thursday,2026-09-14,still open at export,False,True
TKT-101123,2026-09-17 12:52:27,2026-09-17 12:53:52,2026-09-17 14:20:14,,,1,False,,,Library,Academics & Exams,2026-09-18 16:11:38,0.0,3,2,STU25461,portal,Medium,False,Library,In Progress,,False,0.02361111111111111,1.4394444444444445,25.856666666666666,,,,,,72,2026-09-20 12:52:27,,False,False,,False,Thursday,2026-09-14,still open at export,False,True
TKT-101124,2026-09-17 12:44:46,2026-09-17 17:46:39,2026-09-18 11:53:47,,,0,False,,,Academics & Exams,Academics & Exams,2026-09-18 11:53:47,0.0,2,1,STU25330,email,Medium,False,Academics & Exams,In Progress,,True,5.0313888888888885,18.11888888888889,0.0,,,,,,72,2026-09-20 12:44:46,,False,False,,False,Thursday,2026-09-14,still open at export,False,True
TKT-101125,2026-09-17 14:39:06,2026-09-18 09:21:19,2026-09-18 10:42:40,2026-09-18 12:27:24,2026-09-18 12:27:24,0,False,,,IT Support,IT Support,2026-09-18 10:42:40,0.0,1,1,STU25259,email,Medium,True,IT Support,Resolved,3.0,True,18.703611111111112,1.3558333333333332,0.0,1.7455555555555555,0.0,21.805,21.805,21.805,72,2026-09-20 14:39:06,1.0,False,False,,False,Thursday,2026-09-14,,True,False
TKT-101126,2026-09-17 10:20:53,2026-09-17 10:33:54,2026-09-17 15:40:40,2026-09-18 14:26:38,2026-09-18 14:26:38,0,False,,,IT Support,IT Support,2026-09-17 15:40:40,3.5855555555555556,0,1,STU24592,portal,Medium,False,IT Support,Resolved,,False,0.21694444444444444,5.112777777777778,0.0,19.180555555555557,0.0,28.095833333333335,24.51027777777778,24.51027777777778,72,2026-09-20 10:20:53,1.0,False,False,,False,Thursday,2026-09-14,,True,False
TKT-101127,2026-09-17 11:02:44,2026-09-17 11:10:27,2026-09-17 13:04:43,,,1,False,,,Academics & Exams,Hostel & Maintenance,2026-09-19 15:33:01,11.160555555555556,4,2,STU25522,portal,Medium,False,Academics & Exams,In Progress,,False,0.12861111111111112,1.9044444444444444,50.471666666666664,,,,,,72,2026-09-20 11:02:44,,False,False,,False,Thursday,2026-09-14,still open at export,False,True
TKT-101128,2026-09-17 17:29:15,2026-09-17 17:30:23,2026-09-20 15:16:02,,,0,False,,2026-09-18 17:30:23,Fees & Finance,Fees & Finance,2026-09-20 15:16:02,0.0,3,1,STU25364,portal,Medium,False,Fees & Finance,In Progress,,False,0.01888888888888889,69.76083333333334,0.0,,,,,,72,2026-09-20 17:29:15,,False,True,,False,Thursday,2026-09-14,still open at export,False,True
TKT-101129,2026-09-17 20:03:01,2026-09-18 10:12:39,,,,0,False,,2026-09-19 10:12:39,Fees & Finance,Fees & Finance,,0.0,6,0,STU24248,email,Medium,True,Fees & Finance,Assigned,,True,14.160555555555556,,,,,,,,72,2026-09-20 20:03:01,,False,True,,False,Thursday,2026-09-14,still open at export,False,True
TKT-101130,2026-09-17 08:32:40,2026-09-17 08:44:15,2026-09-17 11:45:14,2026-09-18 17:37:01,2026-09-18 17:37:01,0,False,,,Hostel & Maintenance,Hostel & Maintenance,2026-09-17 11:45:14,0.0,0,1,STU24374,portal,Medium,False,Hostel & Maintenance,Resolved,,False,0.19305555555555556,3.016388888888889,0.0,29.863055555555555,0.0,33.0725,33.0725,33.0725,72,2026-09-20 08:32:40,1.0,False,False,,False,Thursday,2026-09-14,,True,False
TKT-101131,2026-09-17 21:03:10,2026-09-17 21:11:03,2026-09-19 06:04:49,,,0,False,,2026-09-18 21:11:03,Hostel & Maintenance,Hostel & Maintenance,2026-09-19 06:04:49,0.0,3,1,STU25335,portal,Medium,False,Hostel & Maintenance,In Progress,,False,0.1313888888888889,32.89611111111111,0.0,,,,,,72,2026-09-20 21:03:10,,False,True,,False,Thursday,2026-09-14,still open at export,False,True
TKT-101132,2026-09-17 15:44:32,2026-09-17 15:52:34,2026-09-17 19:39:48,2026-09-18 12:56:19,2026-09-18 12:56:19,0,False,,,IT Support,IT Support,2026-09-17 19:39:48,0.0,0,1,STU24421,portal,Medium,False,IT Support,Resolved,,False,0.1338888888888889,3.7872222222222223,0.0,17.275277777777777,0.0,21.19638888888889,21.19638888888889,21.19638888888889,72,2026-09-20 15:44:32,1.0,False,False,,False,Thursday,2026-09-14,,True,False
TKT-101133,2026-09-17 10:26:48,2026-09-17 11:02:44,2026-09-18 14:09:53,2026-09-19 13:13:59,2026-09-19 13:13:59,0,False,,2026-09-18 11:02:44,Hostel & Maintenance,Hostel & Maintenance,2026-09-18 14:09:53,0.0,1,1,STU24290,email,Low,False,Hostel & Maintenance,Resolved,,True,0.5988888888888889,27.11916666666667,0.0,23.06833333333333,0.0,50.78638888888889,50.78638888888889,50.78638888888889,120,2026-09-22 10:26:48,1.0,False,True,,False,Thursday,2026-09-14,,True,False
TKT-101134,2026-09-17 15:34:45,2026-09-17 15:46:25,2026-09-18 12:51:27,,,0,False,,,Academics & Exams,Academics & Exams,2026-09-18 12:51:27,0.0,1,1,STU25422,portal,Medium,False,Academics & Exams,In Progress,,False,0.19444444444444445,21.08388888888889,0.0,,,,,,72,2026-09-20 15:34:45,,False,False,,False,Thursday,2026-09-14,still open at export,False,True
TKT-101135,2026-09-17 15:02:57,2026-09-17 15:08:10,2026-09-17 15:32:29,2026-09-18 12:52:14,2026-09-18 12:52:14,0,False,,,IT Support,IT Support,2026-09-17 15:32:29,18.666666666666668,0,1,STU24186,portal,Medium,False,IT Support,Resolved,4.0,False,0.08694444444444445,0.4052777777777778,0.0,2.662499999999998,0.0,21.82138888888889,3.1547222222222224,3.1547222222222224,72,2026-09-20 15:02:57,1.0,False,False,,False,Thursday,2026-09-14,,True,False
TKT-101136,2026-09-17 17:08:27,2026-09-18 11:52:15,,,,0,False,,2026-09-19 11:52:15,Fees & Finance,Fees & Finance,,0.0,3,0,STU24671,portal,Medium,False,Fees & Finance,Assigned,,True,18.73,,,,,,,,72,2026-09-20 17:08:27,,False,True,,False,Thursday,2026-09-14,still open at export,False,True
TKT-101137,2026-09-17 12:19:31,2026-09-17 12:23:23,2026-09-17 13:22:17,2026-09-17 15:27:35,2026-09-17 15:27:35,0,False,,,IT Support,IT Support,2026-09-17 13:22:17,0.0,0,1,STU25205,email,Medium,True,IT Support,Closed,,False,0.06444444444444444,0.9816666666666667,0.0,2.0883333333333334,0.0,3.1344444444444446,3.1344444444444446,3.1344444444444446,72,2026-09-20 12:19:31,1.0,False,False,,False,Thursday,2026-09-14,,True,False
TKT-101138,2026-09-17 10:53:28,2026-09-17 11:04:15,2026-09-18 10:56:24,,,0,False,,,Academics & Exams,Academics & Exams,2026-09-18 10:56:24,0.0,0,1,STU24405,walk_in,Medium,False,Academics & Exams,In Progress,,False,0.17972222222222223,23.86916666666667,0.0,,,,,,72,2026-09-20 10:53:28,,False,False,,False,Thursday,2026-09-14,still open at export,False,True
TKT-101139,2026-09-17 21:58:47,2026-09-17 22:03:22,2026-09-18 13:36:26,,,0,False,,,Fees & Finance,Fees & Finance,2026-09-18 13:36:26,0.0,5,1,STU25470,portal,Medium,False,Fees & Finance,In Progress,,False,0.0763888888888889,15.551111111111112,0.0,,,,,,72,2026-09-20 21:58:47,,False,False,,False,Thursday,2026-09-14,still open at export,False,True
TKT-101140,2026-09-17 20:53:34,2026-09-17 20:54:53,2026-09-18 08:46:33,2026-09-18 10:23:36,2026-09-18 10:23:36,0,False,,,IT Support,IT Support,2026-09-18 08:46:33,0.0,0,1,STU25459,portal,Medium,False,IT Support,Resolved,,False,0.021944444444444444,11.86111111111111,0.0,1.6175,0.0,13.500555555555556,13.500555555555556,13.500555555555556,72,2026-09-20 20:53:34,1.0,False,False,,False,Thursday,2026-09-14,,True,False
TKT-101141,2026-09-17 20:48:18,2026-09-17 20:51:29,2026-09-18 12:30:01,2026-09-19 10:32:42,2026-09-19 10:32:42,0,False,,,IT Support,IT Support,2026-09-18 12:30:01,0.0,0,1,STU25098,portal,Low,False,IT Support,Resolved,,False,0.05305555555555556,15.642222222222221,0.0,22.044722222222223,0.0,37.74,37.74,37.74,120,2026-09-22 20:48:18,1.0,False,False,,False,Thursday,2026-09-14,,True,False
TKT-101142,2026-09-18 11:51:38,2026-09-18 11:53:08,2026-09-18 11:58:59,,,0,False,,,Academics & Exams,Academics & Exams,2026-09-18 11:58:59,0.0,1,1,STU25255,portal,Medium,False,Academics & Exams,In Progress,,False,0.025,0.0975,0.0,,,,,,72,2026-09-21 11:51:38,,False,False,,False,Friday,2026-09-14,still open at export,False,False
TKT-101143,2026-09-18 10:56:40,2026-09-18 11:02:10,2026-09-19 09:28:34,,,1,False,,,Library,Academics & Exams,2026-09-19 09:28:34,0.0,0,1,STU24058,portal,Medium,False,Library,In Progress,,False,0.09166666666666666,22.44,0.0,,,,,,72,2026-09-21 10:56:40,,False,False,,False,Friday,2026-09-14,still open at export,False,False
TKT-101144,2026-09-18 20:59:58,2026-09-19 11:47:55,2026-09-19 13:54:47,,,0,False,,,IT Support,IT Support,2026-09-19 13:54:47,0.0,2,1,STU24372,email,Low,False,IT Support,In Progress,,True,14.799166666666666,2.1144444444444446,0.0,,,,,,120,2026-09-23 20:59:58,,False,False,,False,Friday,2026-09-14,still open at export,False,False
TKT-101145,2026-09-18 14:33:22,2026-09-18 17:17:46,2026-09-19 14:08:47,,,0,False,,,Hostel & Maintenance,Hostel & Maintenance,2026-09-19 14:08:47,0.0,1,1,STU25527,email,Low,False,Hostel & Maintenance,In Progress,,True,2.74,20.850277777777777,0.0,,,,,,120,2026-09-23 14:33:22,,False,False,,False,Friday,2026-09-14,still open at export,False,False
TKT-101146,2026-09-18 14:56:11,2026-09-18 14:58:06,2026-09-19 11:17:56,2026-09-19 15:57:51,2026-09-19 15:57:51,0,False,,,Hostel & Maintenance,Hostel & Maintenance,2026-09-19 11:17:56,0.0,0,1,STU25271,portal,Medium,False,Hostel & Maintenance,Resolved,5.0,False,0.03194444444444444,20.330555555555556,0.0,4.665277777777778,0.0,25.02777777777778,25.02777777777778,25.02777777777778,72,2026-09-21 14:56:11,1.0,False,False,,False,Friday,2026-09-14,,True,False
TKT-101147,2026-09-18 20:16:24,2026-09-18 20:19:25,2026-09-21 03:13:59,,,0,False,,2026-09-19 20:19:25,Hostel & Maintenance,Hostel & Maintenance,2026-09-21 03:13:59,0.0,1,1,STU25490,portal,Medium,False,Hostel & Maintenance,In Progress,,False,0.050277777777777775,54.909444444444446,0.0,,,,,,72,2026-09-21 20:16:24,,False,True,,False,Friday,2026-09-14,still open at export,False,False
TKT-101148,2026-09-18 19:21:07,2026-09-19 13:53:12,2026-09-21 02:52:37,,,0,False,,2026-09-20 13:53:12,Hostel & Maintenance,Hostel & Maintenance,2026-09-21 02:52:37,0.0,2,1,STU24983,email,Medium,True,Hostel & Maintenance,In Progress,,True,18.53472222222222,36.99027777777778,0.0,,,,,,72,2026-09-21 19:21:07,,False,True,,False,Friday,2026-09-14,still open at export,False,False
TKT-101149,2026-09-18 10:03:19,2026-09-18 10:17:27,2026-09-20 21:43:45,,,0,False,,2026-09-19 10:17:27,Fees & Finance,Fees & Finance,2026-09-20 21:43:45,0.0,1,1,STU25683,portal,High,False,Fees & Finance,In Progress,,False,0.23555555555555555,59.43833333333333,0.0,,,,,,24,2026-09-19 10:03:19,,False,True,,False,Friday,2026-09-14,still open at export,False,True
TKT-101150,2026-09-18 17:27:39,2026-09-19 12:11:11,2026-09-19 13:39:31,2026-09-19 18:42:44,2026-09-19 18:42:44,1,False,,,Hostel & Maintenance,IT Support,2026-09-19 16:08:34,0.0,0,2,STU25461,email,Medium,False,Hostel & Maintenance,Resolved,,True,18.725555555555555,1.4722222222222223,2.484166666666667,2.5694444444444446,0.0,25.25138888888889,25.25138888888889,25.25138888888889,72,2026-09-21 17:27:39,1.0,False,False,,False,Friday,2026-09-14,,True,False
TKT-101151,2026-09-18 12:29:52,2026-09-18 12:37:51,2026-09-18 13:15:07,2026-09-19 10:25:52,2026-09-19 10:25:52,0,False,,,IT Support,IT Support,2026-09-18 13:15:07,5.386111111111111,3,1,STU25773,portal,Low,False,IT Support,Resolved,,False,0.13305555555555557,0.6211111111111111,0.0,15.793055555555556,0.0,21.933333333333334,16.547222222222224,16.547222222222224,120,2026-09-23 12:29:52,1.0,False,False,,False,Friday,2026-09-14,,True,False
TKT-101152,2026-09-18 13:57:37,2026-09-18 14:02:11,2026-09-19 13:39:08,,,0,False,,,Hostel & Maintenance,Hostel & Maintenance,2026-09-19 13:39:08,5.0938888888888885,1,1,STU25348,portal,Low,False,Hostel & Maintenance,In Progress,,False,0.07611111111111112,23.615833333333335,0.0,,,,,,120,2026-09-23 13:57:37,,False,False,,False,Friday,2026-09-14,still open at export,False,False
TKT-101153,2026-09-18 22:09:18,2026-09-19 13:12:22,2026-09-21 03:58:26,,,0,False,,2026-09-20 13:12:22,Academics & Exams,Academics & Exams,2026-09-21 03:58:26,0.0,2,1,STU25482,email,Medium,False,Academics & Exams,In Progress,,True,15.051111111111112,38.76777777777778,0.0,,,,,,72,2026-09-21 22:09:18,,False,True,,False,Friday,2026-09-14,still open at export,False,False
TKT-101154,2026-09-18 11:46:30,2026-09-18 11:49:55,2026-09-18 16:26:54,2026-09-19 19:58:18,2026-09-19 19:58:18,1,True,,,Academics & Exams,IT Support,2026-09-19 16:11:05,0.0,0,2,STU25009,portal,Low,False,Academics & Exams,In Progress,,False,0.05694444444444444,4.616388888888889,23.73638888888889,3.7869444444444444,0.0,32.196666666666665,32.196666666666665,32.196666666666665,120,2026-09-23 11:46:30,1.0,False,False,,False,Friday,2026-09-14,still open at export,False,False
TKT-101155,2026-09-18 11:48:25,2026-09-18 12:21:49,,,,0,False,,2026-09-19 12:21:49,Fees & Finance,Fees & Finance,,0.0,2,0,STU24347,email,Medium,True,Fees & Finance,Assigned,,True,0.5566666666666666,,,,,,,,72,2026-09-21 11:48:25,,False,True,,False,Friday,2026-09-14,still open at export,False,False
TKT-101156,2026-09-18 12:51:21,2026-09-18 12:52:33,2026-09-18 13:57:53,,,0,False,,,Academics & Exams,Academics & Exams,2026-09-18 13:57:53,0.0,0,1,STU24631,portal,Medium,False,Academics & Exams,In Progress,,False,0.02,1.0888888888888888,0.0,,,,,,72,2026-09-21 12:51:21,,False,False,,False,Friday,2026-09-14,still open at export,False,False
TKT-101157,2026-09-18 15:58:10,2026-09-18 15:59:44,2026-09-19 16:29:41,,,0,False,,2026-09-19 15:59:44,Hostel & Maintenance,Hostel & Maintenance,2026-09-19 16:29:41,0.0,0,1,STU25651,portal,High,False,Hostel & Maintenance,In Progress,,False,0.026111111111111113,24.499166666666667,0.0,,,,,,24,2026-09-19 15:58:10,,False,True,,False,Friday,2026-09-14,still open at export,False,True
TKT-101158,2026-09-18 20:05:19,2026-09-18 20:13:56,,,,0,False,,2026-09-19 20:13:56,Academics & Exams,Academics & Exams,,0.0,1,0,STU24598,portal,Low,False,Academics & Exams,Assigned,,False,0.1436111111111111,,,,,,,,120,2026-09-23 20:05:19,,False,True,,False,Friday,2026-09-14,still open at export,False,False
TKT-101159,2026-09-18 16:55:29,2026-09-19 12:45:51,2026-09-19 13:30:23,2026-09-19 15:24:24,2026-09-19 15:24:24,0,False,,,Library,Library,2026-09-19 13:30:23,0.0,0,1,STU25626,email,Low,False,Library,Resolved,,True,19.839444444444446,0.7422222222222222,0.0,1.9002777777777777,0.0,22.481944444444444,22.481944444444444,22.481944444444444,120,2026-09-23 16:55:29,1.0,False,False,,False,Friday,2026-09-14,,True,False
TKT-101160,2026-09-18 18:37:00,2026-09-19 12:25:32,2026-09-19 19:23:38,,,0,False,,,Hostel & Maintenance,Hostel & Maintenance,2026-09-19 19:23:38,0.0,1,1,STU24300,email,Low,False,Hostel & Maintenance,In Progress,,True,17.808888888888887,6.968333333333334,0.0,,,,,,120,2026-09-23 18:37:00,,False,False,,False,Friday,2026-09-14,still open at export,False,False
TKT-101161,2026-09-18 14:27:07,2026-09-18 14:36:36,2026-09-19 08:24:32,2026-09-19 11:16:28,2026-09-19 11:16:28,0,False,,,IT Support,IT Support,2026-09-19 08:24:32,0.0,0,1,STU24137,portal,High,False,IT Support,Resolved,,False,0.15805555555555556,17.79888888888889,0.0,2.8655555555555554,0.0,20.8225,20.8225,20.8225,24,2026-09-19 14:27:07,1.0,False,False,,False,Friday,2026-09-14,,True,False
TKT-101162,2026-09-18 15:58:42,2026-09-19 10:13:10,,,,0,False,,2026-09-20 10:13:10,Academics & Exams,Academics & Exams,,0.0,1,0,STU25367,email,Medium,True,Academics & Exams,Assigned,,True,18.24111111111111,,,,,,,,72,2026-09-21 15:58:42,,False,True,,False,Friday,2026-09-14,still open at export,False,False
TKT-101163,2026-09-18 16:42:08,2026-09-19 10:38:58,,,,0,False,,2026-09-20 10:38:58,Fees & Finance,Fees & Finance,,0.0,3,0,STU24219,email,Medium,False,Fees & Finance,Assigned,,True,17.947222222222223,,,,,,,,72,2026-09-21 16:42:08,,False,True,,False,Friday,2026-09-14,still open at export,False,False
TKT-101164,2026-09-18 17:58:15,2026-09-19 16:04:36,2026-09-21 05:45:09,,,0,False,,2026-09-20 16:04:36,Hostel & Maintenance,Hostel & Maintenance,2026-09-21 05:45:09,0.0,3,1,STU24586,portal,Low,False,Hostel & Maintenance,In Progress,,True,22.105833333333333,37.67583333333334,0.0,,,,,,120,2026-09-23 17:58:15,,False,True,,False,Friday,2026-09-14,still open at export,False,False
TKT-101165,2026-09-18 10:25:36,2026-09-18 12:47:24,,,,0,False,,2026-09-19 12:47:24,Academics & Exams,Academics & Exams,,0.0,0,0,STU24408,email,Medium,True,Academics & Exams,Assigned,,True,2.3633333333333333,,,,,,,,72,2026-09-21 10:25:36,,False,True,,False,Friday,2026-09-14,still open at export,False,False
TKT-101166,2026-09-18 22:14:14,2026-09-18 22:25:41,2026-09-19 08:04:45,,,1,False,,,IT Support,Academics & Exams,2026-09-19 08:04:45,0.0,1,1,STU25417,portal,Low,False,IT Support,In Progress,,False,0.19083333333333333,9.651111111111112,0.0,,,,,,120,2026-09-23 22:14:14,,False,False,,False,Friday,2026-09-14,still open at export,False,False
TKT-101167,2026-09-18 21:09:16,2026-09-18 21:14:59,2026-09-19 19:44:13,,,0,False,,,Hostel & Maintenance,Hostel & Maintenance,2026-09-19 19:44:13,0.0,0,1,STU24827,portal,High,False,Hostel & Maintenance,In Progress,,False,0.09527777777777778,22.487222222222222,0.0,,,,,,24,2026-09-19 21:09:16,,False,False,,False,Friday,2026-09-14,still open at export,False,True
TKT-101168,2026-09-18 11:28:34,2026-09-18 11:31:05,2026-09-20 21:15:06,,,0,False,,2026-09-19 11:31:05,Hostel & Maintenance,Hostel & Maintenance,2026-09-20 21:15:06,0.0,4,1,STU24605,portal,Medium,False,Hostel & Maintenance,In Progress,,False,0.041944444444444444,57.73361111111111,0.0,,,,,,72,2026-09-21 11:28:34,,False,True,,False,Friday,2026-09-14,still open at export,False,False
TKT-101169,2026-09-18 17:10:45,2026-09-19 10:32:35,2026-09-19 10:42:52,2026-09-19 15:39:01,2026-09-19 15:39:01,0,False,,,IT Support,IT Support,2026-09-19 10:42:52,2.2333333333333334,0,1,STU25609,email,Medium,True,IT Support,Resolved,5.0,True,17.363888888888887,0.1713888888888889,0.0,2.7024999999999997,0.0,22.47111111111111,20.237777777777776,20.237777777777776,72,2026-09-21 17:10:45,1.0,False,False,,False,Friday,2026-09-14,,True,False
TKT-101170,2026-09-19 22:45:36,2026-09-19 22:47:04,,,,0,False,,2026-09-20 22:47:04,Library,Library,,0.0,1,0,STU25292,portal,Low,False,Library,Assigned,,False,0.024444444444444446,,,,,,,,120,2026-09-24 22:45:36,,False,True,,False,Saturday,2026-09-14,still open at export,False,False
TKT-101171,2026-09-19 20:53:30,,,,,0,False,,,,,,0.0,1,0,STU24224,email,Medium,True,Academics & Exams,Assigned,,False,,,,,,,,,72,2026-09-22 20:53:30,,False,False,,False,Saturday,2026-09-14,still open at export,False,False
TKT-101172,2026-09-19 22:21:29,,,,,0,False,,,,,,0.0,0,0,STU25713,email,Medium,False,IT Support,Assigned,,False,,,,,,,,,72,2026-09-22 22:21:29,,False,False,,False,Saturday,2026-09-14,still open at export,False,False
TKT-101173,2026-09-19 17:01:38,2026-09-19 17:03:26,2026-09-21 04:21:48,,,0,False,,2026-09-20 17:03:26,Library,Library,2026-09-21 04:21:48,0.0,1,1,STU24542,portal,Medium,False,Library,In Progress,,False,0.03,35.306111111111115,0.0,,,,,,72,2026-09-22 17:01:38,,False,True,,False,Saturday,2026-09-14,still open at export,False,False
TKT-101174,2026-09-19 14:58:54,2026-09-19 15:10:08,2026-09-19 16:07:33,,,0,False,,,Hostel & Maintenance,Hostel & Maintenance,2026-09-19 16:07:33,0.0,2,1,STU24386,portal,Medium,False,Hostel & Maintenance,In Progress,,False,0.18722222222222223,0.9569444444444445,0.0,,,,,,72,2026-09-22 14:58:54,,False,False,,False,Saturday,2026-09-14,still open at export,False,False
TKT-101175,2026-09-19 13:43:49,2026-09-19 13:52:59,2026-09-19 14:49:05,,,0,False,,,Hostel & Maintenance,Hostel & Maintenance,2026-09-19 14:49:05,0.0,1,1,STU25754,portal,High,False,Hostel & Maintenance,In Progress,,False,0.1527777777777778,0.935,0.0,,,,,,24,2026-09-20 13:43:49,,False,False,,False,Saturday,2026-09-14,still open at export,False,True
TKT-101176,2026-09-19 08:15:36,2026-09-19 08:17:24,2026-09-19 15:17:11,,,0,False,,,Hostel & Maintenance,Hostel & Maintenance,2026-09-19 15:17:11,0.0,1,1,STU24194,portal,Low,False,Hostel & Maintenance,In Progress,,False,0.03,6.996388888888889,0.0,,,,,,120,2026-09-24 08:15:36,,False,False,,False,Saturday,2026-09-14,still open at export,False,False
TKT-101177,2026-09-19 10:51:11,2026-09-19 11:00:43,,,,0,False,,2026-09-20 11:00:43,Academics & Exams,Academics & Exams,,0.0,1,0,STU25409,portal,Medium,False,Academics & Exams,Assigned,,False,0.15888888888888889,,,,,,,,72,2026-09-22 10:51:11,,False,True,,False,Saturday,2026-09-14,still open at export,False,False
TKT-101178,2026-09-19 08:06:43,2026-09-19 10:41:45,2026-09-19 11:37:41,2026-09-19 18:45:27,2026-09-19 18:45:27,0,False,,,IT Support,IT Support,2026-09-19 11:37:41,4.044722222222222,0,1,STU25609,email,Medium,True,IT Support,Resolved,5.0,True,2.5838888888888887,0.9322222222222222,0.0,3.084722222222222,0.0,10.645555555555555,6.600833333333333,6.600833333333333,72,2026-09-22 08:06:43,1.0,False,False,,False,Saturday,2026-09-14,,True,False
TKT-101179,2026-09-19 21:08:06,,,,,0,False,,,,,,0.0,1,0,STU25049,email,Low,False,Library,Assigned,,False,,,,,,,,,120,2026-09-24 21:08:06,,False,False,,False,Saturday,2026-09-14,still open at export,False,False
TKT-101180,2026-09-19 09:51:24,2026-09-19 12:35:44,,,,0,False,,2026-09-20 12:35:44,Hostel & Maintenance,Hostel & Maintenance,,0.0,0,0,STU24764,email,Medium,False,Hostel & Maintenance,Assigned,,True,2.738888888888889,,,,,,,,72,2026-09-22 09:51:24,,False,True,,False,Saturday,2026-09-14,still open at export,False,False
TKT-101181,2026-09-19 10:54:33,2026-09-19 11:05:17,2026-09-19 12:04:04,2026-09-19 16:12:42,2026-09-19 16:12:42,0,False,,,IT Support,IT Support,2026-09-19 12:04:04,1.0255555555555556,0,1,STU25553,portal,Low,False,IT Support,Resolved,,False,0.17888888888888888,0.9797222222222223,0.0,3.1183333333333336,0.0,5.3025,4.276944444444444,4.276944444444444,120,2026-09-24 10:54:33,1.0,False,False,,False,Saturday,2026-09-14,,True,False
TKT-101182,2026-09-19 20:33:06,2026-09-19 20:37:21,2026-09-21 05:43:42,,,0,False,,2026-09-20 20:37:21,IT Support,IT Support,2026-09-21 05:43:42,0.0,1,1,STU24416,portal,Low,False,IT Support,In Progress,,False,0.07083333333333333,33.10583333333334,0.0,,,,,,120,2026-09-24 20:33:06,,False,True,,False,Saturday,2026-09-14,still open at export,False,False
TKT-101183,2026-09-19 16:24:07,2026-09-19 16:34:55,,,,0,False,,2026-09-20 16:34:55,Academics & Exams,Academics & Exams,,0.0,1,0,STU25144,portal,Medium,False,Academics & Exams,Assigned,,False,0.18,,,,,,,,72,2026-09-22 16:24:07,,False,True,,False,Saturday,2026-09-14,still open at export,False,False
TKT-101184,2026-09-19 19:50:34,2026-09-19 19:55:10,,,,0,False,,2026-09-20 19:55:10,IT Support,IT Support,,0.0,1,0,STU24452,portal,High,False,IT Support,Assigned,,False,0.07666666666666666,,,,,,,,24,2026-09-20 19:50:34,,False,True,,False,Saturday,2026-09-14,still open at export,False,True
TKT-101185,2026-09-19 10:22:23,2026-09-19 10:26:29,2026-09-19 11:59:53,,,0,False,,,IT Support,IT Support,2026-09-19 11:59:53,0.0,3,1,STU25240,walk_in,Medium,False,IT Support,In Progress,,False,0.06833333333333333,1.5566666666666666,0.0,,,,,,72,2026-09-22 10:22:23,,False,False,,False,Saturday,2026-09-14,still open at export,False,False
TKT-101186,2026-09-19 16:20:43,2026-09-19 16:30:54,,,,0,False,,2026-09-20 16:30:54,Academics & Exams,Academics & Exams,,0.0,1,0,STU25341,portal,High,False,Academics & Exams,Assigned,,False,0.16972222222222222,,,,,,,,24,2026-09-20 16:20:43,,False,True,,False,Saturday,2026-09-14,still open at export,False,True
TKT-101187,2026-09-19 14:04:04,2026-09-19 14:21:55,2026-09-21 05:17:26,,,0,False,,2026-09-20 14:21:55,IT Support,IT Support,2026-09-21 05:17:26,0.0,1,1,STU24559,email,Medium,True,IT Support,In Progress,,False,0.2975,38.92527777777778,0.0,,,,,,72,2026-09-22 14:04:04,,False,True,,False,Saturday,2026-09-14,still open at export,False,False
TKT-101188,2026-09-19 19:53:48,,,,,0,False,,,,,,0.0,0,0,STU25644,email,Medium,False,Hostel & Maintenance,Assigned,,False,,,,,,,,,72,2026-09-22 19:53:48,,False,False,,False,Saturday,2026-09-14,still open at export,False,False
TKT-101189,2026-09-20 21:10:46,2026-09-20 21:12:41,,,,0,False,,,Academics & Exams,Academics & Exams,,0.0,0,0,STU25047,portal,Medium,False,Academics & Exams,Assigned,,False,0.03194444444444444,,,,,,,,72,2026-09-23 21:10:46,,False,False,,False,Sunday,2026-09-14,still open at export,False,False
TKT-101190,2026-09-20 17:10:40,2026-09-20 17:24:38,,,,0,False,,,Hostel & Maintenance,Hostel & Maintenance,,0.0,0,0,STU24929,portal,Medium,False,Hostel & Maintenance,Assigned,,False,0.23277777777777778,,,,,,,,72,2026-09-23 17:10:40,,False,False,,False,Sunday,2026-09-14,still open at export,False,False
TKT-101191,2026-09-20 11:52:12,2026-09-20 11:53:32,,,,0,False,,,Library,Library,,0.0,0,0,STU25182,portal,Low,False,Library,Assigned,,False,0.022222222222222223,,,,,,,,120,2026-09-25 11:52:12,,False,False,,False,Sunday,2026-09-14,still open at export,False,False
TKT-101192,2026-09-20 13:51:55,2026-09-20 13:58:35,,,,0,False,,,Academics & Exams,Academics & Exams,,0.0,0,0,STU24706,portal,Medium,False,Academics & Exams,Assigned,,False,0.1111111111111111,,,,,,,,72,2026-09-23 13:51:55,,False,False,,False,Sunday,2026-09-14,still open at export,False,False
TKT-101193,2026-09-20 09:39:02,2026-09-20 09:47:26,,,,0,False,,,Academics & Exams,Academics & Exams,,0.0,0,0,STU24482,portal,Low,False,Academics & Exams,Assigned,,False,0.14,,,,,,,,120,2026-09-25 09:39:02,,False,False,,False,Sunday,2026-09-14,still open at export,False,False
TKT-101194,2026-09-20 18:27:56,2026-09-20 18:30:20,,,,0,False,,,Academics & Exams,Academics & Exams,,0.0,0,0,STU24824,portal,Medium,False,Academics & Exams,Assigned,,False,0.04,,,,,,,,72,2026-09-23 18:27:56,,False,False,,False,Sunday,2026-09-14,still open at export,False,False
TKT-101195,2026-09-20 07:20:12,2026-09-20 07:30:34,,,,0,False,,,Academics & Exams,Academics & Exams,,0.0,0,0,STU24743,portal,Medium,False,Academics & Exams,Assigned,,False,0.17277777777777778,,,,,,,,72,2026-09-23 07:20:12,,False,False,,False,Sunday,2026-09-14,still open at export,False,False
TKT-101196,2026-09-20 19:00:03,2026-09-20 19:01:42,,,,0,False,,,Academics & Exams,Academics & Exams,,0.0,0,0,STU25072,portal,High,False,Academics & Exams,Assigned,,False,0.0275,,,,,,,,24,2026-09-21 19:00:03,,False,False,,False,Sunday,2026-09-14,still open at export,False,False
TKT-101197,2026-09-20 20:15:33,2026-09-20 20:21:15,,,,0,False,,,IT Support,IT Support,,0.0,0,0,STU24845,portal,Medium,False,IT Support,Assigned,,False,0.095,,,,,,,,72,2026-09-23 20:15:33,,False,False,,False,Sunday,2026-09-14,still open at export,False,False
TKT-101198,2026-09-20 08:10:36,,,,,0,False,,,,,,0.0,0,0,STU24314,email,Low,False,Academics & Exams,Assigned,,False,,,,,,,,,120,2026-09-25 08:10:36,,False,False,,False,Sunday,2026-09-14,still open at export,False,False
TKT-101199,2026-09-20 08:33:23,,,,,0,False,,,,,,0.0,0,0,STU24580,portal,High,False,Unknown,Assigned,,False,,,,,,,,,24,2026-09-21 08:33:23,,False,False,,False,Sunday,2026-09-14,still open at export,False,False
TKT-101200,2026-09-20 00:22:40,,,,,0,False,,,,,,0.0,0,0,STU25661,portal,Medium,False,Fees & Finance,Assigned,,False,,,,,,,,,72,2026-09-23 00:22:40,,False,False,,False,Sunday,2026-09-14,still open at export,False,False
TKT-101201,2026-09-20 12:14:38,,,,,0,False,,,,,,0.0,1,0,STU24551,email,Medium,True,Hostel & Maintenance,Assigned,,False,,,,,,,,,72,2026-09-23 12:14:38,,False,False,,False,Sunday,2026-09-14,still open at export,False,False
TKT-101202,2026-09-20 14:38:39,2026-09-20 14:51:00,,,,0,False,,,IT Support,IT Support,,0.0,0,0,STU24127,portal,High,False,IT Support,Assigned,,False,0.20583333333333334,,,,,,,,24,2026-09-21 14:38:39,,False,False,,False,Sunday,2026-09-14,still open at export,False,False
TKT-101203,2026-09-20 21:51:51,,,,,0,False,,,,,,0.0,0,0,STU25015,email,Medium,True,Library,Assigned,,False,,,,,,,,,72,2026-09-23 21:51:51,,False,False,,False,Sunday,2026-09-14,still open at export,False,False
TKT-101204,2026-09-20 17:36:54,2026-09-20 17:46:10,,,,0,False,,,IT Support,IT Support,,0.0,0,0,STU24151,portal,Medium,False,IT Support,Assigned,,False,0.15444444444444444,,,,,,,,72,2026-09-23 17:36:54,,False,False,,False,Sunday,2026-09-14,still open at export,False,False
TKT-101205,2026-09-20 12:49:09,,,,,0,False,,,,,,0.0,0,0,STU24445,email,Medium,False,Hostel & Maintenance,Assigned,,False,,,,,,,,,72,2026-09-23 12:49:09,,False,False,,False,Sunday,2026-09-14,still open at export,False,False
TKT-101206,2026-09-20 13:08:17,2026-09-20 13:12:32,,,,0,False,,,Library,Library,,0.0,0,0,STU25754,portal,Medium,False,Library,Assigned,,False,0.07083333333333333,,,,,,,,72,2026-09-23 13:08:17,,False,False,,False,Sunday,2026-09-14,still open at export,False,False
TKT-101207,2026-09-20 21:48:46,2026-09-20 21:50:43,,,,0,False,,,IT Support,IT Support,,0.0,0,0,STU25277,portal,Low,False,IT Support,Assigned,,False,0.0325,,,,,,,,120,2026-09-25 21:48:46,,False,False,,False,Sunday,2026-09-14,still open at export,False,False
TKT-101208,2026-09-20 19:07:57,2026-09-20 19:20:37,,,,0,False,,,IT Support,IT Support,,0.0,0,0,STU25142,portal,Low,False,IT Support,Assigned,,False,0.2111111111111111,,,,,,,,120,2026-09-25 19:07:57,,False,False,,False,Sunday,2026-09-14,still open at export,False,False
TKT-101209,2026-08-13 15:37:00,,,,,0,False,,,,,,0.0,0,0,STU25334,email,Medium,True,Fees & Finance,Cancelled,,False,,,,,,,,,72,2026-08-16 15:37:00,,False,False,,False,Thursday,2026-08-10,cancelled / duplicate submission,False,False
TKT-101210,2026-08-30 09:41:34,,,,,0,False,,,,,,0.0,0,0,STU25550,portal,Low,False,Academics & Exams,Cancelled,,False,,,,,,,,,120,2026-09-04 09:41:34,,False,False,,False,Sunday,2026-08-24,cancelled / duplicate submission,False,False
TKT-101211,2026-09-06 19:11:00,,,,,0,False,,,,,,0.0,0,0,STU25460,email,Low,False,IT Support,Cancelled,,False,,,,,,,,,120,2026-09-11 19:11:00,,False,False,,False,Sunday,2026-08-31,cancelled / duplicate submission,False,False
TKT-101212,2026-08-10 21:24:40,,,,,0,False,,,,,,0.0,0,0,STU24837,portal,Low,False,IT Support,Cancelled,,False,,,,,,,,,120,2026-08-15 21:24:40,,False,False,,False,Monday,2026-08-10,cancelled / duplicate submission,False,False
TKT-101213,2026-09-06 18:25:00,,,,,0,False,,,,,,0.0,0,0,STU24220,email,Medium,True,Library,Cancelled,,False,,,,,,,,,72,2026-09-09 18:25:00,,False,False,,False,Sunday,2026-08-31,cancelled / duplicate submission,False,False
TKT-101214,2026-08-11 15:38:00,,,,,0,False,,,,,,0.0,0,0,STU25464,email,Medium,True,IT Support,Cancelled,,False,,,,,,,,,72,2026-08-14 15:38:00,,False,False,,False,Tuesday,2026-08-10,cancelled / duplicate submission,False,False
TKT-101215,2026-09-16 18:37:46,,,,,0,False,,,,,,0.0,0,0,STU24359,portal,Low,False,Academics & Exams,Cancelled,,False,,,,,,,,,120,2026-09-21 18:37:46,,False,False,,False,Wednesday,2026-09-14,cancelled / duplicate submission,False,False
TKT-101216,2026-09-19 10:56:33,,,,,0,False,,,,,,0.0,0,0,STU25553,portal,Low,False,IT Support,Cancelled,,False,,,,,,,,,120,2026-09-24 10:56:33,,False,False,,False,Saturday,2026-09-14,cancelled / duplicate submission,False,False
TKT-101217,2026-09-11 15:12:22,,,,,0,False,,,,,,0.0,0,0,STU24201,portal,High,False,IT Support,Cancelled,,False,,,,,,,,,24,2026-09-12 15:12:22,,False,False,,False,Friday,2026-09-07,cancelled / duplicate submission,False,False
TKT-101218,2026-07-28 22:36:00,,,,,0,False,,,,,,0.0,0,0,STU24271,email,Medium,False,Hostel & Maintenance,Cancelled,,False,,,,,,,,,72,2026-07-31 22:36:00,,False,False,,False,Tuesday,2026-07-27,cancelled / duplicate submission,False,False
TKT-101219,2026-09-11 15:21:30,,,,,0,False,,,,,,0.0,0,0,STU24483,email,Medium,False,IT Support,Cancelled,,False,,,,,,,,,72,2026-09-14 15:21:30,,False,False,,False,Friday,2026-09-07,cancelled / duplicate submission,False,False
TKT-101220,2026-09-16 11:26:04,,,,,0,False,,,,,,0.0,0,0,STU25748,walk_in,Medium,False,IT Support,Cancelled,,False,,,,,,,,,72,2026-09-19 11:26:04,,False,False,,False,Wednesday,2026-09-14,cancelled / duplicate submission,False,False
TKT-101221,2026-07-28 23:50:31,,,,,0,False,,,,,,0.0,0,0,STU25582,portal,High,False,Hostel & Maintenance,Cancelled,,False,,,,,,,,,24,2026-07-29 23:50:31,,False,False,,False,Tuesday,2026-07-27,cancelled / duplicate submission,False,False
TKT-101222,2026-08-24 14:09:52,,,,,0,False,,,,,,0.0,0,0,STU24232,portal,Low,False,Library,Cancelled,,False,,,,,,,,,120,2026-08-29 14:09:52,,False,False,,False,Monday,2026-08-24,cancelled / duplicate submission,False,False
TKT-101223,2026-09-03 09:42:03,,,,,0,False,,,,,,0.0,0,0,STU25015,portal,Medium,False,Library,Cancelled,,False,,,,,,,,,72,2026-09-06 09:42:03,,False,False,,False,Thursday,2026-08-31,cancelled / duplicate submission,False,False
TKT-101224,2026-09-01 10:42:57,,,,,0,False,,,,,,0.0,0,0,STU24976,email,Low,False,Library,Cancelled,,False,,,,,,,,,120,2026-09-06 10:42:57,,False,False,,False,Tuesday,2026-08-31,cancelled / duplicate submission,False,False
TKT-101225,2026-09-04 15:40:39,,,,,0,False,,,,,,0.0,0,0,STU25759,portal,Low,False,Academics & Exams,Cancelled,,False,,,,,,,,,120,2026-09-09 15:40:39,,False,False,,False,Friday,2026-08-31,cancelled / duplicate submission,False,False
TKT-101226,2026-08-03 22:28:30,,,,,0,False,,,,,,0.0,0,0,STU25482,portal,Low,False,IT Support,Cancelled,,False,,,,,,,,,120,2026-08-08 22:28:30,,False,False,,False,Monday,2026-08-03,cancelled / duplicate submission,False,False
TKT-101227,2026-09-20 19:12:57,,,,,0,False,,,,,,0.0,0,0,STU25142,portal,Low,False,IT Support,Cancelled,,False,,,,,,,,,120,2026-09-25 19:12:57,,False,False,,False,Sunday,2026-09-14,cancelled / duplicate submission,False,False
TKT-101228,2026-08-24 15:04:39,,,,,0,False,,,,,,0.0,0,0,STU25612,email,Low,False,IT Support,Cancelled,,False,,,,,,,,,120,2026-08-29 15:04:39,,False,False,,False,Monday,2026-08-24,cancelled / duplicate submission,False,False
TKT-101229,2026-08-31 17:04:00,,,,,0,False,,,,,,0.0,0,0,STU25436,email,High,False,Library,Cancelled,,False,,,,,,,,,24,2026-09-01 17:04:00,,False,False,,False,Monday,2026-08-31,cancelled / duplicate submission,False,False
TKT-101230,2026-08-06 00:58:34,,,,,0,False,,,,,,0.0,0,0,STU24399,portal,Medium,False,Academics & Exams,Cancelled,,False,,,,,,,,,72,2026-08-09 00:58:34,,False,False,,False,Thursday,2026-08-03,cancelled / duplicate submission,False,False
